[    3178ms] [WARNING] NG0912: Component ID generation collision detected. Components 'ListItemAddButtonComponent' and 'ListItemAddButtonComponent' with selector 'sh-list-item-add-button' generated the same component ID. To fix this, you can change the selector of one of those components or add an extra host attribute to force a different ID. Find more at https://v21.angular.dev/errors/NG0912 @ http://localhost:4200/@vite/client:509
[    3193ms] [WARNING] NG0912: Component ID generation collision detected. Components 'JsonNodeComponent' and 'JsonNodeComponent' with selector 'sh-json-node' generated the same component ID. To fix this, you can change the selector of one of those components or add an extra host attribute to force a different ID. Find more at https://v21.angular.dev/errors/NG0912 @ http://localhost:4200/@vite/client:509
[    3285ms] [WARNING] NG0912: Component ID generation collision detected. Components 'GoToCellRendererComponent' and 'GoToCellRendererComponent' with selector 'sh-go-to-cell-renderer' generated the same component ID. To fix this, you can change the selector of one of those components or add an extra host attribute to force a different ID. Find more at https://v21.angular.dev/errors/NG0912 @ http://localhost:4200/@vite/client:509
[    3412ms] [WARNING] NG0912: Component ID generation collision detected. Components 'CopyButtonComponent' and 'CopyButtonComponent' with selector 'sh-copy-button' generated the same component ID. To fix this, you can change the selector of one of those components or add an extra host attribute to force a different ID. Find more at https://v21.angular.dev/errors/NG0912 @ http://localhost:4200/@vite/client:509
[    3455ms] [WARNING] The Angular Material version (16.2.12) does not match the Angular CDK version (21.2.3).
Please ensure the versions of these two packages exactly match. @ http://localhost:4200/@vite/client:509
[    3947ms] [LOG] Angular is running in development mode. @ http://localhost:4200/@fs/Users/peleg.katz/Desktop/cx-web-workspace/node_modules/.vite/web-app-oxc/deps/core-C_tCcvTE.js?v=c8e720dd:8810
[    4115ms] [ERROR] Missing translation for Team name @ http://localhost:4200/@vite/client:509
[    6107ms] [WARNING] NG0912: Component ID generation collision detected. Components 'ListItemAddButtonComponent' and 'ListItemAddButtonComponent' with selector 'sh-list-item-add-button' generated the same component ID. To fix this, you can change the selector of one of those components or add an extra host attribute to force a different ID. Find more at https://v21.angular.dev/errors/NG0912 @ http://localhost:4200/@vite/client:509
[    6115ms] [WARNING] NG0912: Component ID generation collision detected. Components 'JsonNodeComponent' and 'JsonNodeComponent' with selector 'sh-json-node' generated the same component ID. To fix this, you can change the selector of one of those components or add an extra host attribute to force a different ID. Find more at https://v21.angular.dev/errors/NG0912 @ http://localhost:4200/@vite/client:509
[    6155ms] [WARNING] NG0912: Component ID generation collision detected. Components 'GoToCellRendererComponent' and 'GoToCellRendererComponent' with selector 'sh-go-to-cell-renderer' generated the same component ID. To fix this, you can change the selector of one of those components or add an extra host attribute to force a different ID. Find more at https://v21.angular.dev/errors/NG0912 @ http://localhost:4200/@vite/client:509
[    6210ms] [WARNING] NG0912: Component ID generation collision detected. Components 'CopyButtonComponent' and 'CopyButtonComponent' with selector 'sh-copy-button' generated the same component ID. To fix this, you can change the selector of one of those components or add an extra host attribute to force a different ID. Find more at https://v21.angular.dev/errors/NG0912 @ http://localhost:4200/@vite/client:509
[    6228ms] [WARNING] The Angular Material version (16.2.12) does not match the Angular CDK version (21.2.3).
Please ensure the versions of these two packages exactly match. @ http://localhost:4200/@vite/client:509
[    6570ms] [LOG] Angular is running in development mode. @ http://localhost:4200/@fs/Users/peleg.katz/Desktop/cx-web-workspace/node_modules/.vite/web-app-oxc/deps/core-C_tCcvTE.js?v=c8e720dd:8810
[   31211ms] [ERROR] [LoginFormV2] Authentication failed: Error: Could not verify user reCAPTCHA: browser-error
    at http://localhost:4200/@fs/Users/peleg.katz/Desktop/cx-web-workspace/libs/auth/src/lib/shared/services/v2-flows/password-flow.provider.ts:16:16
    at http://localhost:4200/@fs/Users/peleg.katz/Desktop/cx-web-workspace/node_modules/.vite/web-app-oxc/deps/zipWith-DKneWveS.js?v=c8e720dd:1576:28
    at OperatorSubscriber._this._next (http://localhost:4200/@fs/Users/peleg.katz/Desktop/cx-web-workspace/node_modules/.vite/web-app-oxc/deps/zipWith-DKneWveS.js?v=c8e720dd:511:5)
    at Subscriber.next (http://localhost:4200/@fs/Users/peleg.katz/Desktop/cx-web-workspace/node_modules/.vite/web-app-oxc/deps/zipWith-DKneWveS.js?v=c8e720dd:242:13)
    at Subscriber._next (http://localhost:4200/@fs/Users/peleg.katz/Desktop/cx-web-workspace/node_modules/.vite/web-app-oxc/deps/zipWith-DKneWveS.js?v=c8e720dd:266:20)
    at Subscriber.next (http://localhost:4200/@fs/Users/peleg.katz/Desktop/cx-web-workspace/node_modules/.vite/web-app-oxc/deps/zipWith-DKneWveS.js?v=c8e720dd:242:13)
    at http://localhost:4200/@fs/Users/peleg.katz/Desktop/cx-web-workspace/node_modules/.vite/web-app-oxc/deps/zipWith-DKneWveS.js?v=c8e720dd:1576:15
    at OperatorSubscriber._this._next (http://localhost:4200/@fs/Users/peleg.katz/Desktop/cx-web-workspace/node_modules/.vite/web-app-oxc/deps/zipWith-DKneWveS.js?v=c8e720dd:511:5)
    at Subscriber.next (http://localhost:4200/@fs/Users/peleg.katz/Desktop/cx-web-workspace/node_modules/.vite/web-app-oxc/deps/zipWith-DKneWveS.js?v=c8e720dd:242:13)
    at http://localhost:4200/@fs/Users/peleg.katz/Desktop/cx-web-workspace/node_modules/.vite/web-app-oxc/deps/zipWith-DKneWveS.js?v=c8e720dd:1185:16 @ http://localhost:4200/@vite/client:509
[   50175ms] [WARNING] NG0912: Component ID generation collision detected. Components 'ListItemAddButtonComponent' and 'ListItemAddButtonComponent' with selector 'sh-list-item-add-button' generated the same component ID. To fix this, you can change the selector of one of those components or add an extra host attribute to force a different ID. Find more at https://v21.angular.dev/errors/NG0912 @ http://localhost:4200/@vite/client:509
[   50182ms] [WARNING] NG0912: Component ID generation collision detected. Components 'JsonNodeComponent' and 'JsonNodeComponent' with selector 'sh-json-node' generated the same component ID. To fix this, you can change the selector of one of those components or add an extra host attribute to force a different ID. Find more at https://v21.angular.dev/errors/NG0912 @ http://localhost:4200/@vite/client:509
[   50217ms] [WARNING] NG0912: Component ID generation collision detected. Components 'GoToCellRendererComponent' and 'GoToCellRendererComponent' with selector 'sh-go-to-cell-renderer' generated the same component ID. To fix this, you can change the selector of one of those components or add an extra host attribute to force a different ID. Find more at https://v21.angular.dev/errors/NG0912 @ http://localhost:4200/@vite/client:509
[   50272ms] [WARNING] NG0912: Component ID generation collision detected. Components 'CopyButtonComponent' and 'CopyButtonComponent' with selector 'sh-copy-button' generated the same component ID. To fix this, you can change the selector of one of those components or add an extra host attribute to force a different ID. Find more at https://v21.angular.dev/errors/NG0912 @ http://localhost:4200/@vite/client:509
[   50293ms] [WARNING] The Angular Material version (16.2.12) does not match the Angular CDK version (21.2.3).
Please ensure the versions of these two packages exactly match. @ http://localhost:4200/@vite/client:509
[   50407ms] [LOG] Angular is running in development mode. @ http://localhost:4200/@fs/Users/peleg.katz/Desktop/cx-web-workspace/node_modules/.vite/web-app-oxc/deps/core-C_tCcvTE.js?v=c8e720dd:8810
[   59437ms] [ERROR] [LoginFormV2] Authentication failed: Error: Invalid credentials
    at http://localhost:4200/@fs/Users/peleg.katz/Desktop/cx-web-workspace/libs/auth/src/lib/shared/services/v2-flows/password-flow.provider.ts:16:16
    at http://localhost:4200/@fs/Users/peleg.katz/Desktop/cx-web-workspace/node_modules/.vite/web-app-oxc/deps/zipWith-DKneWveS.js?v=c8e720dd:1576:28
    at OperatorSubscriber._this._next (http://localhost:4200/@fs/Users/peleg.katz/Desktop/cx-web-workspace/node_modules/.vite/web-app-oxc/deps/zipWith-DKneWveS.js?v=c8e720dd:511:5)
    at Subscriber.next (http://localhost:4200/@fs/Users/peleg.katz/Desktop/cx-web-workspace/node_modules/.vite/web-app-oxc/deps/zipWith-DKneWveS.js?v=c8e720dd:242:13)
    at Subscriber._next (http://localhost:4200/@fs/Users/peleg.katz/Desktop/cx-web-workspace/node_modules/.vite/web-app-oxc/deps/zipWith-DKneWveS.js?v=c8e720dd:266:20)
    at Subscriber.next (http://localhost:4200/@fs/Users/peleg.katz/Desktop/cx-web-workspace/node_modules/.vite/web-app-oxc/deps/zipWith-DKneWveS.js?v=c8e720dd:242:13)
    at http://localhost:4200/@fs/Users/peleg.katz/Desktop/cx-web-workspace/node_modules/.vite/web-app-oxc/deps/zipWith-DKneWveS.js?v=c8e720dd:1576:15
    at OperatorSubscriber._this._next (http://localhost:4200/@fs/Users/peleg.katz/Desktop/cx-web-workspace/node_modules/.vite/web-app-oxc/deps/zipWith-DKneWveS.js?v=c8e720dd:511:5)
    at Subscriber.next (http://localhost:4200/@fs/Users/peleg.katz/Desktop/cx-web-workspace/node_modules/.vite/web-app-oxc/deps/zipWith-DKneWveS.js?v=c8e720dd:242:13)
    at http://localhost:4200/@fs/Users/peleg.katz/Desktop/cx-web-workspace/node_modules/.vite/web-app-oxc/deps/zipWith-DKneWveS.js?v=c8e720dd:1185:16 @ http://localhost:4200/@vite/client:509
[   82504ms] [WARNING] NG0912: Component ID generation collision detected. Components 'ListItemAddButtonComponent' and 'ListItemAddButtonComponent' with selector 'sh-list-item-add-button' generated the same component ID. To fix this, you can change the selector of one of those components or add an extra host attribute to force a different ID. Find more at https://v21.angular.dev/errors/NG0912 @ http://c4c.localhost:4200/@vite/client:509
[   82519ms] [WARNING] NG0912: Component ID generation collision detected. Components 'JsonNodeComponent' and 'JsonNodeComponent' with selector 'sh-json-node' generated the same component ID. To fix this, you can change the selector of one of those components or add an extra host attribute to force a different ID. Find more at https://v21.angular.dev/errors/NG0912 @ http://c4c.localhost:4200/@vite/client:509
[   82604ms] [WARNING] NG0912: Component ID generation collision detected. Components 'GoToCellRendererComponent' and 'GoToCellRendererComponent' with selector 'sh-go-to-cell-renderer' generated the same component ID. To fix this, you can change the selector of one of those components or add an extra host attribute to force a different ID. Find more at https://v21.angular.dev/errors/NG0912 @ http://c4c.localhost:4200/@vite/client:509
[   82725ms] [WARNING] NG0912: Component ID generation collision detected. Components 'CopyButtonComponent' and 'CopyButtonComponent' with selector 'sh-copy-button' generated the same component ID. To fix this, you can change the selector of one of those components or add an extra host attribute to force a different ID. Find more at https://v21.angular.dev/errors/NG0912 @ http://c4c.localhost:4200/@vite/client:509
[   82763ms] [WARNING] The Angular Material version (16.2.12) does not match the Angular CDK version (21.2.3).
Please ensure the versions of these two packages exactly match. @ http://c4c.localhost:4200/@vite/client:509
[   82861ms] [LOG] Angular is running in development mode. @ http://c4c.localhost:4200/@fs/Users/peleg.katz/Desktop/cx-web-workspace/node_modules/.vite/web-app-oxc/deps/core-C_tCcvTE.js?v=c8e720dd:8810
[   84779ms] [WARNING] The Angular Material version (16.2.12) does not match the Angular CDK version (21.2.3).
Please ensure the versions of these two packages exactly match. @ http://c4c.localhost:4200/@vite/client:509
[   84802ms] [WARNING] You're using the Dev service for Livetail. No actual subscription will be made. @ http://c4c.localhost:4200/@vite/client:509
[   85345ms] [WARNING] dataprime-skip-schema-frequent-search-dataset-remapping does not exist in the feature flags list @ http://c4c.localhost:4200/@vite/client:509
[   85347ms] [WARNING] dataprime-skip-schema-frequent-search-dataset-remapping does not exist in the feature flags list @ http://c4c.localhost:4200/@vite/client:509
[   86181ms] [WARNING] AG Grid: invalid gridOptions property 'multiExpand' did you mean any of these: groupDefaultExpanded, pivotDefaultExpanded, defaultCsvExportParams, defaultExcelExportParams, serverSidePivotResultFieldSeparator, suppressLastEmptyLineOnPaste, suppressExpandablePivotGroups, suppressModelUpdateAfterUpdateTransaction.
If you are trying to annotate gridOptions with application data, use the 'gridOptions.context' property instead. @ http://c4c.localhost:4200/@vite/client:509
[   86182ms] [WARNING] AG Grid: invalid gridOptions property 'expandableRowStyles' did you mean any of these: suppressExpandablePivotGroups, onAdvancedFilterBuilderVisibleChanged, excelStyles, enableBrowserTooltips, suppressPreventDefaultOnMouseWheel, enableRtl, suppressMaxRenderedRowRestriction, excludeChildrenWhenTreeDataFiltering.
If you are trying to annotate gridOptions with application data, use the 'gridOptions.context' property instead. @ http://c4c.localhost:4200/@vite/client:509
[   86182ms] [WARNING] AG Grid: to see all the valid gridOptions properties please check: https://www.ag-grid.com/angular-data-grid/grid-options/ @ http://c4c.localhost:4200/@vite/client:509
[   86182ms] [WARNING] AG Grid: As of version 32.2.1, using `rowSelection` with the values "single" or "multiple" has been deprecated. Use the object value instead. @ http://c4c.localhost:4200/@vite/client:509
[   86182ms] [WARNING] AG Grid: As of v32.2, suppressRowClickSelection is deprecated. Use `rowSelection.enableClickSelection` instead. @ http://c4c.localhost:4200/@vite/client:509
[   86411ms] [WARNING] dataprime-skip-schema-frequent-search-dataset-remapping does not exist in the feature flags list @ http://c4c.localhost:4200/@vite/client:509
[   86849ms] [WARNING] You're using the Dev service for Livetail. No actual subscription will be made. @ http://c4c.localhost:4200/@vite/client:509
[   92829ms] [WARNING] WARNING: sanitizing HTML stripped some content, see https://angular.dev/best-practices/security#preventing-cross-site-scripting-xss @ http://c4c.localhost:4200/@vite/client:509
[  829800ms] [LOG] [vite] server connection lost. Polling for restart... @ http://c4c.localhost:4200/@vite/client:968
[  829810ms] [ERROR] Failed to load resource: net::ERR_NETWORK_IO_SUSPENDED @ https://clientstream.launchdarkly.com/eval/63be894237c74b13583a2c37/eyJhbm9ueW1vdXMiOmZhbHNlLCJrZXkiOiJjNGMiLCJlbWFpbCI6ImJvdEBjb3JhbG9naXguY29tIiwiY3VzdG9tIjp7ImVudiI6InN0YWdpbmciLCJjb21wYW55TmFtZSI6ImM0YyIsInVzZXJJZCI6IjEwODIxZTQwLTIyZjQtNGEwMi04ODE3LTA1ZDdmNTJia3NmMiIsImNvbXBhbnlJZCI6NTU1NTg1fX0:0
[  833527ms] [WARNING] NG0912: Component ID generation collision detected. Components 'ListItemAddButtonComponent' and 'ListItemAddButtonComponent' with selector 'sh-list-item-add-button' generated the same component ID. To fix this, you can change the selector of one of those components or add an extra host attribute to force a different ID. Find more at https://v21.angular.dev/errors/NG0912 @ http://c4c.localhost:4200/@vite/client:509
[  833546ms] [WARNING] NG0912: Component ID generation collision detected. Components 'JsonNodeComponent' and 'JsonNodeComponent' with selector 'sh-json-node' generated the same component ID. To fix this, you can change the selector of one of those components or add an extra host attribute to force a different ID. Find more at https://v21.angular.dev/errors/NG0912 @ http://c4c.localhost:4200/@vite/client:509
[  833810ms] [WARNING] NG0912: Component ID generation collision detected. Components 'GoToCellRendererComponent' and 'GoToCellRendererComponent' with selector 'sh-go-to-cell-renderer' generated the same component ID. To fix this, you can change the selector of one of those components or add an extra host attribute to force a different ID. Find more at https://v21.angular.dev/errors/NG0912 @ http://c4c.localhost:4200/@vite/client:509
[  834129ms] [WARNING] NG0912: Component ID generation collision detected. Components 'CopyButtonComponent' and 'CopyButtonComponent' with selector 'sh-copy-button' generated the same component ID. To fix this, you can change the selector of one of those components or add an extra host attribute to force a different ID. Find more at https://v21.angular.dev/errors/NG0912 @ http://c4c.localhost:4200/@vite/client:509
[  834220ms] [WARNING] The Angular Material version (16.2.12) does not match the Angular CDK version (21.2.3).
Please ensure the versions of these two packages exactly match. @ http://c4c.localhost:4200/@vite/client:509
[  835711ms] [LOG] Angular is running in development mode. @ http://c4c.localhost:4200/@fs/Users/peleg.katz/Desktop/cx-web-workspace/node_modules/.vite/web-app-oxc/deps/core-C_tCcvTE.js?v=c8e720dd:8810
[  845852ms] [ERROR] cx-olly does not exist at Launchdarkly, make sure to add it or remove relative code @ http://c4c.localhost:4200/@vite/client:509
[  845852ms] [ERROR] grpc-interceptor-tool does not exist at Launchdarkly, make sure to add it or remove relative code @ http://c4c.localhost:4200/@vite/client:509
[  846287ms] [WARNING] The Angular Material version (16.2.12) does not match the Angular CDK version (21.2.3).
Please ensure the versions of these two packages exactly match. @ http://c4c.localhost:4200/@vite/client:509
[  846319ms] [WARNING] You're using the Dev service for Livetail. No actual subscription will be made. @ http://c4c.localhost:4200/@vite/client:509
[  847123ms] [INFO] [Intercom] Launcher is disabled in settings or current page does not match display conditions @ https://js.intercomcdn.com/frame-modern.1eb85609.js:0
[  847208ms] [WARNING] AG Grid: invalid gridOptions property 'multiExpand' did you mean any of these: groupDefaultExpanded, pivotDefaultExpanded, defaultCsvExportParams, defaultExcelExportParams, serverSidePivotResultFieldSeparator, suppressLastEmptyLineOnPaste, suppressExpandablePivotGroups, suppressModelUpdateAfterUpdateTransaction.
If you are trying to annotate gridOptions with application data, use the 'gridOptions.context' property instead. @ http://c4c.localhost:4200/@vite/client:509
[  847209ms] [WARNING] AG Grid: invalid gridOptions property 'expandableRowStyles' did you mean any of these: suppressExpandablePivotGroups, onAdvancedFilterBuilderVisibleChanged, excelStyles, enableBrowserTooltips, suppressPreventDefaultOnMouseWheel, enableRtl, suppressMaxRenderedRowRestriction, excludeChildrenWhenTreeDataFiltering.
If you are trying to annotate gridOptions with application data, use the 'gridOptions.context' property instead. @ http://c4c.localhost:4200/@vite/client:509
[  847209ms] [WARNING] AG Grid: to see all the valid gridOptions properties please check: https://www.ag-grid.com/angular-data-grid/grid-options/ @ http://c4c.localhost:4200/@vite/client:509
[  847209ms] [WARNING] AG Grid: As of version 32.2.1, using `rowSelection` with the values "single" or "multiple" has been deprecated. Use the object value instead. @ http://c4c.localhost:4200/@vite/client:509
[  847209ms] [WARNING] AG Grid: As of v32.2, suppressRowClickSelection is deprecated. Use `rowSelection.enableClickSelection` instead. @ http://c4c.localhost:4200/@vite/client:509
[  847658ms] [WARNING] dataprime-skip-schema-frequent-search-dataset-remapping does not exist in the feature flags list @ http://c4c.localhost:4200/@vite/client:509
[  847660ms] [WARNING] dataprime-skip-schema-frequent-search-dataset-remapping does not exist in the feature flags list @ http://c4c.localhost:4200/@vite/client:509
[  848323ms] [WARNING] You're using the Dev service for Livetail. No actual subscription will be made. @ http://c4c.localhost:4200/@vite/client:509
[  848700ms] [WARNING] dataprime-skip-schema-frequent-search-dataset-remapping does not exist in the feature flags list @ http://c4c.localhost:4200/@vite/client:509
[  852815ms] [WARNING] WARNING: sanitizing HTML stripped some content, see https://angular.dev/best-practices/security#preventing-cross-site-scripting-xss @ http://c4c.localhost:4200/@vite/client:509
[  856873ms] [ERROR] Failed to load resource: net::ERR_NETWORK_CHANGED @ https://clientstream.launchdarkly.com/eval/63be894237c74b13583a2c37/eyJhbm9ueW1vdXMiOnRydWUsImtleSI6ImFub255bW91c1VzZXJLZXkiLCJjdXN0b20iOnsiZW52Ijoic3RhZ2luZyIsImNvbXBhbnlOYW1lIjoiYzRjIn19:0
[  856873ms] [ERROR] Failed to load resource: net::ERR_NETWORK_CHANGED @ https://clientstream.launchdarkly.com/eval/63be894237c74b13583a2c37/eyJhbm9ueW1vdXMiOmZhbHNlLCJrZXkiOiJjNGMiLCJlbWFpbCI6ImJvdEBjb3JhbG9naXguY29tIiwiY3VzdG9tIjp7ImVudiI6InN0YWdpbmciLCJjb21wYW55TmFtZSI6ImM0YyIsInVzZXJJZCI6IjEwODIxZTQwLTIyZjQtNGEwMi04ODE3LTA1ZDdmNTJia3NmMiIsImNvbXBhbnlJZCI6NTU1NTg1fX0:0
[  953316ms] [LOG] [vite] server connection lost. Polling for restart... @ http://c4c.localhost:4200/@vite/client:968
[  953319ms] [ERROR] Failed to load resource: net::ERR_NETWORK_IO_SUSPENDED @ https://clientstream.launchdarkly.com/eval/63be894237c74b13583a2c37/eyJhbm9ueW1vdXMiOnRydWUsImtleSI6ImFub255bW91c1VzZXJLZXkiLCJjdXN0b20iOnsiZW52Ijoic3RhZ2luZyIsImNvbXBhbnlOYW1lIjoiYzRjIn19:0
[  953319ms] [ERROR] Failed to load resource: net::ERR_NETWORK_IO_SUSPENDED @ https://clientstream.launchdarkly.com/eval/63be894237c74b13583a2c37/eyJhbm9ueW1vdXMiOmZhbHNlLCJrZXkiOiJjNGMiLCJlbWFpbCI6ImJvdEBjb3JhbG9naXguY29tIiwiY3VzdG9tIjp7ImVudiI6InN0YWdpbmciLCJjb21wYW55TmFtZSI6ImM0YyIsInVzZXJJZCI6IjEwODIxZTQwLTIyZjQtNGEwMi04ODE3LTA1ZDdmNTJia3NmMiIsImNvbXBhbnlJZCI6NTU1NTg1fX0:0
[  956766ms] [WARNING] NG0912: Component ID generation collision detected. Components 'ListItemAddButtonComponent' and 'ListItemAddButtonComponent' with selector 'sh-list-item-add-button' generated the same component ID. To fix this, you can change the selector of one of those components or add an extra host attribute to force a different ID. Find more at https://v21.angular.dev/errors/NG0912 @ http://c4c.localhost:4200/@vite/client:509
[  956779ms] [WARNING] NG0912: Component ID generation collision detected. Components 'JsonNodeComponent' and 'JsonNodeComponent' with selector 'sh-json-node' generated the same component ID. To fix this, you can change the selector of one of those components or add an extra host attribute to force a different ID. Find more at https://v21.angular.dev/errors/NG0912 @ http://c4c.localhost:4200/@vite/client:509
[  956848ms] [WARNING] NG0912: Component ID generation collision detected. Components 'GoToCellRendererComponent' and 'GoToCellRendererComponent' with selector 'sh-go-to-cell-renderer' generated the same component ID. To fix this, you can change the selector of one of those components or add an extra host attribute to force a different ID. Find more at https://v21.angular.dev/errors/NG0912 @ http://c4c.localhost:4200/@vite/client:509
[  956996ms] [WARNING] NG0912: Component ID generation collision detected. Components 'CopyButtonComponent' and 'CopyButtonComponent' with selector 'sh-copy-button' generated the same component ID. To fix this, you can change the selector of one of those components or add an extra host attribute to force a different ID. Find more at https://v21.angular.dev/errors/NG0912 @ http://c4c.localhost:4200/@vite/client:509
[  957068ms] [WARNING] The Angular Material version (16.2.12) does not match the Angular CDK version (21.2.3).
Please ensure the versions of these two packages exactly match. @ http://c4c.localhost:4200/@vite/client:509
[  958505ms] [LOG] Angular is running in development mode. @ http://c4c.localhost:4200/@fs/Users/peleg.katz/Desktop/cx-web-workspace/node_modules/.vite/web-app-oxc/deps/core-C_tCcvTE.js?v=c8e720dd:8810
[  969221ms] [WARNING] The Angular Material version (16.2.12) does not match the Angular CDK version (21.2.3).
Please ensure the versions of these two packages exactly match. @ http://c4c.localhost:4200/@vite/client:509
[  969249ms] [WARNING] You're using the Dev service for Livetail. No actual subscription will be made. @ http://c4c.localhost:4200/@vite/client:509
[  971250ms] [WARNING] You're using the Dev service for Livetail. No actual subscription will be made. @ http://c4c.localhost:4200/@vite/client:509
[  973461ms] [WARNING] dataprime-skip-schema-frequent-search-dataset-remapping does not exist in the feature flags list @ http://c4c.localhost:4200/@vite/client:509
[  973462ms] [WARNING] dataprime-skip-schema-frequent-search-dataset-remapping does not exist in the feature flags list @ http://c4c.localhost:4200/@vite/client:509
[  973771ms] [WARNING] AG Grid: invalid gridOptions property 'multiExpand' did you mean any of these: groupDefaultExpanded, pivotDefaultExpanded, defaultCsvExportParams, defaultExcelExportParams, serverSidePivotResultFieldSeparator, suppressLastEmptyLineOnPaste, suppressExpandablePivotGroups, suppressModelUpdateAfterUpdateTransaction.
If you are trying to annotate gridOptions with application data, use the 'gridOptions.context' property instead. @ http://c4c.localhost:4200/@vite/client:509
[  973772ms] [WARNING] AG Grid: invalid gridOptions property 'expandableRowStyles' did you mean any of these: suppressExpandablePivotGroups, onAdvancedFilterBuilderVisibleChanged, excelStyles, enableBrowserTooltips, suppressPreventDefaultOnMouseWheel, enableRtl, suppressMaxRenderedRowRestriction, excludeChildrenWhenTreeDataFiltering.
If you are trying to annotate gridOptions with application data, use the 'gridOptions.context' property instead. @ http://c4c.localhost:4200/@vite/client:509
[  973772ms] [WARNING] AG Grid: to see all the valid gridOptions properties please check: https://www.ag-grid.com/angular-data-grid/grid-options/ @ http://c4c.localhost:4200/@vite/client:509
[  973773ms] [WARNING] AG Grid: As of version 32.2.1, using `rowSelection` with the values "single" or "multiple" has been deprecated. Use the object value instead. @ http://c4c.localhost:4200/@vite/client:509
[  973773ms] [WARNING] AG Grid: As of v32.2, suppressRowClickSelection is deprecated. Use `rowSelection.enableClickSelection` instead. @ http://c4c.localhost:4200/@vite/client:509
[  977354ms] [WARNING] dataprime-skip-schema-frequent-search-dataset-remapping does not exist in the feature flags list @ http://c4c.localhost:4200/@vite/client:509
[  979810ms] [WARNING] WARNING: sanitizing HTML stripped some content, see https://angular.dev/best-practices/security#preventing-cross-site-scripting-xss @ http://c4c.localhost:4200/@vite/client:509
[  982438ms] [INFO] [Intercom] Launcher is disabled in settings or current page does not match display conditions @ https://js.intercomcdn.com/frame-modern.1eb85609.js:0
[ 2075505ms] [INFO] Slow network is detected. See https://www.chromestatus.com/feature/5636954674692096 for more details. Fallback font will be used while loading: https://fonts.gstatic.com/s/roboto/v48/KFO7CnqEu92Fr1ME7kSn66aGLdTylUAMa3yUBHMdazQ.woff2 @ https://www.google.com/recaptcha/api2/anchor?ar=1&k=6LcPtdcZAAAAADlPwn7wF7Q_TEggLMVAgJ72WjEN&co=aHR0cDovL2M0Yy5sb2NhbGhvc3Q6NDIwMA..&hl=en&v=hsFBb1u5wWWWkWP4in1ua2cQ&size=invisible&anchor-ms=20000&execute-ms=30000&cb=vimghqxbr9i9:0
[ 4220838ms] [ERROR] Failed to load resource: net::ERR_NETWORK_CHANGED @ https://clientstream.launchdarkly.com/eval/63be894237c74b13583a2c37/eyJhbm9ueW1vdXMiOmZhbHNlLCJrZXkiOiJjNGMiLCJlbWFpbCI6ImJvdEBjb3JhbG9naXguY29tIiwiY3VzdG9tIjp7ImVudiI6InN0YWdpbmciLCJjb21wYW55TmFtZSI6ImM0YyIsInVzZXJJZCI6IjEwODIxZTQwLTIyZjQtNGEwMi04ODE3LTA1ZDdmNTJia3NmMiIsImNvbXBhbnlJZCI6NTU1NTg1fX0:0
[ 5247746ms] [ERROR] Failed to load resource: net::ERR_INTERNET_DISCONNECTED @ https://clientstream.launchdarkly.com/eval/63be894237c74b13583a2c37/eyJhbm9ueW1vdXMiOmZhbHNlLCJrZXkiOiJjNGMiLCJlbWFpbCI6ImJvdEBjb3JhbG9naXguY29tIiwiY3VzdG9tIjp7ImVudiI6InN0YWdpbmciLCJjb21wYW55TmFtZSI6ImM0YyIsInVzZXJJZCI6IjEwODIxZTQwLTIyZjQtNGEwMi04ODE3LTA1ZDdmNTJia3NmMiIsImNvbXBhbnlJZCI6NTU1NTg1fX0:0
[ 8229963ms] [ERROR] Failed to load resource: net::ERR_INTERNET_DISCONNECTED @ https://ng-api-grpc.app.staging.coralogix.net/com.coralogix.dataprime.v1.ConfigService/GetConfig:0
[ 8259964ms] [ERROR] Failed to load resource: net::ERR_INTERNET_DISCONNECTED @ https://clientstream.launchdarkly.com/eval/63be894237c74b13583a2c37/eyJhbm9ueW1vdXMiOmZhbHNlLCJrZXkiOiJjNGMiLCJlbWFpbCI6ImJvdEBjb3JhbG9naXguY29tIiwiY3VzdG9tIjp7ImVudiI6InN0YWdpbmciLCJjb21wYW55TmFtZSI6ImM0YyIsInVzZXJJZCI6IjEwODIxZTQwLTIyZjQtNGEwMi04ODE3LTA1ZDdmNTJia3NmMiIsImNvbXBhbnlJZCI6NTU1NTg1fX0:0
[11893173ms] [ERROR] Failed to load resource: net::ERR_INTERNET_DISCONNECTED @ https://clientstream.launchdarkly.com/eval/63be894237c74b13583a2c37/eyJhbm9ueW1vdXMiOmZhbHNlLCJrZXkiOiJjNGMiLCJlbWFpbCI6ImJvdEBjb3JhbG9naXguY29tIiwiY3VzdG9tIjp7ImVudiI6InN0YWdpbmciLCJjb21wYW55TmFtZSI6ImM0YyIsInVzZXJJZCI6IjEwODIxZTQwLTIyZjQtNGEwMi04ODE3LTA1ZDdmNTJia3NmMiIsImNvbXBhbnlJZCI6NTU1NTg1fX0:0
[12946102ms] [ERROR] Failed to load resource: net::ERR_INTERNET_DISCONNECTED @ https://ng-api-grpc.app.staging.coralogix.net/com.coralogix.dataprime.v1.ConfigService/GetConfig:0
[14966146ms] [ERROR] Failed to load resource: net::ERR_INTERNET_DISCONNECTED @ https://clientstream.launchdarkly.com/eval/63be894237c74b13583a2c37/eyJhbm9ueW1vdXMiOmZhbHNlLCJrZXkiOiJjNGMiLCJlbWFpbCI6ImJvdEBjb3JhbG9naXguY29tIiwiY3VzdG9tIjp7ImVudiI6InN0YWdpbmciLCJjb21wYW55TmFtZSI6ImM0YyIsInVzZXJJZCI6IjEwODIxZTQwLTIyZjQtNGEwMi04ODE3LTA1ZDdmNTJia3NmMiIsImNvbXBhbnlJZCI6NTU1NTg1fX0:0
[25216159ms] [ERROR] Failed to load resource: the server responded with a status of 401 () @ https://ng-api-grpc.app.staging.coralogix.net/com.coralogix.dataprime.v1.ConfigService/GetConfig:0
[29617833ms] [ERROR] Failed to load resource: the server responded with a status of 401 () @ https://ng-api-grpc.app.staging.coralogix.net/com.coralogix.dataprime.v1.ConfigService/GetConfig:0
[33699835ms] [ERROR] WebSocket connection to 'wss://nexus-websocket-a.intercom.io/pubsub/5-EV7IDogkeCEh-kTZ1gJ5txozc5ZRsm_YVNN_6ryIwF3sYW-wbAZ43paoEF7mwCXHpHwMNHwB1kCv9Zt3zRU0DZFK8-GqS_kOMqYL?X-Nexus-New-Client=true&X-Nexus-Version=0.18.8&user_role=user' failed: Error in connection establishment: net::ERR_NAME_NOT_RESOLVED @ https://js.intercomcdn.com/vendor-modern.60bbf292.js:1
[35728386ms] [ERROR] WebSocket connection to 'wss://nexus-websocket-a.intercom.io/pubsub/5-EV7IDogkeCEh-kTZ1gJ5txozc5ZRsm_YVNN_6ryIwF3sYW-wbAZ43paoEF7mwCXHpHwMNHwB1kCv9Zt3zRU0DZFK8-GqS_kOMqYL?X-Nexus-New-Client=true&X-Nexus-Version=0.18.8&user_role=user' failed: Error in connection establishment: net::ERR_NAME_NOT_RESOLVED @ https://js.intercomcdn.com/vendor-modern.60bbf292.js:1
[39689702ms] [ERROR] Failed to load resource: net::ERR_TIMED_OUT @ https://ng-api-grpc.app.staging.coralogix.net/com.coralogix.dataprime.v1.ConfigService/GetConfig:0
[44067998ms] [ERROR] Failed to load resource: the server responded with a status of 401 () @ https://ng-api-grpc.app.staging.coralogix.net/com.coralogix.dataprime.v1.ConfigService/GetConfig:0
[44299069ms] [ERROR] Failed to load resource: the server responded with a status of 401 () @ https://ng-api-grpc.app.staging.coralogix.net/com.coralogix.dataprime.v1.ConfigService/GetConfig:0
[44343354ms] [LOG] [vite] server connection lost. Polling for restart... @ http://c4c.localhost:4200/@vite/client:968
[44343434ms] [ERROR] Failed to load resource: net::ERR_NETWORK_IO_SUSPENDED @ https://clientstream.launchdarkly.com/eval/63be894237c74b13583a2c37/eyJhbm9ueW1vdXMiOmZhbHNlLCJrZXkiOiJjNGMiLCJlbWFpbCI6ImJvdEBjb3JhbG9naXguY29tIiwiY3VzdG9tIjp7ImVudiI6InN0YWdpbmciLCJjb21wYW55TmFtZSI6ImM0YyIsInVzZXJJZCI6IjEwODIxZTQwLTIyZjQtNGEwMi04ODE3LTA1ZDdmNTJia3NmMiIsImNvbXBhbnlJZCI6NTU1NTg1fX0:0
[44348535ms] [ERROR] Failed to load resource: net::ERR_NETWORK_CHANGED @ http://c4c.localhost:4200/@fs/Users/peleg.katz/Desktop/cx-web-workspace/libs/cx-ui/menu/src/lib/@ng/component?c=%2FUsers%2Fpeleg.katz%2FDesktop%2Fcx-web-workspace%2Flibs%2Fcx-ui%2Fmenu%2Fsrc%2Flib%2Fmenu.ts%40CxuiMenu&t=1780289682397:0
[44348536ms] [ERROR] TypeError: Failed to fetch dynamically imported module: http://c4c.localhost:4200/@fs/Users/peleg.katz/Desktop/cx-web-workspace/libs/cx-ui/menu/src/lib/@ng/component?c=%2FUsers%2Fpeleg.katz%2FDesktop%2Fcx-web-workspace%2Flibs%2Fcx-ui%2Fmenu%2Fsrc%2Flib%2Fmenu.ts%40CxuiMenu&t=1780289682397 @ http://c4c.localhost:4200/@vite/client:509
[44348537ms] [ERROR] Failed to load resource: net::ERR_NETWORK_CHANGED @ http://c4c.localhost:4200/@fs/Users/peleg.katz/Desktop/cx-web-workspace/libs/cx-ui/menu/src/lib/@ng/component?c=%2FUsers%2Fpeleg.katz%2FDesktop%2Fcx-web-workspace%2Flibs%2Fcx-ui%2Fmenu%2Fsrc%2Flib%2Fmenu-item.ts%40CxuiMenuItem&t=1780289682398:0
[44348537ms] [ERROR] Failed to load resource: net::ERR_NETWORK_CHANGED @ http://c4c.localhost:4200/@fs/Users/peleg.katz/Desktop/cx-web-workspace/libs/cx-ui/menu/src/lib/@ng/component?c=%2FUsers%2Fpeleg.katz%2FDesktop%2Fcx-web-workspace%2Flibs%2Fcx-ui%2Fmenu%2Fsrc%2Flib%2Fmenu-label.ts%40CxuiMenuLabel&t=1780289682398:0
[44348537ms] [ERROR] Failed to load resource: net::ERR_NETWORK_CHANGED @ http://c4c.localhost:4200/@fs/Users/peleg.katz/Desktop/cx-web-workspace/libs/cx-ui/menu/src/lib/@ng/component?c=%2FUsers%2Fpeleg.katz%2FDesktop%2Fcx-web-workspace%2Flibs%2Fcx-ui%2Fmenu%2Fsrc%2Flib%2Fmenu-separator.ts%40CxuiMenuSeparator&t=1780289682398:0
[44348537ms] [ERROR] Failed to load resource: net::ERR_NETWORK_CHANGED @ http://c4c.localhost:4200/@fs/Users/peleg.katz/Desktop/cx-web-workspace/libs/cx-ui/menu/src/lib/@ng/component?c=%2FUsers%2Fpeleg.katz%2FDesktop%2Fcx-web-workspace%2Flibs%2Fcx-ui%2Fmenu%2Fsrc%2Flib%2Fmenu-column.ts%40CxuiMenuColumn&t=1780289682398:0
[44348537ms] [ERROR] Failed to load resource: net::ERR_NETWORK_CHANGED @ http://c4c.localhost:4200/@fs/Users/peleg.katz/Desktop/cx-web-workspace/libs/cx-ui/grid/src/lib/cx-grid-row-style/@ng/component?c=%2FUsers%2Fpeleg.katz%2FDesktop%2Fcx-web-workspace%2Flibs%2Fcx-ui%2Fgrid%2Fsrc%2Flib%2Fcx-grid-row-style%2Fcx-grid-row-style.component.ts%40CxGridRowStyleComponent&t=1780289682398:0
[44348537ms] [ERROR] Failed to load resource: net::ERR_NETWORK_CHANGED @ http://c4c.localhost:4200/@fs/Users/peleg.katz/Desktop/cx-web-workspace/libs/cx-ui/grid/src/lib/overlays/error-state/@ng/component?c=%2FUsers%2Fpeleg.katz%2FDesktop%2Fcx-web-workspace%2Flibs%2Fcx-ui%2Fgrid%2Fsrc%2Flib%2Foverlays%2Ferror-state%2Fgrid-error-state.component.ts%40GridErrorStateComponent&t=1780289682398:0
[44348537ms] [ERROR] TypeError: Failed to fetch dynamically imported module: http://c4c.localhost:4200/@fs/Users/peleg.katz/Desktop/cx-web-workspace/libs/cx-ui/menu/src/lib/@ng/component?c=%2FUsers%2Fpeleg.katz%2FDesktop%2Fcx-web-workspace%2Flibs%2Fcx-ui%2Fmenu%2Fsrc%2Flib%2Fmenu-item.ts%40CxuiMenuItem&t=1780289682398 @ http://c4c.localhost:4200/@vite/client:509
[44348537ms] [ERROR] TypeError: Failed to fetch dynamically imported module: http://c4c.localhost:4200/@fs/Users/peleg.katz/Desktop/cx-web-workspace/libs/cx-ui/menu/src/lib/@ng/component?c=%2FUsers%2Fpeleg.katz%2FDesktop%2Fcx-web-workspace%2Flibs%2Fcx-ui%2Fmenu%2Fsrc%2Flib%2Fmenu-label.ts%40CxuiMenuLabel&t=1780289682398 @ http://c4c.localhost:4200/@vite/client:509
[44348537ms] [ERROR] Failed to load resource: net::ERR_NETWORK_CHANGED @ http://c4c.localhost:4200/@fs/Users/peleg.katz/Desktop/cx-web-workspace/libs/cx-ui/grid/src/lib/overlays/loading/@ng/component?c=%2FUsers%2Fpeleg.katz%2FDesktop%2Fcx-web-workspace%2Flibs%2Fcx-ui%2Fgrid%2Fsrc%2Flib%2Foverlays%2Floading%2Fcell-loading-overlay.component.ts%40CellLoadingOverlayComponent&t=1780289682398:0
[44348537ms] [ERROR] TypeError: Failed to fetch dynamically imported module: http://c4c.localhost:4200/@fs/Users/peleg.katz/Desktop/cx-web-workspace/libs/cx-ui/menu/src/lib/@ng/component?c=%2FUsers%2Fpeleg.katz%2FDesktop%2Fcx-web-workspace%2Flibs%2Fcx-ui%2Fmenu%2Fsrc%2Flib%2Fmenu-separator.ts%40CxuiMenuSeparator&t=1780289682398 @ http://c4c.localhost:4200/@vite/client:509
[44348537ms] [ERROR] TypeError: Failed to fetch dynamically imported module: http://c4c.localhost:4200/@fs/Users/peleg.katz/Desktop/cx-web-workspace/libs/cx-ui/menu/src/lib/@ng/component?c=%2FUsers%2Fpeleg.katz%2FDesktop%2Fcx-web-workspace%2Flibs%2Fcx-ui%2Fmenu%2Fsrc%2Flib%2Fmenu-column.ts%40CxuiMenuColumn&t=1780289682398 @ http://c4c.localhost:4200/@vite/client:509
[44348537ms] [ERROR] TypeError: Failed to fetch dynamically imported module: http://c4c.localhost:4200/@fs/Users/peleg.katz/Desktop/cx-web-workspace/libs/cx-ui/grid/src/lib/cx-grid-row-style/@ng/component?c=%2FUsers%2Fpeleg.katz%2FDesktop%2Fcx-web-workspace%2Flibs%2Fcx-ui%2Fgrid%2Fsrc%2Flib%2Fcx-grid-row-style%2Fcx-grid-row-style.component.ts%40CxGridRowStyleComponent&t=1780289682398 @ http://c4c.localhost:4200/@vite/client:509
[44348537ms] [ERROR] TypeError: Failed to fetch dynamically imported module: http://c4c.localhost:4200/@fs/Users/peleg.katz/Desktop/cx-web-workspace/libs/cx-ui/grid/src/lib/overlays/error-state/@ng/component?c=%2FUsers%2Fpeleg.katz%2FDesktop%2Fcx-web-workspace%2Flibs%2Fcx-ui%2Fgrid%2Fsrc%2Flib%2Foverlays%2Ferror-state%2Fgrid-error-state.component.ts%40GridErrorStateComponent&t=1780289682398 @ http://c4c.localhost:4200/@vite/client:509
[44348537ms] [ERROR] Failed to load resource: net::ERR_NETWORK_CHANGED @ http://c4c.localhost:4200/@fs/Users/peleg.katz/Desktop/cx-web-workspace/libs/ui/projects/cgx-design-library/src/lib/cx-toast/@ng/component?c=%2FUsers%2Fpeleg.katz%2FDesktop%2Fcx-web-workspace%2Flibs%2Fui%2Fprojects%2Fcgx-design-library%2Fsrc%2Flib%2Fcx-toast%2Fcx-toast.component.ts%40CxToastComponent&t=1780289682400:0
[44348537ms] [ERROR] Failed to load resource: net::ERR_NETWORK_CHANGED @ http://c4c.localhost:4200/@fs/Users/peleg.katz/Desktop/cx-web-workspace/libs/ui/projects/cgx-design-library/src/lib/cx-select/components/cx-select-search/@ng/component?c=%2FUsers%2Fpeleg.katz%2FDesktop%2Fcx-web-workspace%2Flibs%2Fui%2Fprojects%2Fcgx-design-library%2Fsrc%2Flib%2Fcx-select%2Fcomponents%2Fcx-select-search%2Fcx-select-search.component.ts%40CxSelectSearchComponent&t=1780289682401:0
[44348537ms] [ERROR] Failed to load resource: net::ERR_NETWORK_CHANGED @ http://c4c.localhost:4200/@fs/Users/peleg.katz/Desktop/cx-web-workspace/libs/ui/projects/cgx-design-library/src/lib/cx-select/components/cx-flow-list/@ng/component?c=%2FUsers%2Fpeleg.katz%2FDesktop%2Fcx-web-workspace%2Flibs%2Fui%2Fprojects%2Fcgx-design-library%2Fsrc%2Flib%2Fcx-select%2Fcomponents%2Fcx-flow-list%2Fcx-flow-list.component.ts%40CxFlowListComponent&t=1780289682401:0
[44348538ms] [ERROR] TypeError: Failed to fetch dynamically imported module: http://c4c.localhost:4200/@fs/Users/peleg.katz/Desktop/cx-web-workspace/libs/cx-ui/grid/src/lib/overlays/loading/@ng/component?c=%2FUsers%2Fpeleg.katz%2FDesktop%2Fcx-web-workspace%2Flibs%2Fcx-ui%2Fgrid%2Fsrc%2Flib%2Foverlays%2Floading%2Fcell-loading-overlay.component.ts%40CellLoadingOverlayComponent&t=1780289682398 @ http://c4c.localhost:4200/@vite/client:509
[44348538ms] [ERROR] Failed to load resource: net::ERR_NETWORK_CHANGED @ http://c4c.localhost:4200/@fs/Users/peleg.katz/Desktop/cx-web-workspace/libs/ui/projects/cgx-design-library/src/lib/cx-slide-in-dialog/@ng/component?c=%2FUsers%2Fpeleg.katz%2FDesktop%2Fcx-web-workspace%2Flibs%2Fui%2Fprojects%2Fcgx-design-library%2Fsrc%2Flib%2Fcx-slide-in-dialog%2Fcx-slide-in-dialog.component.ts%40CxSlideInDialogComponent&t=1780289682402:0
[44348538ms] [ERROR] TypeError: Failed to fetch dynamically imported module: http://c4c.localhost:4200/@fs/Users/peleg.katz/Desktop/cx-web-workspace/libs/ui/projects/cgx-design-library/src/lib/cx-toast/@ng/component?c=%2FUsers%2Fpeleg.katz%2FDesktop%2Fcx-web-workspace%2Flibs%2Fui%2Fprojects%2Fcgx-design-library%2Fsrc%2Flib%2Fcx-toast%2Fcx-toast.component.ts%40CxToastComponent&t=1780289682400 @ http://c4c.localhost:4200/@vite/client:509
[44348538ms] [ERROR] TypeError: Failed to fetch dynamically imported module: http://c4c.localhost:4200/@fs/Users/peleg.katz/Desktop/cx-web-workspace/libs/ui/projects/cgx-design-library/src/lib/cx-select/components/cx-select-search/@ng/component?c=%2FUsers%2Fpeleg.katz%2FDesktop%2Fcx-web-workspace%2Flibs%2Fui%2Fprojects%2Fcgx-design-library%2Fsrc%2Flib%2Fcx-select%2Fcomponents%2Fcx-select-search%2Fcx-select-search.component.ts%40CxSelectSearchComponent&t=1780289682401 @ http://c4c.localhost:4200/@vite/client:509
[44348538ms] [ERROR] TypeError: Failed to fetch dynamically imported module: http://c4c.localhost:4200/@fs/Users/peleg.katz/Desktop/cx-web-workspace/libs/ui/projects/cgx-design-library/src/lib/cx-select/components/cx-flow-list/@ng/component?c=%2FUsers%2Fpeleg.katz%2FDesktop%2Fcx-web-workspace%2Flibs%2Fui%2Fprojects%2Fcgx-design-library%2Fsrc%2Flib%2Fcx-select%2Fcomponents%2Fcx-flow-list%2Fcx-flow-list.component.ts%40CxFlowListComponent&t=1780289682401 @ http://c4c.localhost:4200/@vite/client:509
[44348538ms] [ERROR] Failed to load resource: net::ERR_NETWORK_CHANGED @ http://c4c.localhost:4200/@fs/Users/peleg.katz/Desktop/cx-web-workspace/libs/ui/projects/cgx-design-library/src/lib/cx-filters-select/components/@ng/component?c=%2FUsers%2Fpeleg.katz%2FDesktop%2Fcx-web-workspace%2Flibs%2Fui%2Fprojects%2Fcgx-design-library%2Fsrc%2Flib%2Fcx-filters-select%2Fcomponents%2Fcx-filters-select-option.component.ts%40CxFiltersSelectOptionComponent&t=1780289682402:0
[44348538ms] [ERROR] TypeError: Failed to fetch dynamically imported module: http://c4c.localhost:4200/@fs/Users/peleg.katz/Desktop/cx-web-workspace/libs/ui/projects/cgx-design-library/src/lib/cx-slide-in-dialog/@ng/component?c=%2FUsers%2Fpeleg.katz%2FDesktop%2Fcx-web-workspace%2Flibs%2Fui%2Fprojects%2Fcgx-design-library%2Fsrc%2Flib%2Fcx-slide-in-dialog%2Fcx-slide-in-dialog.component.ts%40CxSlideInDialogComponent&t=1780289682402 @ http://c4c.localhost:4200/@vite/client:509
[44348538ms] [ERROR] Failed to load resource: net::ERR_NETWORK_CHANGED @ http://c4c.localhost:4200/@fs/Users/peleg.katz/Desktop/cx-web-workspace/libs/ui/projects/cgx-design-library/src/lib/cx-filters-select/@ng/component?c=%2FUsers%2Fpeleg.katz%2FDesktop%2Fcx-web-workspace%2Flibs%2Fui%2Fprojects%2Fcgx-design-library%2Fsrc%2Flib%2Fcx-filters-select%2Fcx-filters-select.component.ts%40CxFiltersSelectComponent&t=1780289682403:0
[44348538ms] [ERROR] TypeError: Failed to fetch dynamically imported module: http://c4c.localhost:4200/@fs/Users/peleg.katz/Desktop/cx-web-workspace/libs/ui/projects/cgx-design-library/src/lib/cx-filters-select/components/@ng/component?c=%2FUsers%2Fpeleg.katz%2FDesktop%2Fcx-web-workspace%2Flibs%2Fui%2Fprojects%2Fcgx-design-library%2Fsrc%2Flib%2Fcx-filters-select%2Fcomponents%2Fcx-filters-select-option.component.ts%40CxFiltersSelectOptionComponent&t=1780289682402 @ http://c4c.localhost:4200/@vite/client:509
[44348539ms] [ERROR] Failed to load resource: net::ERR_NETWORK_CHANGED @ http://c4c.localhost:4200/@fs/Users/peleg.katz/Desktop/cx-web-workspace/libs/ui/projects/cgx-design-library/src/lib/cx-chart-tooltip/building-blocks/cx-chart-tooltip-data-row/@ng/component?c=%2FUsers%2Fpeleg.katz%2FDesktop%2Fcx-web-workspace%2Flibs%2Fui%2Fprojects%2Fcgx-design-library%2Fsrc%2Flib%2Fcx-chart-tooltip%2Fbuilding-blocks%2Fcx-chart-tooltip-data-row%2Fcx-chart-tooltip-data-row.component.ts%40CxChartTooltipDataRowComponent&t=1780289682406:0
[44348539ms] [ERROR] Failed to load resource: net::ERR_NETWORK_CHANGED @ http://c4c.localhost:4200/@fs/Users/peleg.katz/Desktop/cx-web-workspace/libs/ui/projects/cgx-design-library/src/lib/cx-chart-tooltip/building-blocks/cx-chart-tooltip-data-list/@ng/component?c=%2FUsers%2Fpeleg.katz%2FDesktop%2Fcx-web-workspace%2Flibs%2Fui%2Fprojects%2Fcgx-design-library%2Fsrc%2Flib%2Fcx-chart-tooltip%2Fbuilding-blocks%2Fcx-chart-tooltip-data-list%2Fcx-chart-tooltip-data-list.component.ts%40CxChartTooltipDataListComponent&t=1780289682406:0
[44348539ms] [ERROR] TypeError: Failed to fetch dynamically imported module: http://c4c.localhost:4200/@fs/Users/peleg.katz/Desktop/cx-web-workspace/libs/ui/projects/cgx-design-library/src/lib/cx-filters-select/@ng/component?c=%2FUsers%2Fpeleg.katz%2FDesktop%2Fcx-web-workspace%2Flibs%2Fui%2Fprojects%2Fcgx-design-library%2Fsrc%2Flib%2Fcx-filters-select%2Fcx-filters-select.component.ts%40CxFiltersSelectComponent&t=1780289682403 @ http://c4c.localhost:4200/@vite/client:509
[44348539ms] [ERROR] Failed to load resource: net::ERR_NETWORK_CHANGED @ http://c4c.localhost:4200/@fs/Users/peleg.katz/Desktop/cx-web-workspace/libs/ui/projects/cgx-design-library/src/lib/cx-chart-tooltip/building-blocks/cx-chart-tooltip-title/@ng/component?c=%2FUsers%2Fpeleg.katz%2FDesktop%2Fcx-web-workspace%2Flibs%2Fui%2Fprojects%2Fcgx-design-library%2Fsrc%2Flib%2Fcx-chart-tooltip%2Fbuilding-blocks%2Fcx-chart-tooltip-title%2Fcx-chart-tooltip-title.component.ts%40CxChartTooltipTitleComponent&t=1780289682406:0
[44348539ms] [ERROR] Failed to load resource: net::ERR_NETWORK_CHANGED @ http://c4c.localhost:4200/@fs/Users/peleg.katz/Desktop/cx-web-workspace/libs/ui/projects/cgx-design-library/src/lib/cx-chart-tooltip/building-blocks/cx-chart-tooltip-wrapper/@ng/component?c=%2FUsers%2Fpeleg.katz%2FDesktop%2Fcx-web-workspace%2Flibs%2Fui%2Fprojects%2Fcgx-design-library%2Fsrc%2Flib%2Fcx-chart-tooltip%2Fbuilding-blocks%2Fcx-chart-tooltip-wrapper%2Fcx-chart-tooltip-wrapper.component.ts%40CxChartTooltipWrapperComponent&t=1780289682406:0
[44348539ms] [ERROR] Failed to load resource: net::ERR_NETWORK_CHANGED @ http://c4c.localhost:4200/@fs/Users/peleg.katz/Desktop/cx-web-workspace/libs/ui/projects/cgx-design-library/src/lib/cx-chart-tooltip/cx-line-chart-default-tooltip/@ng/component?c=%2FUsers%2Fpeleg.katz%2FDesktop%2Fcx-web-workspace%2Flibs%2Fui%2Fprojects%2Fcgx-design-library%2Fsrc%2Flib%2Fcx-chart-tooltip%2Fcx-line-chart-default-tooltip%2Fcx-line-chart-tooltip.component.ts%40CxLineChartTooltipComponent&t=1780289682407:0
[44348539ms] [ERROR] Failed to load resource: net::ERR_NETWORK_CHANGED @ http://c4c.localhost:4200/@fs/Users/peleg.katz/Desktop/cx-web-workspace/libs/ui/projects/cgx-design-library/src/lib/cx-line-chart/@ng/component?c=%2FUsers%2Fpeleg.katz%2FDesktop%2Fcx-web-workspace%2Flibs%2Fui%2Fprojects%2Fcgx-design-library%2Fsrc%2Flib%2Fcx-line-chart%2Fcx-line-chart.component.ts%40CxLineChartComponent&t=1780289682407:0
[44348539ms] [ERROR] TypeError: Failed to fetch dynamically imported module: http://c4c.localhost:4200/@fs/Users/peleg.katz/Desktop/cx-web-workspace/libs/ui/projects/cgx-design-library/src/lib/cx-chart-tooltip/building-blocks/cx-chart-tooltip-data-row/@ng/component?c=%2FUsers%2Fpeleg.katz%2FDesktop%2Fcx-web-workspace%2Flibs%2Fui%2Fprojects%2Fcgx-design-library%2Fsrc%2Flib%2Fcx-chart-tooltip%2Fbuilding-blocks%2Fcx-chart-tooltip-data-row%2Fcx-chart-tooltip-data-row.component.ts%40CxChartTooltipDataRowComponent&t=1780289682406 @ http://c4c.localhost:4200/@vite/client:509
[44348539ms] [ERROR] TypeError: Failed to fetch dynamically imported module: http://c4c.localhost:4200/@fs/Users/peleg.katz/Desktop/cx-web-workspace/libs/ui/projects/cgx-design-library/src/lib/cx-chart-tooltip/building-blocks/cx-chart-tooltip-data-list/@ng/component?c=%2FUsers%2Fpeleg.katz%2FDesktop%2Fcx-web-workspace%2Flibs%2Fui%2Fprojects%2Fcgx-design-library%2Fsrc%2Flib%2Fcx-chart-tooltip%2Fbuilding-blocks%2Fcx-chart-tooltip-data-list%2Fcx-chart-tooltip-data-list.component.ts%40CxChartTooltipDataListComponent&t=1780289682406 @ http://c4c.localhost:4200/@vite/client:509
[44348539ms] [ERROR] Failed to load resource: net::ERR_NETWORK_CHANGED @ http://c4c.localhost:4200/@fs/Users/peleg.katz/Desktop/cx-web-workspace/libs/ui/projects/cgx-design-library/src/lib/cx-chart-tooltip/building-blocks/cx-chart-tooltip-label-list/@ng/component?c=%2FUsers%2Fpeleg.katz%2FDesktop%2Fcx-web-workspace%2Flibs%2Fui%2Fprojects%2Fcgx-design-library%2Fsrc%2Flib%2Fcx-chart-tooltip%2Fbuilding-blocks%2Fcx-chart-tooltip-label-list%2Fcx-chart-tooltip-label-list.component.ts%40CxChartTooltipLabelListComponent&t=1780289682407:0
[44348539ms] [ERROR] Failed to load resource: net::ERR_NETWORK_CHANGED @ http://c4c.localhost:4200/@fs/Users/peleg.katz/Desktop/cx-web-workspace/libs/ui/projects/cgx-design-library/src/lib/cx-page-header/@ng/component?c=%2FUsers%2Fpeleg.katz%2FDesktop%2Fcx-web-workspace%2Flibs%2Fui%2Fprojects%2Fcgx-design-library%2Fsrc%2Flib%2Fcx-page-header%2Fcx-page-header.component.ts%40CxPageHeaderComponent&t=1780289682407:0
[44348539ms] [ERROR] Failed to load resource: net::ERR_NETWORK_CHANGED @ http://c4c.localhost:4200/@fs/Users/peleg.katz/Desktop/cx-web-workspace/libs/ui/projects/cgx-design-library/src/lib/cx-resizable/@ng/component?c=%2FUsers%2Fpeleg.katz%2FDesktop%2Fcx-web-workspace%2Flibs%2Fui%2Fprojects%2Fcgx-design-library%2Fsrc%2Flib%2Fcx-resizable%2Fcx-resizable.component.ts%40CxResizableComponent&t=1780289682408:0
[44348540ms] [ERROR] Failed to load resource: net::ERR_NETWORK_CHANGED @ http://c4c.localhost:4200/@fs/Users/peleg.katz/Desktop/cx-web-workspace/libs/ui/projects/cgx-design-library/src/lib/cx-breadcrumbs/@ng/component?c=%2FUsers%2Fpeleg.katz%2FDesktop%2Fcx-web-workspace%2Flibs%2Fui%2Fprojects%2Fcgx-design-library%2Fsrc%2Flib%2Fcx-breadcrumbs%2Fcx-breadcrumbs.component.ts%40CxBreadcrumbsComponent&t=1780289682408:0
[44348540ms] [ERROR] TypeError: Failed to fetch dynamically imported module: http://c4c.localhost:4200/@fs/Users/peleg.katz/Desktop/cx-web-workspace/libs/ui/projects/cgx-design-library/src/lib/cx-chart-tooltip/building-blocks/cx-chart-tooltip-title/@ng/component?c=%2FUsers%2Fpeleg.katz%2FDesktop%2Fcx-web-workspace%2Flibs%2Fui%2Fprojects%2Fcgx-design-library%2Fsrc%2Flib%2Fcx-chart-tooltip%2Fbuilding-blocks%2Fcx-chart-tooltip-title%2Fcx-chart-tooltip-title.component.ts%40CxChartTooltipTitleComponent&t=1780289682406 @ http://c4c.localhost:4200/@vite/client:509
[44348540ms] [ERROR] TypeError: Failed to fetch dynamically imported module: http://c4c.localhost:4200/@fs/Users/peleg.katz/Desktop/cx-web-workspace/libs/ui/projects/cgx-design-library/src/lib/cx-chart-tooltip/building-blocks/cx-chart-tooltip-wrapper/@ng/component?c=%2FUsers%2Fpeleg.katz%2FDesktop%2Fcx-web-workspace%2Flibs%2Fui%2Fprojects%2Fcgx-design-library%2Fsrc%2Flib%2Fcx-chart-tooltip%2Fbuilding-blocks%2Fcx-chart-tooltip-wrapper%2Fcx-chart-tooltip-wrapper.component.ts%40CxChartTooltipWrapperComponent&t=1780289682406 @ http://c4c.localhost:4200/@vite/client:509
[44348540ms] [ERROR] TypeError: Failed to fetch dynamically imported module: http://c4c.localhost:4200/@fs/Users/peleg.katz/Desktop/cx-web-workspace/libs/ui/projects/cgx-design-library/src/lib/cx-chart-tooltip/cx-line-chart-default-tooltip/@ng/component?c=%2FUsers%2Fpeleg.katz%2FDesktop%2Fcx-web-workspace%2Flibs%2Fui%2Fprojects%2Fcgx-design-library%2Fsrc%2Flib%2Fcx-chart-tooltip%2Fcx-line-chart-default-tooltip%2Fcx-line-chart-tooltip.component.ts%40CxLineChartTooltipComponent&t=1780289682407 @ http://c4c.localhost:4200/@vite/client:509
[44348540ms] [ERROR] TypeError: Failed to fetch dynamically imported module: http://c4c.localhost:4200/@fs/Users/peleg.katz/Desktop/cx-web-workspace/libs/ui/projects/cgx-design-library/src/lib/cx-line-chart/@ng/component?c=%2FUsers%2Fpeleg.katz%2FDesktop%2Fcx-web-workspace%2Flibs%2Fui%2Fprojects%2Fcgx-design-library%2Fsrc%2Flib%2Fcx-line-chart%2Fcx-line-chart.component.ts%40CxLineChartComponent&t=1780289682407 @ http://c4c.localhost:4200/@vite/client:509
[44348540ms] [ERROR] Failed to load resource: net::ERR_NETWORK_CHANGED @ http://c4c.localhost:4200/@fs/Users/peleg.katz/Desktop/cx-web-workspace/libs/ui/projects/cgx-design-library/src/lib/cx-dialog/@ng/component?c=%2FUsers%2Fpeleg.katz%2FDesktop%2Fcx-web-workspace%2Flibs%2Fui%2Fprojects%2Fcgx-design-library%2Fsrc%2Flib%2Fcx-dialog%2Fcx-dialog.component.ts%40CxDialogComponent&t=1780289682408:0
[44348540ms] [ERROR] TypeError: Failed to fetch dynamically imported module: http://c4c.localhost:4200/@fs/Users/peleg.katz/Desktop/cx-web-workspace/libs/ui/projects/cgx-design-library/src/lib/cx-chart-tooltip/building-blocks/cx-chart-tooltip-label-list/@ng/component?c=%2FUsers%2Fpeleg.katz%2FDesktop%2Fcx-web-workspace%2Flibs%2Fui%2Fprojects%2Fcgx-design-library%2Fsrc%2Flib%2Fcx-chart-tooltip%2Fbuilding-blocks%2Fcx-chart-tooltip-label-list%2Fcx-chart-tooltip-label-list.component.ts%40CxChartTooltipLabelListComponent&t=1780289682407 @ http://c4c.localhost:4200/@vite/client:509
[44348540ms] [ERROR] TypeError: Failed to fetch dynamically imported module: http://c4c.localhost:4200/@fs/Users/peleg.katz/Desktop/cx-web-workspace/libs/ui/projects/cgx-design-library/src/lib/cx-page-header/@ng/component?c=%2FUsers%2Fpeleg.katz%2FDesktop%2Fcx-web-workspace%2Flibs%2Fui%2Fprojects%2Fcgx-design-library%2Fsrc%2Flib%2Fcx-page-header%2Fcx-page-header.component.ts%40CxPageHeaderComponent&t=1780289682407 @ http://c4c.localhost:4200/@vite/client:509
[44348540ms] [ERROR] Failed to load resource: net::ERR_NETWORK_CHANGED @ http://c4c.localhost:4200/@fs/Users/peleg.katz/Desktop/cx-web-workspace/libs/ui/projects/cgx-design-library/src/lib/cx-dialog/components/cx-dialog-header/@ng/component?c=%2FUsers%2Fpeleg.katz%2FDesktop%2Fcx-web-workspace%2Flibs%2Fui%2Fprojects%2Fcgx-design-library%2Fsrc%2Flib%2Fcx-dialog%2Fcomponents%2Fcx-dialog-header%2Fcx-dialog-header.component.ts%40CxDialogHeaderComponent&t=1780289682409:0
[44348540ms] [ERROR] TypeError: Failed to fetch dynamically imported module: http://c4c.localhost:4200/@fs/Users/peleg.katz/Desktop/cx-web-workspace/libs/ui/projects/cgx-design-library/src/lib/cx-resizable/@ng/component?c=%2FUsers%2Fpeleg.katz%2FDesktop%2Fcx-web-workspace%2Flibs%2Fui%2Fprojects%2Fcgx-design-library%2Fsrc%2Flib%2Fcx-resizable%2Fcx-resizable.component.ts%40CxResizableComponent&t=1780289682408 @ http://c4c.localhost:4200/@vite/client:509
[44348540ms] [ERROR] TypeError: Failed to fetch dynamically imported module: http://c4c.localhost:4200/@fs/Users/peleg.katz/Desktop/cx-web-workspace/libs/ui/projects/cgx-design-library/src/lib/cx-breadcrumbs/@ng/component?c=%2FUsers%2Fpeleg.katz%2FDesktop%2Fcx-web-workspace%2Flibs%2Fui%2Fprojects%2Fcgx-design-library%2Fsrc%2Flib%2Fcx-breadcrumbs%2Fcx-breadcrumbs.component.ts%40CxBreadcrumbsComponent&t=1780289682408 @ http://c4c.localhost:4200/@vite/client:509
[44348540ms] [ERROR] TypeError: Failed to fetch dynamically imported module: http://c4c.localhost:4200/@fs/Users/peleg.katz/Desktop/cx-web-workspace/libs/ui/projects/cgx-design-library/src/lib/cx-dialog/@ng/component?c=%2FUsers%2Fpeleg.katz%2FDesktop%2Fcx-web-workspace%2Flibs%2Fui%2Fprojects%2Fcgx-design-library%2Fsrc%2Flib%2Fcx-dialog%2Fcx-dialog.component.ts%40CxDialogComponent&t=1780289682408 @ http://c4c.localhost:4200/@vite/client:509
[44348540ms] [ERROR] Failed to load resource: net::ERR_NETWORK_CHANGED @ http://c4c.localhost:4200/@fs/Users/peleg.katz/Desktop/cx-web-workspace/libs/ui/projects/cgx-design-library/src/lib/cx-dialog/components/cx-dialog-body/@ng/component?c=%2FUsers%2Fpeleg.katz%2FDesktop%2Fcx-web-workspace%2Flibs%2Fui%2Fprojects%2Fcgx-design-library%2Fsrc%2Flib%2Fcx-dialog%2Fcomponents%2Fcx-dialog-body%2Fcx-dialog-body.component.ts%40CxDialogBodyComponent&t=1780289682409:0
[44348541ms] [ERROR] Failed to load resource: net::ERR_NETWORK_CHANGED @ http://c4c.localhost:4200/@fs/Users/peleg.katz/Desktop/cx-web-workspace/libs/ui/projects/cgx-design-library/src/lib/cx-dialog/components/cx-dialog-footer/@ng/component?c=%2FUsers%2Fpeleg.katz%2FDesktop%2Fcx-web-workspace%2Flibs%2Fui%2Fprojects%2Fcgx-design-library%2Fsrc%2Flib%2Fcx-dialog%2Fcomponents%2Fcx-dialog-footer%2Fcx-dialog-footer.component.ts%40CxDialogFooterComponent&t=1780289682409:0
[44348541ms] [ERROR] Failed to load resource: net::ERR_NETWORK_CHANGED @ http://c4c.localhost:4200/@fs/Users/peleg.katz/Desktop/cx-web-workspace/libs/ui/projects/cgx-design-library/src/lib/cx-confirmation-dialog/@ng/component?c=%2FUsers%2Fpeleg.katz%2FDesktop%2Fcx-web-workspace%2Flibs%2Fui%2Fprojects%2Fcgx-design-library%2Fsrc%2Flib%2Fcx-confirmation-dialog%2Fcx-confirmation-dialog.component.ts%40CxConfirmationDialogComponent&t=1780289682409:0
[44348541ms] [ERROR] Failed to load resource: net::ERR_NETWORK_CHANGED @ http://c4c.localhost:4200/@fs/Users/peleg.katz/Desktop/cx-web-workspace/libs/ui/projects/cgx-design-library/src/lib/base-dialog/@ng/component?c=%2FUsers%2Fpeleg.katz%2FDesktop%2Fcx-web-workspace%2Flibs%2Fui%2Fprojects%2Fcgx-design-library%2Fsrc%2Flib%2Fbase-dialog%2Fbase-dialog.component.ts%40BaseDialogComponent&t=1780289682409:0
[44348541ms] [ERROR] TypeError: Failed to fetch dynamically imported module: http://c4c.localhost:4200/@fs/Users/peleg.katz/Desktop/cx-web-workspace/libs/ui/projects/cgx-design-library/src/lib/cx-dialog/components/cx-dialog-header/@ng/component?c=%2FUsers%2Fpeleg.katz%2FDesktop%2Fcx-web-workspace%2Flibs%2Fui%2Fprojects%2Fcgx-design-library%2Fsrc%2Flib%2Fcx-dialog%2Fcomponents%2Fcx-dialog-header%2Fcx-dialog-header.component.ts%40CxDialogHeaderComponent&t=1780289682409 @ http://c4c.localhost:4200/@vite/client:509
[44348541ms] [ERROR] Failed to load resource: net::ERR_NETWORK_CHANGED @ http://c4c.localhost:4200/@fs/Users/peleg.katz/Desktop/cx-web-workspace/libs/ui/projects/cgx-design-library/src/lib/dialog-actions/@ng/component?c=%2FUsers%2Fpeleg.katz%2FDesktop%2Fcx-web-workspace%2Flibs%2Fui%2Fprojects%2Fcgx-design-library%2Fsrc%2Flib%2Fdialog-actions%2Fdialog-actions.component.ts%40DialogActionsComponent&t=1780289682410:0
[44348541ms] [ERROR] Failed to load resource: net::ERR_NETWORK_CHANGED @ http://c4c.localhost:4200/@fs/Users/peleg.katz/Desktop/cx-web-workspace/libs/ui/projects/cgx-design-library/src/lib/dialog-body/@ng/component?c=%2FUsers%2Fpeleg.katz%2FDesktop%2Fcx-web-workspace%2Flibs%2Fui%2Fprojects%2Fcgx-design-library%2Fsrc%2Flib%2Fdialog-body%2Fdialog-body.component.ts%40DialogBodyComponent&t=1780289682410:0
[44348541ms] [ERROR] Failed to load resource: net::ERR_NETWORK_CHANGED @ http://c4c.localhost:4200/@fs/Users/peleg.katz/Desktop/cx-web-workspace/libs/ui/projects/cgx-design-library/src/lib/dialog-title/@ng/component?c=%2FUsers%2Fpeleg.katz%2FDesktop%2Fcx-web-workspace%2Flibs%2Fui%2Fprojects%2Fcgx-design-library%2Fsrc%2Flib%2Fdialog-title%2Fdialog-title.component.ts%40DialogTitleComponent&t=1780289682410:0
[44348541ms] [ERROR] Failed to load resource: net::ERR_NETWORK_CHANGED @ http://c4c.localhost:4200/@fs/Users/peleg.katz/Desktop/cx-web-workspace/libs/ui/projects/cgx-design-library/src/lib/cx-highlight/@ng/component?c=%2FUsers%2Fpeleg.katz%2FDesktop%2Fcx-web-workspace%2Flibs%2Fui%2Fprojects%2Fcgx-design-library%2Fsrc%2Flib%2Fcx-highlight%2Fcx-highlight.component.ts%40CxHighlightComponent&t=1780289682410:0
[44348541ms] [ERROR] Failed to load resource: net::ERR_NETWORK_CHANGED @ http://c4c.localhost:4200/@fs/Users/peleg.katz/Desktop/cx-web-workspace/libs/ui/projects/cgx-design-library/src/lib/cx-folder-tree/cx-folder/@ng/component?c=%2FUsers%2Fpeleg.katz%2FDesktop%2Fcx-web-workspace%2Flibs%2Fui%2Fprojects%2Fcgx-design-library%2Fsrc%2Flib%2Fcx-folder-tree%2Fcx-folder%2Fcx-folder.component.ts%40CxFolderComponent&t=1780289682413:0
[44348541ms] [ERROR] TypeError: Failed to fetch dynamically imported module: http://c4c.localhost:4200/@fs/Users/peleg.katz/Desktop/cx-web-workspace/libs/ui/projects/cgx-design-library/src/lib/cx-dialog/components/cx-dialog-body/@ng/component?c=%2FUsers%2Fpeleg.katz%2FDesktop%2Fcx-web-workspace%2Flibs%2Fui%2Fprojects%2Fcgx-design-library%2Fsrc%2Flib%2Fcx-dialog%2Fcomponents%2Fcx-dialog-body%2Fcx-dialog-body.component.ts%40CxDialogBodyComponent&t=1780289682409 @ http://c4c.localhost:4200/@vite/client:509
[44348541ms] [ERROR] Failed to load resource: net::ERR_NETWORK_CHANGED @ http://c4c.localhost:4200/@fs/Users/peleg.katz/Desktop/cx-web-workspace/libs/ui/projects/cgx-design-library/src/lib/cx-folder-tree/@ng/component?c=%2FUsers%2Fpeleg.katz%2FDesktop%2Fcx-web-workspace%2Flibs%2Fui%2Fprojects%2Fcgx-design-library%2Fsrc%2Flib%2Fcx-folder-tree%2Fcx-folder-tree.component.ts%40CxFolderTreeComponent&t=1780289682414:0
[44348541ms] [ERROR] TypeError: Failed to fetch dynamically imported module: http://c4c.localhost:4200/@fs/Users/peleg.katz/Desktop/cx-web-workspace/libs/ui/projects/cgx-design-library/src/lib/cx-dialog/components/cx-dialog-footer/@ng/component?c=%2FUsers%2Fpeleg.katz%2FDesktop%2Fcx-web-workspace%2Flibs%2Fui%2Fprojects%2Fcgx-design-library%2Fsrc%2Flib%2Fcx-dialog%2Fcomponents%2Fcx-dialog-footer%2Fcx-dialog-footer.component.ts%40CxDialogFooterComponent&t=1780289682409 @ http://c4c.localhost:4200/@vite/client:509
[44348541ms] [ERROR] Failed to load resource: net::ERR_NETWORK_CHANGED @ http://c4c.localhost:4200/@fs/Users/peleg.katz/Desktop/cx-web-workspace/libs/ui/projects/cgx-design-library/src/lib/cx-textarea/@ng/component?c=%2FUsers%2Fpeleg.katz%2FDesktop%2Fcx-web-workspace%2Flibs%2Fui%2Fprojects%2Fcgx-design-library%2Fsrc%2Flib%2Fcx-textarea%2Fcx-textarea.component.ts%40CxTextareaComponent&t=1780289682414:0
[44348541ms] [ERROR] TypeError: Failed to fetch dynamically imported module: http://c4c.localhost:4200/@fs/Users/peleg.katz/Desktop/cx-web-workspace/libs/ui/projects/cgx-design-library/src/lib/cx-confirmation-dialog/@ng/component?c=%2FUsers%2Fpeleg.katz%2FDesktop%2Fcx-web-workspace%2Flibs%2Fui%2Fprojects%2Fcgx-design-library%2Fsrc%2Flib%2Fcx-confirmation-dialog%2Fcx-confirmation-dialog.component.ts%40CxConfirmationDialogComponent&t=1780289682409 @ http://c4c.localhost:4200/@vite/client:509
[44348541ms] [ERROR] TypeError: Failed to fetch dynamically imported module: http://c4c.localhost:4200/@fs/Users/peleg.katz/Desktop/cx-web-workspace/libs/ui/projects/cgx-design-library/src/lib/base-dialog/@ng/component?c=%2FUsers%2Fpeleg.katz%2FDesktop%2Fcx-web-workspace%2Flibs%2Fui%2Fprojects%2Fcgx-design-library%2Fsrc%2Flib%2Fbase-dialog%2Fbase-dialog.component.ts%40BaseDialogComponent&t=1780289682409 @ http://c4c.localhost:4200/@vite/client:509
[44348542ms] [ERROR] Failed to load resource: net::ERR_NETWORK_CHANGED @ http://c4c.localhost:4200/@fs/Users/peleg.katz/Desktop/cx-web-workspace/libs/ui/projects/cgx-design-library/src/lib/cx-log-info-panel/@ng/component?c=%2FUsers%2Fpeleg.katz%2FDesktop%2Fcx-web-workspace%2Flibs%2Fui%2Fprojects%2Fcgx-design-library%2Fsrc%2Flib%2Fcx-log-info-panel%2Fcx-log-info-panel.component.ts%40CxLogInfoPanelComponent&t=1780289682415:0
[44348542ms] [ERROR] Failed to load resource: net::ERR_NETWORK_CHANGED @ http://c4c.localhost:4200/@fs/Users/peleg.katz/Desktop/cx-web-workspace/libs/ui/projects/cgx-design-library/src/lib/cx-chart-legend/header/@ng/component?c=%2FUsers%2Fpeleg.katz%2FDesktop%2Fcx-web-workspace%2Flibs%2Fui%2Fprojects%2Fcgx-design-library%2Fsrc%2Flib%2Fcx-chart-legend%2Fheader%2Fcx-chart-legend-header.component.ts%40CxChartLegendHeaderComponent&t=1780289682415:0
[44348542ms] [ERROR] TypeError: Failed to fetch dynamically imported module: http://c4c.localhost:4200/@fs/Users/peleg.katz/Desktop/cx-web-workspace/libs/ui/projects/cgx-design-library/src/lib/dialog-actions/@ng/component?c=%2FUsers%2Fpeleg.katz%2FDesktop%2Fcx-web-workspace%2Flibs%2Fui%2Fprojects%2Fcgx-design-library%2Fsrc%2Flib%2Fdialog-actions%2Fdialog-actions.component.ts%40DialogActionsComponent&t=1780289682410 @ http://c4c.localhost:4200/@vite/client:509
[44348542ms] [ERROR] Failed to load resource: net::ERR_NETWORK_CHANGED @ http://c4c.localhost:4200/@fs/Users/peleg.katz/Desktop/cx-web-workspace/libs/ui/projects/cgx-design-library/src/lib/cx-chart-legend/row/@ng/component?c=%2FUsers%2Fpeleg.katz%2FDesktop%2Fcx-web-workspace%2Flibs%2Fui%2Fprojects%2Fcgx-design-library%2Fsrc%2Flib%2Fcx-chart-legend%2Frow%2Fcx-chart-legend-row.component.ts%40CxChartLegendRowComponent&t=1780289682415:0
[44348542ms] [ERROR] TypeError: Failed to fetch dynamically imported module: http://c4c.localhost:4200/@fs/Users/peleg.katz/Desktop/cx-web-workspace/libs/ui/projects/cgx-design-library/src/lib/dialog-body/@ng/component?c=%2FUsers%2Fpeleg.katz%2FDesktop%2Fcx-web-workspace%2Flibs%2Fui%2Fprojects%2Fcgx-design-library%2Fsrc%2Flib%2Fdialog-body%2Fdialog-body.component.ts%40DialogBodyComponent&t=1780289682410 @ http://c4c.localhost:4200/@vite/client:509
[44348542ms] [ERROR] TypeError: Failed to fetch dynamically imported module: http://c4c.localhost:4200/@fs/Users/peleg.katz/Desktop/cx-web-workspace/libs/ui/projects/cgx-design-library/src/lib/dialog-title/@ng/component?c=%2FUsers%2Fpeleg.katz%2FDesktop%2Fcx-web-workspace%2Flibs%2Fui%2Fprojects%2Fcgx-design-library%2Fsrc%2Flib%2Fdialog-title%2Fdialog-title.component.ts%40DialogTitleComponent&t=1780289682410 @ http://c4c.localhost:4200/@vite/client:509
[44348542ms] [ERROR] TypeError: Failed to fetch dynamically imported module: http://c4c.localhost:4200/@fs/Users/peleg.katz/Desktop/cx-web-workspace/libs/ui/projects/cgx-design-library/src/lib/cx-highlight/@ng/component?c=%2FUsers%2Fpeleg.katz%2FDesktop%2Fcx-web-workspace%2Flibs%2Fui%2Fprojects%2Fcgx-design-library%2Fsrc%2Flib%2Fcx-highlight%2Fcx-highlight.component.ts%40CxHighlightComponent&t=1780289682410 @ http://c4c.localhost:4200/@vite/client:509
[44348542ms] [ERROR] TypeError: Failed to fetch dynamically imported module: http://c4c.localhost:4200/@fs/Users/peleg.katz/Desktop/cx-web-workspace/libs/ui/projects/cgx-design-library/src/lib/cx-folder-tree/cx-folder/@ng/component?c=%2FUsers%2Fpeleg.katz%2FDesktop%2Fcx-web-workspace%2Flibs%2Fui%2Fprojects%2Fcgx-design-library%2Fsrc%2Flib%2Fcx-folder-tree%2Fcx-folder%2Fcx-folder.component.ts%40CxFolderComponent&t=1780289682413 @ http://c4c.localhost:4200/@vite/client:509
[44348542ms] [ERROR] Failed to load resource: net::ERR_NETWORK_CHANGED @ http://c4c.localhost:4200/@fs/Users/peleg.katz/Desktop/cx-web-workspace/libs/ui/projects/cgx-design-library/src/lib/cx-chart-legend/@ng/component?c=%2FUsers%2Fpeleg.katz%2FDesktop%2Fcx-web-workspace%2Flibs%2Fui%2Fprojects%2Fcgx-design-library%2Fsrc%2Flib%2Fcx-chart-legend%2Fcx-chart-legend.component.ts%40CxChartLegendComponent&t=1780289682415:0
[44348542ms] [ERROR] TypeError: Failed to fetch dynamically imported module: http://c4c.localhost:4200/@fs/Users/peleg.katz/Desktop/cx-web-workspace/libs/ui/projects/cgx-design-library/src/lib/cx-folder-tree/@ng/component?c=%2FUsers%2Fpeleg.katz%2FDesktop%2Fcx-web-workspace%2Flibs%2Fui%2Fprojects%2Fcgx-design-library%2Fsrc%2Flib%2Fcx-folder-tree%2Fcx-folder-tree.component.ts%40CxFolderTreeComponent&t=1780289682414 @ http://c4c.localhost:4200/@vite/client:509
[44348542ms] [ERROR] Failed to load resource: net::ERR_NETWORK_CHANGED @ http://c4c.localhost:4200/@fs/Users/peleg.katz/Desktop/cx-web-workspace/libs/ui/projects/cgx-design-library/src/lib/cx-link/@ng/component?c=%2FUsers%2Fpeleg.katz%2FDesktop%2Fcx-web-workspace%2Flibs%2Fui%2Fprojects%2Fcgx-design-library%2Fsrc%2Flib%2Fcx-link%2Fcx-link.component.ts%40CxLinkComponent&t=1780289682416:0
[44348542ms] [ERROR] TypeError: Failed to fetch dynamically imported module: http://c4c.localhost:4200/@fs/Users/peleg.katz/Desktop/cx-web-workspace/libs/ui/projects/cgx-design-library/src/lib/cx-textarea/@ng/component?c=%2FUsers%2Fpeleg.katz%2FDesktop%2Fcx-web-workspace%2Flibs%2Fui%2Fprojects%2Fcgx-design-library%2Fsrc%2Flib%2Fcx-textarea%2Fcx-textarea.component.ts%40CxTextareaComponent&t=1780289682414 @ http://c4c.localhost:4200/@vite/client:509
[44348542ms] [ERROR] Failed to load resource: net::ERR_NETWORK_CHANGED @ http://c4c.localhost:4200/@fs/Users/peleg.katz/Desktop/cx-web-workspace/libs/ui/projects/cgx-design-library/src/lib/cx-progress-bar/@ng/component?c=%2FUsers%2Fpeleg.katz%2FDesktop%2Fcx-web-workspace%2Flibs%2Fui%2Fprojects%2Fcgx-design-library%2Fsrc%2Flib%2Fcx-progress-bar%2Fcx-progress-bar.component.ts%40CxProgressBarComponent&t=1780289682416:0
[44348542ms] [ERROR] TypeError: Failed to fetch dynamically imported module: http://c4c.localhost:4200/@fs/Users/peleg.katz/Desktop/cx-web-workspace/libs/ui/projects/cgx-design-library/src/lib/cx-log-info-panel/@ng/component?c=%2FUsers%2Fpeleg.katz%2FDesktop%2Fcx-web-workspace%2Flibs%2Fui%2Fprojects%2Fcgx-design-library%2Fsrc%2Flib%2Fcx-log-info-panel%2Fcx-log-info-panel.component.ts%40CxLogInfoPanelComponent&t=1780289682415 @ http://c4c.localhost:4200/@vite/client:509
[44348542ms] [ERROR] TypeError: Failed to fetch dynamically imported module: http://c4c.localhost:4200/@fs/Users/peleg.katz/Desktop/cx-web-workspace/libs/ui/projects/cgx-design-library/src/lib/cx-chart-legend/header/@ng/component?c=%2FUsers%2Fpeleg.katz%2FDesktop%2Fcx-web-workspace%2Flibs%2Fui%2Fprojects%2Fcgx-design-library%2Fsrc%2Flib%2Fcx-chart-legend%2Fheader%2Fcx-chart-legend-header.component.ts%40CxChartLegendHeaderComponent&t=1780289682415 @ http://c4c.localhost:4200/@vite/client:509
[44348543ms] [ERROR] TypeError: Failed to fetch dynamically imported module: http://c4c.localhost:4200/@fs/Users/peleg.katz/Desktop/cx-web-workspace/libs/ui/projects/cgx-design-library/src/lib/cx-chart-legend/row/@ng/component?c=%2FUsers%2Fpeleg.katz%2FDesktop%2Fcx-web-workspace%2Flibs%2Fui%2Fprojects%2Fcgx-design-library%2Fsrc%2Flib%2Fcx-chart-legend%2Frow%2Fcx-chart-legend-row.component.ts%40CxChartLegendRowComponent&t=1780289682415 @ http://c4c.localhost:4200/@vite/client:509
[44348543ms] [ERROR] TypeError: Failed to fetch dynamically imported module: http://c4c.localhost:4200/@fs/Users/peleg.katz/Desktop/cx-web-workspace/libs/ui/projects/cgx-design-library/src/lib/cx-chart-legend/@ng/component?c=%2FUsers%2Fpeleg.katz%2FDesktop%2Fcx-web-workspace%2Flibs%2Fui%2Fprojects%2Fcgx-design-library%2Fsrc%2Flib%2Fcx-chart-legend%2Fcx-chart-legend.component.ts%40CxChartLegendComponent&t=1780289682415 @ http://c4c.localhost:4200/@vite/client:509
[44348543ms] [ERROR] TypeError: Failed to fetch dynamically imported module: http://c4c.localhost:4200/@fs/Users/peleg.katz/Desktop/cx-web-workspace/libs/ui/projects/cgx-design-library/src/lib/cx-link/@ng/component?c=%2FUsers%2Fpeleg.katz%2FDesktop%2Fcx-web-workspace%2Flibs%2Fui%2Fprojects%2Fcgx-design-library%2Fsrc%2Flib%2Fcx-link%2Fcx-link.component.ts%40CxLinkComponent&t=1780289682416 @ http://c4c.localhost:4200/@vite/client:509
[44348543ms] [ERROR] TypeError: Failed to fetch dynamically imported module: http://c4c.localhost:4200/@fs/Users/peleg.katz/Desktop/cx-web-workspace/libs/ui/projects/cgx-design-library/src/lib/cx-progress-bar/@ng/component?c=%2FUsers%2Fpeleg.katz%2FDesktop%2Fcx-web-workspace%2Flibs%2Fui%2Fprojects%2Fcgx-design-library%2Fsrc%2Flib%2Fcx-progress-bar%2Fcx-progress-bar.component.ts%40CxProgressBarComponent&t=1780289682416 @ http://c4c.localhost:4200/@vite/client:509
[44348546ms] [ERROR] Failed to load resource: net::ERR_NETWORK_CHANGED @ http://c4c.localhost:4200/@fs/Users/peleg.katz/Desktop/cx-web-workspace/libs/ui/projects/cgx-design-library/src/lib/cx-button-group/@ng/component?c=%2FUsers%2Fpeleg.katz%2FDesktop%2Fcx-web-workspace%2Flibs%2Fui%2Fprojects%2Fcgx-design-library%2Fsrc%2Flib%2Fcx-button-group%2Fcx-button-group.component.ts%40CxButtonGroupComponent&t=1780289682416:0
[44348546ms] [ERROR] Failed to load resource: net::ERR_NETWORK_CHANGED @ http://c4c.localhost:4200/@fs/Users/peleg.katz/Desktop/cx-web-workspace/libs/ui/projects/cgx-design-library/src/lib/cx-button-group/cx-button-group-item/@ng/component?c=%2FUsers%2Fpeleg.katz%2FDesktop%2Fcx-web-workspace%2Flibs%2Fui%2Fprojects%2Fcgx-design-library%2Fsrc%2Flib%2Fcx-button-group%2Fcx-button-group-item%2Fcx-button-group-item.component.ts%40CxButtonGroupItemComponent&t=1780289682416:0
[44348546ms] [ERROR] Failed to load resource: net::ERR_NETWORK_CHANGED @ http://c4c.localhost:4200/@fs/Users/peleg.katz/Desktop/cx-web-workspace/libs/ui/projects/cgx-design-library/src/lib/cx-tag-analytics/@ng/component?c=%2FUsers%2Fpeleg.katz%2FDesktop%2Fcx-web-workspace%2Flibs%2Fui%2Fprojects%2Fcgx-design-library%2Fsrc%2Flib%2Fcx-tag-analytics%2Fcx-tag-analytics.component.ts%40CxTagAnalyticsComponent&t=1780289682417:0
[44348546ms] [ERROR] Failed to load resource: net::ERR_NETWORK_CHANGED @ http://c4c.localhost:4200/@fs/Users/peleg.katz/Desktop/cx-web-workspace/libs/ui/projects/cgx-design-library/src/lib/cx-initials-avatar/@ng/component?c=%2FUsers%2Fpeleg.katz%2FDesktop%2Fcx-web-workspace%2Flibs%2Fui%2Fprojects%2Fcgx-design-library%2Fsrc%2Flib%2Fcx-initials-avatar%2Finitials-avatar.component.ts%40CxInitialsAvatarComponent&t=1780289682417:0
[44348547ms] [ERROR] Failed to load resource: net::ERR_NETWORK_CHANGED @ http://c4c.localhost:4200/@fs/Users/peleg.katz/Desktop/cx-web-workspace/libs/ui/projects/cgx-design-library/src/lib/cx-condition-builder/components/cx-condition-builder-list-operator/@ng/component?c=%2FUsers%2Fpeleg.katz%2FDesktop%2Fcx-web-workspace%2Flibs%2Fui%2Fprojects%2Fcgx-design-library%2Fsrc%2Flib%2Fcx-condition-builder%2Fcomponents%2Fcx-condition-builder-list-operator%2Fcx-condition-builder-list-operator.component.ts%40CxConditionBuilderListOperatorComponent&t=1780289682418:0
[44348547ms] [ERROR] Failed to load resource: net::ERR_NETWORK_CHANGED @ http://c4c.localhost:4200/@fs/Users/peleg.katz/Desktop/cx-web-workspace/libs/ui/projects/cgx-design-library/src/lib/cx-condition-builder/components/cx-condition-builder-attribute/@ng/component?c=%2FUsers%2Fpeleg.katz%2FDesktop%2Fcx-web-workspace%2Flibs%2Fui%2Fprojects%2Fcgx-design-library%2Fsrc%2Flib%2Fcx-condition-builder%2Fcomponents%2Fcx-condition-builder-attribute%2Fcx-condition-builder-attribute.component.ts%40CxConditionBuilderAttributeComponent&t=1780289682418:0
[44348547ms] [ERROR] Failed to load resource: net::ERR_NETWORK_CHANGED @ http://c4c.localhost:4200/@fs/Users/peleg.katz/Desktop/cx-web-workspace/libs/ui/projects/cgx-design-library/src/lib/cx-condition-builder/components/cx-condition-builder-operator/@ng/component?c=%2FUsers%2Fpeleg.katz%2FDesktop%2Fcx-web-workspace%2Flibs%2Fui%2Fprojects%2Fcgx-design-library%2Fsrc%2Flib%2Fcx-condition-builder%2Fcomponents%2Fcx-condition-builder-operator%2Fcx-condition-builder-operator.component.ts%40CxConditionBuilderOperatorComponent&t=1780289682418:0
[44348547ms] [ERROR] TypeError: Failed to fetch dynamically imported module: http://c4c.localhost:4200/@fs/Users/peleg.katz/Desktop/cx-web-workspace/libs/ui/projects/cgx-design-library/src/lib/cx-button-group/@ng/component?c=%2FUsers%2Fpeleg.katz%2FDesktop%2Fcx-web-workspace%2Flibs%2Fui%2Fprojects%2Fcgx-design-library%2Fsrc%2Flib%2Fcx-button-group%2Fcx-button-group.component.ts%40CxButtonGroupComponent&t=1780289682416 @ http://c4c.localhost:4200/@vite/client:509
[44348548ms] [ERROR] TypeError: Failed to fetch dynamically imported module: http://c4c.localhost:4200/@fs/Users/peleg.katz/Desktop/cx-web-workspace/libs/ui/projects/cgx-design-library/src/lib/cx-button-group/cx-button-group-item/@ng/component?c=%2FUsers%2Fpeleg.katz%2FDesktop%2Fcx-web-workspace%2Flibs%2Fui%2Fprojects%2Fcgx-design-library%2Fsrc%2Flib%2Fcx-button-group%2Fcx-button-group-item%2Fcx-button-group-item.component.ts%40CxButtonGroupItemComponent&t=1780289682416 @ http://c4c.localhost:4200/@vite/client:509
[44348548ms] [ERROR] TypeError: Failed to fetch dynamically imported module: http://c4c.localhost:4200/@fs/Users/peleg.katz/Desktop/cx-web-workspace/libs/ui/projects/cgx-design-library/src/lib/cx-tag-analytics/@ng/component?c=%2FUsers%2Fpeleg.katz%2FDesktop%2Fcx-web-workspace%2Flibs%2Fui%2Fprojects%2Fcgx-design-library%2Fsrc%2Flib%2Fcx-tag-analytics%2Fcx-tag-analytics.component.ts%40CxTagAnalyticsComponent&t=1780289682417 @ http://c4c.localhost:4200/@vite/client:509
[44348548ms] [ERROR] TypeError: Failed to fetch dynamically imported module: http://c4c.localhost:4200/@fs/Users/peleg.katz/Desktop/cx-web-workspace/libs/ui/projects/cgx-design-library/src/lib/cx-initials-avatar/@ng/component?c=%2FUsers%2Fpeleg.katz%2FDesktop%2Fcx-web-workspace%2Flibs%2Fui%2Fprojects%2Fcgx-design-library%2Fsrc%2Flib%2Fcx-initials-avatar%2Finitials-avatar.component.ts%40CxInitialsAvatarComponent&t=1780289682417 @ http://c4c.localhost:4200/@vite/client:509
[44348548ms] [ERROR] TypeError: Failed to fetch dynamically imported module: http://c4c.localhost:4200/@fs/Users/peleg.katz/Desktop/cx-web-workspace/libs/ui/projects/cgx-design-library/src/lib/cx-condition-builder/components/cx-condition-builder-list-operator/@ng/component?c=%2FUsers%2Fpeleg.katz%2FDesktop%2Fcx-web-workspace%2Flibs%2Fui%2Fprojects%2Fcgx-design-library%2Fsrc%2Flib%2Fcx-condition-builder%2Fcomponents%2Fcx-condition-builder-list-operator%2Fcx-condition-builder-list-operator.component.ts%40CxConditionBuilderListOperatorComponent&t=1780289682418 @ http://c4c.localhost:4200/@vite/client:509
[44348548ms] [ERROR] Failed to load resource: net::ERR_NETWORK_CHANGED @ http://c4c.localhost:4200/@fs/Users/peleg.katz/Desktop/cx-web-workspace/libs/ui/projects/cgx-design-library/src/lib/cx-condition-builder/components/cx-condition-builder-values/@ng/component?c=%2FUsers%2Fpeleg.katz%2FDesktop%2Fcx-web-workspace%2Flibs%2Fui%2Fprojects%2Fcgx-design-library%2Fsrc%2Flib%2Fcx-condition-builder%2Fcomponents%2Fcx-condition-builder-values%2Fcx-condition-builder-values.component.ts%40CxConditionBuilderValuesComponent&t=1780289682418:0
[44348548ms] [ERROR] Failed to load resource: net::ERR_NETWORK_CHANGED @ http://c4c.localhost:4200/@fs/Users/peleg.katz/Desktop/cx-web-workspace/libs/ui/projects/cgx-design-library/src/lib/cx-condition-builder/components/cx-condition-builder-item/@ng/component?c=%2FUsers%2Fpeleg.katz%2FDesktop%2Fcx-web-workspace%2Flibs%2Fui%2Fprojects%2Fcgx-design-library%2Fsrc%2Flib%2Fcx-condition-builder%2Fcomponents%2Fcx-condition-builder-item%2Fcx-condition-builder-item.component.ts%40CxConditionBuilderItemComponent&t=1780289682419:0
[44348548ms] [ERROR] Failed to load resource: net::ERR_NETWORK_CHANGED @ http://c4c.localhost:4200/@fs/Users/peleg.katz/Desktop/cx-web-workspace/libs/ui/projects/cgx-design-library/src/lib/cx-condition-builder/@ng/component?c=%2FUsers%2Fpeleg.katz%2FDesktop%2Fcx-web-workspace%2Flibs%2Fui%2Fprojects%2Fcgx-design-library%2Fsrc%2Flib%2Fcx-condition-builder%2Fcx-condition-builder.component.ts%40CxConditionBuilderComponent&t=1780289682419:0
[44348548ms] [ERROR] Failed to load resource: net::ERR_NETWORK_CHANGED @ http://c4c.localhost:4200/@fs/Users/peleg.katz/Desktop/cx-web-workspace/libs/ui/projects/cgx-design-library/src/lib/cx-paginator/@ng/component?c=%2FUsers%2Fpeleg.katz%2FDesktop%2Fcx-web-workspace%2Flibs%2Fui%2Fprojects%2Fcgx-design-library%2Fsrc%2Flib%2Fcx-paginator%2Fcx-paginator.component.ts%40CxPaginatorComponent&t=1780289682419:0
[44348548ms] [ERROR] TypeError: Failed to fetch dynamically imported module: http://c4c.localhost:4200/@fs/Users/peleg.katz/Desktop/cx-web-workspace/libs/ui/projects/cgx-design-library/src/lib/cx-condition-builder/components/cx-condition-builder-attribute/@ng/component?c=%2FUsers%2Fpeleg.katz%2FDesktop%2Fcx-web-workspace%2Flibs%2Fui%2Fprojects%2Fcgx-design-library%2Fsrc%2Flib%2Fcx-condition-builder%2Fcomponents%2Fcx-condition-builder-attribute%2Fcx-condition-builder-attribute.component.ts%40CxConditionBuilderAttributeComponent&t=1780289682418 @ http://c4c.localhost:4200/@vite/client:509
[44348548ms] [ERROR] TypeError: Failed to fetch dynamically imported module: http://c4c.localhost:4200/@fs/Users/peleg.katz/Desktop/cx-web-workspace/libs/ui/projects/cgx-design-library/src/lib/cx-condition-builder/components/cx-condition-builder-operator/@ng/component?c=%2FUsers%2Fpeleg.katz%2FDesktop%2Fcx-web-workspace%2Flibs%2Fui%2Fprojects%2Fcgx-design-library%2Fsrc%2Flib%2Fcx-condition-builder%2Fcomponents%2Fcx-condition-builder-operator%2Fcx-condition-builder-operator.component.ts%40CxConditionBuilderOperatorComponent&t=1780289682418 @ http://c4c.localhost:4200/@vite/client:509
[44348548ms] [ERROR] Failed to load resource: net::ERR_NETWORK_CHANGED @ http://c4c.localhost:4200/@fs/Users/peleg.katz/Desktop/cx-web-workspace/libs/ui/projects/cgx-design-library/src/lib/cx-grid-log-style/@ng/component?c=%2FUsers%2Fpeleg.katz%2FDesktop%2Fcx-web-workspace%2Flibs%2Fui%2Fprojects%2Fcgx-design-library%2Fsrc%2Flib%2Fcx-grid-log-style%2Fcx-grid-log-style.component.ts%40CxGridLogStyleComponent&t=1780289682420:0
[44348548ms] [ERROR] Failed to load resource: net::ERR_NETWORK_CHANGED @ http://c4c.localhost:4200/@fs/Users/peleg.katz/Desktop/cx-web-workspace/libs/ui/projects/cgx-design-library/src/lib/cx-entity-label-select/@ng/component?c=%2FUsers%2Fpeleg.katz%2FDesktop%2Fcx-web-workspace%2Flibs%2Fui%2Fprojects%2Fcgx-design-library%2Fsrc%2Flib%2Fcx-entity-label-select%2Fcx-entity-label-option.component.ts%40EntityLabelOptionComponent&t=1780289682420:0
[44348548ms] [ERROR] Failed to load resource: net::ERR_NETWORK_CHANGED @ http://c4c.localhost:4200/@fs/Users/peleg.katz/Desktop/cx-web-workspace/libs/ui/projects/cgx-design-library/src/lib/cx-entity-label-select/@ng/component?c=%2FUsers%2Fpeleg.katz%2FDesktop%2Fcx-web-workspace%2Flibs%2Fui%2Fprojects%2Fcgx-design-library%2Fsrc%2Flib%2Fcx-entity-label-select%2Fcx-entity-label-selected-option.component.ts%40EntityLabelSelectedOptionComponent&t=1780289682420:0
[44348548ms] [ERROR] Failed to load resource: net::ERR_NETWORK_CHANGED @ http://c4c.localhost:4200/@fs/Users/peleg.katz/Desktop/cx-web-workspace/libs/ui/projects/cgx-design-library/src/lib/cx-entity-label-select/@ng/component?c=%2FUsers%2Fpeleg.katz%2FDesktop%2Fcx-web-workspace%2Flibs%2Fui%2Fprojects%2Fcgx-design-library%2Fsrc%2Flib%2Fcx-entity-label-select%2Fcx-entity-label-select.component.ts%40EntityLabelSelectComponent&t=1780289682420:0
[44348548ms] [ERROR] Failed to load resource: net::ERR_NETWORK_CHANGED @ http://c4c.localhost:4200/@fs/Users/peleg.katz/Desktop/cx-web-workspace/libs/popups/src/lib/coralogix-snackbar/@ng/component?c=%2FUsers%2Fpeleg.katz%2FDesktop%2Fcx-web-workspace%2Flibs%2Fpopups%2Fsrc%2Flib%2Fcoralogix-snackbar%2Fcoralogix-snackbar.component.ts%40CoralogixSnackbarComponent&t=1780289682425:0
[44348548ms] [ERROR] Failed to load resource: net::ERR_NETWORK_CHANGED @ http://c4c.localhost:4200/@fs/Users/peleg.katz/Desktop/cx-web-workspace/libs/controls/src/lib/delete-dialog-v2/@ng/component?c=%2FUsers%2Fpeleg.katz%2FDesktop%2Fcx-web-workspace%2Flibs%2Fcontrols%2Fsrc%2Flib%2Fdelete-dialog-v2%2Fdelete-dialog-v2.component.ts%40DeleteDialogV2Component&t=1780289682426:0
[44348548ms] [ERROR] TypeError: Failed to fetch dynamically imported module: http://c4c.localhost:4200/@fs/Users/peleg.katz/Desktop/cx-web-workspace/libs/ui/projects/cgx-design-library/src/lib/cx-condition-builder/components/cx-condition-builder-values/@ng/component?c=%2FUsers%2Fpeleg.katz%2FDesktop%2Fcx-web-workspace%2Flibs%2Fui%2Fprojects%2Fcgx-design-library%2Fsrc%2Flib%2Fcx-condition-builder%2Fcomponents%2Fcx-condition-builder-values%2Fcx-condition-builder-values.component.ts%40CxConditionBuilderValuesComponent&t=1780289682418 @ http://c4c.localhost:4200/@vite/client:509
[44348548ms] [ERROR] TypeError: Failed to fetch dynamically imported module: http://c4c.localhost:4200/@fs/Users/peleg.katz/Desktop/cx-web-workspace/libs/ui/projects/cgx-design-library/src/lib/cx-condition-builder/components/cx-condition-builder-item/@ng/component?c=%2FUsers%2Fpeleg.katz%2FDesktop%2Fcx-web-workspace%2Flibs%2Fui%2Fprojects%2Fcgx-design-library%2Fsrc%2Flib%2Fcx-condition-builder%2Fcomponents%2Fcx-condition-builder-item%2Fcx-condition-builder-item.component.ts%40CxConditionBuilderItemComponent&t=1780289682419 @ http://c4c.localhost:4200/@vite/client:509
[44348549ms] [ERROR] TypeError: Failed to fetch dynamically imported module: http://c4c.localhost:4200/@fs/Users/peleg.katz/Desktop/cx-web-workspace/libs/ui/projects/cgx-design-library/src/lib/cx-condition-builder/@ng/component?c=%2FUsers%2Fpeleg.katz%2FDesktop%2Fcx-web-workspace%2Flibs%2Fui%2Fprojects%2Fcgx-design-library%2Fsrc%2Flib%2Fcx-condition-builder%2Fcx-condition-builder.component.ts%40CxConditionBuilderComponent&t=1780289682419 @ http://c4c.localhost:4200/@vite/client:509
[44348549ms] [ERROR] Failed to load resource: net::ERR_NETWORK_CHANGED @ http://c4c.localhost:4200/@fs/Users/peleg.katz/Desktop/cx-web-workspace/libs/controls/src/lib/delete-dialog/@ng/component?c=%2FUsers%2Fpeleg.katz%2FDesktop%2Fcx-web-workspace%2Flibs%2Fcontrols%2Fsrc%2Flib%2Fdelete-dialog%2Fdelete-dialog.component.ts%40DeleteDialogComponent&t=1780289682426:0
[44348549ms] [ERROR] TypeError: Failed to fetch dynamically imported module: http://c4c.localhost:4200/@fs/Users/peleg.katz/Desktop/cx-web-workspace/libs/ui/projects/cgx-design-library/src/lib/cx-paginator/@ng/component?c=%2FUsers%2Fpeleg.katz%2FDesktop%2Fcx-web-workspace%2Flibs%2Fui%2Fprojects%2Fcgx-design-library%2Fsrc%2Flib%2Fcx-paginator%2Fcx-paginator.component.ts%40CxPaginatorComponent&t=1780289682419 @ http://c4c.localhost:4200/@vite/client:509
[44348549ms] [ERROR] TypeError: Failed to fetch dynamically imported module: http://c4c.localhost:4200/@fs/Users/peleg.katz/Desktop/cx-web-workspace/libs/ui/projects/cgx-design-library/src/lib/cx-grid-log-style/@ng/component?c=%2FUsers%2Fpeleg.katz%2FDesktop%2Fcx-web-workspace%2Flibs%2Fui%2Fprojects%2Fcgx-design-library%2Fsrc%2Flib%2Fcx-grid-log-style%2Fcx-grid-log-style.component.ts%40CxGridLogStyleComponent&t=1780289682420 @ http://c4c.localhost:4200/@vite/client:509
[44348549ms] [ERROR] TypeError: Failed to fetch dynamically imported module: http://c4c.localhost:4200/@fs/Users/peleg.katz/Desktop/cx-web-workspace/libs/ui/projects/cgx-design-library/src/lib/cx-entity-label-select/@ng/component?c=%2FUsers%2Fpeleg.katz%2FDesktop%2Fcx-web-workspace%2Flibs%2Fui%2Fprojects%2Fcgx-design-library%2Fsrc%2Flib%2Fcx-entity-label-select%2Fcx-entity-label-option.component.ts%40EntityLabelOptionComponent&t=1780289682420 @ http://c4c.localhost:4200/@vite/client:509
[44348549ms] [ERROR] TypeError: Failed to fetch dynamically imported module: http://c4c.localhost:4200/@fs/Users/peleg.katz/Desktop/cx-web-workspace/libs/ui/projects/cgx-design-library/src/lib/cx-entity-label-select/@ng/component?c=%2FUsers%2Fpeleg.katz%2FDesktop%2Fcx-web-workspace%2Flibs%2Fui%2Fprojects%2Fcgx-design-library%2Fsrc%2Flib%2Fcx-entity-label-select%2Fcx-entity-label-selected-option.component.ts%40EntityLabelSelectedOptionComponent&t=1780289682420 @ http://c4c.localhost:4200/@vite/client:509
[44348549ms] [ERROR] TypeError: Failed to fetch dynamically imported module: http://c4c.localhost:4200/@fs/Users/peleg.katz/Desktop/cx-web-workspace/libs/ui/projects/cgx-design-library/src/lib/cx-entity-label-select/@ng/component?c=%2FUsers%2Fpeleg.katz%2FDesktop%2Fcx-web-workspace%2Flibs%2Fui%2Fprojects%2Fcgx-design-library%2Fsrc%2Flib%2Fcx-entity-label-select%2Fcx-entity-label-select.component.ts%40EntityLabelSelectComponent&t=1780289682420 @ http://c4c.localhost:4200/@vite/client:509
[44348549ms] [ERROR] TypeError: Failed to fetch dynamically imported module: http://c4c.localhost:4200/@fs/Users/peleg.katz/Desktop/cx-web-workspace/libs/popups/src/lib/coralogix-snackbar/@ng/component?c=%2FUsers%2Fpeleg.katz%2FDesktop%2Fcx-web-workspace%2Flibs%2Fpopups%2Fsrc%2Flib%2Fcoralogix-snackbar%2Fcoralogix-snackbar.component.ts%40CoralogixSnackbarComponent&t=1780289682425 @ http://c4c.localhost:4200/@vite/client:509
[44348549ms] [ERROR] TypeError: Failed to fetch dynamically imported module: http://c4c.localhost:4200/@fs/Users/peleg.katz/Desktop/cx-web-workspace/libs/controls/src/lib/delete-dialog-v2/@ng/component?c=%2FUsers%2Fpeleg.katz%2FDesktop%2Fcx-web-workspace%2Flibs%2Fcontrols%2Fsrc%2Flib%2Fdelete-dialog-v2%2Fdelete-dialog-v2.component.ts%40DeleteDialogV2Component&t=1780289682426 @ http://c4c.localhost:4200/@vite/client:509
[44348549ms] [ERROR] Failed to load resource: net::ERR_NETWORK_CHANGED @ http://c4c.localhost:4200/@fs/Users/peleg.katz/Desktop/cx-web-workspace/libs/cx-ui/tabs/src/lib/@ng/component?c=%2FUsers%2Fpeleg.katz%2FDesktop%2Fcx-web-workspace%2Flibs%2Fcx-ui%2Ftabs%2Fsrc%2Flib%2Ftab.ts%40CxuiTab&t=1780289682428:0
[44348549ms] [ERROR] Failed to load resource: net::ERR_NETWORK_CHANGED @ http://c4c.localhost:4200/@fs/Users/peleg.katz/Desktop/cx-web-workspace/libs/cx-ui/tabs/src/lib/@ng/component?c=%2FUsers%2Fpeleg.katz%2FDesktop%2Fcx-web-workspace%2Flibs%2Fcx-ui%2Ftabs%2Fsrc%2Flib%2Ftabs.ts%40CxuiTabs&t=1780289682429:0
[44348549ms] [ERROR] TypeError: Failed to fetch dynamically imported module: http://c4c.localhost:4200/@fs/Users/peleg.katz/Desktop/cx-web-workspace/libs/controls/src/lib/delete-dialog/@ng/component?c=%2FUsers%2Fpeleg.katz%2FDesktop%2Fcx-web-workspace%2Flibs%2Fcontrols%2Fsrc%2Flib%2Fdelete-dialog%2Fdelete-dialog.component.ts%40DeleteDialogComponent&t=1780289682426 @ http://c4c.localhost:4200/@vite/client:509
[44348549ms] [ERROR] Failed to load resource: net::ERR_NETWORK_CHANGED @ http://c4c.localhost:4200/@fs/Users/peleg.katz/Desktop/cx-web-workspace/libs/grpc/debugger/src/lib/json-tree-node/@ng/component?c=%2FUsers%2Fpeleg.katz%2FDesktop%2Fcx-web-workspace%2Flibs%2Fgrpc%2Fdebugger%2Fsrc%2Flib%2Fjson-tree-node%2Fjson-tree-node.component.ts%40JsonTreeNodeComponent&t=1780289682429:0
[44348549ms] [ERROR] Failed to load resource: net::ERR_NETWORK_CHANGED @ http://c4c.localhost:4200/@fs/Users/peleg.katz/Desktop/cx-web-workspace/libs/grpc/debugger/src/lib/json-tree-viewer/@ng/component?c=%2FUsers%2Fpeleg.katz%2FDesktop%2Fcx-web-workspace%2Flibs%2Fgrpc%2Fdebugger%2Fsrc%2Flib%2Fjson-tree-viewer%2Fjson-tree-viewer.component.ts%40JsonTreeViewerComponent&t=1780289682429:0
[44348549ms] [ERROR] TypeError: Failed to fetch dynamically imported module: http://c4c.localhost:4200/@fs/Users/peleg.katz/Desktop/cx-web-workspace/libs/cx-ui/tabs/src/lib/@ng/component?c=%2FUsers%2Fpeleg.katz%2FDesktop%2Fcx-web-workspace%2Flibs%2Fcx-ui%2Ftabs%2Fsrc%2Flib%2Ftab.ts%40CxuiTab&t=1780289682428 @ http://c4c.localhost:4200/@vite/client:509
[44348550ms] [ERROR] TypeError: Failed to fetch dynamically imported module: http://c4c.localhost:4200/@fs/Users/peleg.katz/Desktop/cx-web-workspace/libs/cx-ui/tabs/src/lib/@ng/component?c=%2FUsers%2Fpeleg.katz%2FDesktop%2Fcx-web-workspace%2Flibs%2Fcx-ui%2Ftabs%2Fsrc%2Flib%2Ftabs.ts%40CxuiTabs&t=1780289682429 @ http://c4c.localhost:4200/@vite/client:509
[44348550ms] [ERROR] Failed to load resource: net::ERR_NETWORK_CHANGED @ http://c4c.localhost:4200/@fs/Users/peleg.katz/Desktop/cx-web-workspace/libs/grpc/debugger/src/lib/grpc-tab/@ng/component?c=%2FUsers%2Fpeleg.katz%2FDesktop%2Fcx-web-workspace%2Flibs%2Fgrpc%2Fdebugger%2Fsrc%2Flib%2Fgrpc-tab%2Fgrpc-tab.component.ts%40GrpcTabComponent&t=1780289682429:0
[44348550ms] [ERROR] Failed to load resource: net::ERR_NETWORK_CHANGED @ http://c4c.localhost:4200/@fs/Users/peleg.katz/Desktop/cx-web-workspace/libs/grpc/debugger/src/lib/url-tab/@ng/component?c=%2FUsers%2Fpeleg.katz%2FDesktop%2Fcx-web-workspace%2Flibs%2Fgrpc%2Fdebugger%2Fsrc%2Flib%2Furl-tab%2Furl-tab.component.ts%40UrlTabComponent&t=1780289682429:0
[44348550ms] [ERROR] TypeError: Failed to fetch dynamically imported module: http://c4c.localhost:4200/@fs/Users/peleg.katz/Desktop/cx-web-workspace/libs/grpc/debugger/src/lib/json-tree-node/@ng/component?c=%2FUsers%2Fpeleg.katz%2FDesktop%2Fcx-web-workspace%2Flibs%2Fgrpc%2Fdebugger%2Fsrc%2Flib%2Fjson-tree-node%2Fjson-tree-node.component.ts%40JsonTreeNodeComponent&t=1780289682429 @ http://c4c.localhost:4200/@vite/client:509
[44348550ms] [ERROR] TypeError: Failed to fetch dynamically imported module: http://c4c.localhost:4200/@fs/Users/peleg.katz/Desktop/cx-web-workspace/libs/grpc/debugger/src/lib/json-tree-viewer/@ng/component?c=%2FUsers%2Fpeleg.katz%2FDesktop%2Fcx-web-workspace%2Flibs%2Fgrpc%2Fdebugger%2Fsrc%2Flib%2Fjson-tree-viewer%2Fjson-tree-viewer.component.ts%40JsonTreeViewerComponent&t=1780289682429 @ http://c4c.localhost:4200/@vite/client:509
[44348550ms] [ERROR] Failed to load resource: net::ERR_NETWORK_CHANGED @ http://c4c.localhost:4200/@fs/Users/peleg.katz/Desktop/cx-web-workspace/libs/grpc/debugger/src/lib/@ng/component?c=%2FUsers%2Fpeleg.katz%2FDesktop%2Fcx-web-workspace%2Flibs%2Fgrpc%2Fdebugger%2Fsrc%2Flib%2Fgrpc-debugger.component.ts%40GrpcDebuggerComponent&t=1780289682430:0
[44348550ms] [ERROR] Failed to load resource: net::ERR_NETWORK_CHANGED @ http://c4c.localhost:4200/@fs/Users/peleg.katz/Desktop/cx-web-workspace/libs/cx-ui/announcement/src/lib/@ng/component?c=%2FUsers%2Fpeleg.katz%2FDesktop%2Fcx-web-workspace%2Flibs%2Fcx-ui%2Fannouncement%2Fsrc%2Flib%2Fannouncement.component.ts%40CxuiAnnouncement&t=1780289682432:0
[44348550ms] [ERROR] Failed to load resource: net::ERR_NETWORK_CHANGED @ http://c4c.localhost:4200/@fs/Users/peleg.katz/Desktop/cx-web-workspace/libs/infrastructure-explorer/src/lib/shared/components/catalog-live-data/@ng/component?c=%2FUsers%2Fpeleg.katz%2FDesktop%2Fcx-web-workspace%2Flibs%2Finfrastructure-explorer%2Fsrc%2Flib%2Fshared%2Fcomponents%2Fcatalog-live-data%2Fsh-catalog-live-data-announcement-item.component.ts%40ShCatalogLiveDataAnnouncementItemComponent&t=1780289682432:0
[44348550ms] [ERROR] Failed to load resource: net::ERR_NETWORK_CHANGED @ http://c4c.localhost:4200/@fs/Users/peleg.katz/Desktop/cx-web-workspace/libs/infrastructure-explorer/src/lib/shared/components/infrastructure-monitoring-empty-state/@ng/component?c=%2FUsers%2Fpeleg.katz%2FDesktop%2Fcx-web-workspace%2Flibs%2Finfrastructure-explorer%2Fsrc%2Flib%2Fshared%2Fcomponents%2Finfrastructure-monitoring-empty-state%2Finfrastructure-monitoring-empty-state.component.ts%40InfrastructureMonitoringEmptyStateComponent&t=1780289682432:0
[44348550ms] [ERROR] TypeError: Failed to fetch dynamically imported module: http://c4c.localhost:4200/@fs/Users/peleg.katz/Desktop/cx-web-workspace/libs/grpc/debugger/src/lib/grpc-tab/@ng/component?c=%2FUsers%2Fpeleg.katz%2FDesktop%2Fcx-web-workspace%2Flibs%2Fgrpc%2Fdebugger%2Fsrc%2Flib%2Fgrpc-tab%2Fgrpc-tab.component.ts%40GrpcTabComponent&t=1780289682429 @ http://c4c.localhost:4200/@vite/client:509
[44348550ms] [ERROR] TypeError: Failed to fetch dynamically imported module: http://c4c.localhost:4200/@fs/Users/peleg.katz/Desktop/cx-web-workspace/libs/grpc/debugger/src/lib/url-tab/@ng/component?c=%2FUsers%2Fpeleg.katz%2FDesktop%2Fcx-web-workspace%2Flibs%2Fgrpc%2Fdebugger%2Fsrc%2Flib%2Furl-tab%2Furl-tab.component.ts%40UrlTabComponent&t=1780289682429 @ http://c4c.localhost:4200/@vite/client:509
[44348550ms] [ERROR] Failed to load resource: net::ERR_NETWORK_CHANGED @ http://c4c.localhost:4200/@fs/Users/peleg.katz/Desktop/cx-web-workspace/libs/query-builder/core/src/lib/components/filter-complex-chip/@ng/component?c=%2FUsers%2Fpeleg.katz%2FDesktop%2Fcx-web-workspace%2Flibs%2Fquery-builder%2Fcore%2Fsrc%2Flib%2Fcomponents%2Ffilter-complex-chip%2Ffilter-complex-chip.component.ts%40FilterComplexChipComponent&t=1780289682434:0
[44348550ms] [ERROR] Failed to load resource: net::ERR_NETWORK_CHANGED @ http://c4c.localhost:4200/@fs/Users/peleg.katz/Desktop/cx-web-workspace/libs/query-builder/core/src/lib/components/clause/@ng/component?c=%2FUsers%2Fpeleg.katz%2FDesktop%2Fcx-web-workspace%2Flibs%2Fquery-builder%2Fcore%2Fsrc%2Flib%2Fcomponents%2Fclause%2Fclause.component.ts%40ClauseComponent&t=1780289682435:0
[44348550ms] [ERROR] Failed to load resource: net::ERR_NETWORK_CHANGED @ http://c4c.localhost:4200/@fs/Users/peleg.katz/Desktop/cx-web-workspace/libs/query-builder/lucene/src/lib/ui/lucene-key-option-label/@ng/component?c=%2FUsers%2Fpeleg.katz%2FDesktop%2Fcx-web-workspace%2Flibs%2Fquery-builder%2Flucene%2Fsrc%2Flib%2Fui%2Flucene-key-option-label%2Flucene-key-option-label.component.ts%40LuceneKeyOptionLabelComponent&t=1780289682435:0
[44348550ms] [ERROR] TypeError: Failed to fetch dynamically imported module: http://c4c.localhost:4200/@fs/Users/peleg.katz/Desktop/cx-web-workspace/libs/grpc/debugger/src/lib/@ng/component?c=%2FUsers%2Fpeleg.katz%2FDesktop%2Fcx-web-workspace%2Flibs%2Fgrpc%2Fdebugger%2Fsrc%2Flib%2Fgrpc-debugger.component.ts%40GrpcDebuggerComponent&t=1780289682430 @ http://c4c.localhost:4200/@vite/client:509
[44348550ms] [ERROR] TypeError: Failed to fetch dynamically imported module: http://c4c.localhost:4200/@fs/Users/peleg.katz/Desktop/cx-web-workspace/libs/cx-ui/announcement/src/lib/@ng/component?c=%2FUsers%2Fpeleg.katz%2FDesktop%2Fcx-web-workspace%2Flibs%2Fcx-ui%2Fannouncement%2Fsrc%2Flib%2Fannouncement.component.ts%40CxuiAnnouncement&t=1780289682432 @ http://c4c.localhost:4200/@vite/client:509
[44348550ms] [ERROR] TypeError: Failed to fetch dynamically imported module: http://c4c.localhost:4200/@fs/Users/peleg.katz/Desktop/cx-web-workspace/libs/infrastructure-explorer/src/lib/shared/components/catalog-live-data/@ng/component?c=%2FUsers%2Fpeleg.katz%2FDesktop%2Fcx-web-workspace%2Flibs%2Finfrastructure-explorer%2Fsrc%2Flib%2Fshared%2Fcomponents%2Fcatalog-live-data%2Fsh-catalog-live-data-announcement-item.component.ts%40ShCatalogLiveDataAnnouncementItemComponent&t=1780289682432 @ http://c4c.localhost:4200/@vite/client:509
[44348550ms] [ERROR] TypeError: Failed to fetch dynamically imported module: http://c4c.localhost:4200/@fs/Users/peleg.katz/Desktop/cx-web-workspace/libs/infrastructure-explorer/src/lib/shared/components/infrastructure-monitoring-empty-state/@ng/component?c=%2FUsers%2Fpeleg.katz%2FDesktop%2Fcx-web-workspace%2Flibs%2Finfrastructure-explorer%2Fsrc%2Flib%2Fshared%2Fcomponents%2Finfrastructure-monitoring-empty-state%2Finfrastructure-monitoring-empty-state.component.ts%40InfrastructureMonitoringEmptyStateComponent&t=1780289682432 @ http://c4c.localhost:4200/@vite/client:509
[44348551ms] [ERROR] Failed to load resource: net::ERR_NETWORK_CHANGED @ http://c4c.localhost:4200/@fs/Users/peleg.katz/Desktop/cx-web-workspace/libs/query-builder/lucene/src/lib/components/lucene-filter-clause-action/@ng/component?c=%2FUsers%2Fpeleg.katz%2FDesktop%2Fcx-web-workspace%2Flibs%2Fquery-builder%2Flucene%2Fsrc%2Flib%2Fcomponents%2Flucene-filter-clause-action%2Flucene-filter-clause-action.component.ts%40LuceneFilterClauseActionComponent&t=1780289682436:0
[44348551ms] [ERROR] Failed to load resource: net::ERR_NETWORK_CHANGED @ http://c4c.localhost:4200/@fs/Users/peleg.katz/Desktop/cx-web-workspace/libs/query-builder/lucene/src/lib/components/lucene-filter-complex-chip/@ng/component?c=%2FUsers%2Fpeleg.katz%2FDesktop%2Fcx-web-workspace%2Flibs%2Fquery-builder%2Flucene%2Fsrc%2Flib%2Fcomponents%2Flucene-filter-complex-chip%2Flucene-filter-complex-chip.component.ts%40LuceneFilterComplexChipComponent&t=1780289682436:0
[44348551ms] [ERROR] Failed to load resource: net::ERR_NETWORK_CHANGED @ http://c4c.localhost:4200/@fs/Users/peleg.katz/Desktop/cx-web-workspace/libs/editors/src/dataprime-cheat-sheet/@ng/component?c=%2FUsers%2Fpeleg.katz%2FDesktop%2Fcx-web-workspace%2Flibs%2Feditors%2Fsrc%2Fdataprime-cheat-sheet%2Fdataprime-cheat-sheet.component.ts%40DataprimeCheatSheetComponent&t=1780289682598:0
[44348551ms] [ERROR] TypeError: Failed to fetch dynamically imported module: http://c4c.localhost:4200/@fs/Users/peleg.katz/Desktop/cx-web-workspace/libs/query-builder/core/src/lib/components/filter-complex-chip/@ng/component?c=%2FUsers%2Fpeleg.katz%2FDesktop%2Fcx-web-workspace%2Flibs%2Fquery-builder%2Fcore%2Fsrc%2Flib%2Fcomponents%2Ffilter-complex-chip%2Ffilter-complex-chip.component.ts%40FilterComplexChipComponent&t=1780289682434 @ http://c4c.localhost:4200/@vite/client:509
[44348551ms] [ERROR] TypeError: Failed to fetch dynamically imported module: http://c4c.localhost:4200/@fs/Users/peleg.katz/Desktop/cx-web-workspace/libs/query-builder/core/src/lib/components/clause/@ng/component?c=%2FUsers%2Fpeleg.katz%2FDesktop%2Fcx-web-workspace%2Flibs%2Fquery-builder%2Fcore%2Fsrc%2Flib%2Fcomponents%2Fclause%2Fclause.component.ts%40ClauseComponent&t=1780289682435 @ http://c4c.localhost:4200/@vite/client:509
[44348551ms] [ERROR] TypeError: Failed to fetch dynamically imported module: http://c4c.localhost:4200/@fs/Users/peleg.katz/Desktop/cx-web-workspace/libs/query-builder/lucene/src/lib/ui/lucene-key-option-label/@ng/component?c=%2FUsers%2Fpeleg.katz%2FDesktop%2Fcx-web-workspace%2Flibs%2Fquery-builder%2Flucene%2Fsrc%2Flib%2Fui%2Flucene-key-option-label%2Flucene-key-option-label.component.ts%40LuceneKeyOptionLabelComponent&t=1780289682435 @ http://c4c.localhost:4200/@vite/client:509
[44348551ms] [ERROR] Failed to load resource: net::ERR_NETWORK_CHANGED @ http://c4c.localhost:4200/@fs/Users/peleg.katz/Desktop/cx-web-workspace/libs/cora-ai/src/components/ai-loader/@ng/component?c=%2FUsers%2Fpeleg.katz%2FDesktop%2Fcx-web-workspace%2Flibs%2Fcora-ai%2Fsrc%2Fcomponents%2Fai-loader%2Fai-loader.component.ts%40AiLoaderComponent&t=1780289682602:0
[44348551ms] [ERROR] Failed to load resource: net::ERR_NETWORK_CHANGED @ http://c4c.localhost:4200/@fs/Users/peleg.katz/Desktop/cx-web-workspace/libs/cora-ai/src/components/cora/header/@ng/component?c=%2FUsers%2Fpeleg.katz%2FDesktop%2Fcx-web-workspace%2Flibs%2Fcora-ai%2Fsrc%2Fcomponents%2Fcora%2Fheader%2Fcora-header.component.ts%40CoraHeaderComponent&t=1780289682603:0
[44348551ms] [ERROR] TypeError: Failed to fetch dynamically imported module: http://c4c.localhost:4200/@fs/Users/peleg.katz/Desktop/cx-web-workspace/libs/query-builder/lucene/src/lib/components/lucene-filter-clause-action/@ng/component?c=%2FUsers%2Fpeleg.katz%2FDesktop%2Fcx-web-workspace%2Flibs%2Fquery-builder%2Flucene%2Fsrc%2Flib%2Fcomponents%2Flucene-filter-clause-action%2Flucene-filter-clause-action.component.ts%40LuceneFilterClauseActionComponent&t=1780289682436 @ http://c4c.localhost:4200/@vite/client:509
[44348551ms] [ERROR] TypeError: Failed to fetch dynamically imported module: http://c4c.localhost:4200/@fs/Users/peleg.katz/Desktop/cx-web-workspace/libs/query-builder/lucene/src/lib/components/lucene-filter-complex-chip/@ng/component?c=%2FUsers%2Fpeleg.katz%2FDesktop%2Fcx-web-workspace%2Flibs%2Fquery-builder%2Flucene%2Fsrc%2Flib%2Fcomponents%2Flucene-filter-complex-chip%2Flucene-filter-complex-chip.component.ts%40LuceneFilterComplexChipComponent&t=1780289682436 @ http://c4c.localhost:4200/@vite/client:509
[44348551ms] [ERROR] TypeError: Failed to fetch dynamically imported module: http://c4c.localhost:4200/@fs/Users/peleg.katz/Desktop/cx-web-workspace/libs/editors/src/dataprime-cheat-sheet/@ng/component?c=%2FUsers%2Fpeleg.katz%2FDesktop%2Fcx-web-workspace%2Flibs%2Feditors%2Fsrc%2Fdataprime-cheat-sheet%2Fdataprime-cheat-sheet.component.ts%40DataprimeCheatSheetComponent&t=1780289682598 @ http://c4c.localhost:4200/@vite/client:509
[44348551ms] [ERROR] TypeError: Failed to fetch dynamically imported module: http://c4c.localhost:4200/@fs/Users/peleg.katz/Desktop/cx-web-workspace/libs/cora-ai/src/components/ai-loader/@ng/component?c=%2FUsers%2Fpeleg.katz%2FDesktop%2Fcx-web-workspace%2Flibs%2Fcora-ai%2Fsrc%2Fcomponents%2Fai-loader%2Fai-loader.component.ts%40AiLoaderComponent&t=1780289682602 @ http://c4c.localhost:4200/@vite/client:509
[44348551ms] [ERROR] TypeError: Failed to fetch dynamically imported module: http://c4c.localhost:4200/@fs/Users/peleg.katz/Desktop/cx-web-workspace/libs/cora-ai/src/components/cora/header/@ng/component?c=%2FUsers%2Fpeleg.katz%2FDesktop%2Fcx-web-workspace%2Flibs%2Fcora-ai%2Fsrc%2Fcomponents%2Fcora%2Fheader%2Fcora-header.component.ts%40CoraHeaderComponent&t=1780289682603 @ http://c4c.localhost:4200/@vite/client:509
[44348551ms] [ERROR] Failed to load resource: net::ERR_NETWORK_CHANGED @ http://c4c.localhost:4200/@fs/Users/peleg.katz/Desktop/cx-web-workspace/libs/cora-ai/src/components/user-feedback/user-feedback-dialog/@ng/component?c=%2FUsers%2Fpeleg.katz%2FDesktop%2Fcx-web-workspace%2Flibs%2Fcora-ai%2Fsrc%2Fcomponents%2Fuser-feedback%2Fuser-feedback-dialog%2Fuser-feedback-dialog.component.ts%40UserFeedbackDialogComponent&t=1780289682603:0
[44348551ms] [ERROR] Failed to load resource: net::ERR_NETWORK_CHANGED @ http://c4c.localhost:4200/@fs/Users/peleg.katz/Desktop/cx-web-workspace/libs/cora-ai/src/components/user-feedback/@ng/component?c=%2FUsers%2Fpeleg.katz%2FDesktop%2Fcx-web-workspace%2Flibs%2Fcora-ai%2Fsrc%2Fcomponents%2Fuser-feedback%2Fuser-feedback.component.ts%40UserFeedbackComponent&t=1780289682604:0
[44348551ms] [ERROR] Failed to load resource: net::ERR_NETWORK_CHANGED @ http://c4c.localhost:4200/@fs/Users/peleg.katz/Desktop/cx-web-workspace/libs/cora-ai/src/components/ai-summary/@ng/component?c=%2FUsers%2Fpeleg.katz%2FDesktop%2Fcx-web-workspace%2Flibs%2Fcora-ai%2Fsrc%2Fcomponents%2Fai-summary%2Fai-summary.component.ts%40AiSummaryComponent&t=1780289682604:0
[44348551ms] [ERROR] Failed to load resource: net::ERR_NETWORK_CHANGED @ http://c4c.localhost:4200/@fs/Users/peleg.katz/Desktop/cx-web-workspace/libs/cora-ai/src/components/ai-tooltip/@ng/component?c=%2FUsers%2Fpeleg.katz%2FDesktop%2Fcx-web-workspace%2Flibs%2Fcora-ai%2Fsrc%2Fcomponents%2Fai-tooltip%2Fai-tooltip.component.ts%40AiTooltipComponent&t=1780289682604:0
[44348551ms] [ERROR] TypeError: Failed to fetch dynamically imported module: http://c4c.localhost:4200/@fs/Users/peleg.katz/Desktop/cx-web-workspace/libs/cora-ai/src/components/user-feedback/user-feedback-dialog/@ng/component?c=%2FUsers%2Fpeleg.katz%2FDesktop%2Fcx-web-workspace%2Flibs%2Fcora-ai%2Fsrc%2Fcomponents%2Fuser-feedback%2Fuser-feedback-dialog%2Fuser-feedback-dialog.component.ts%40UserFeedbackDialogComponent&t=1780289682603 @ http://c4c.localhost:4200/@vite/client:509
[44348552ms] [ERROR] TypeError: Failed to fetch dynamically imported module: http://c4c.localhost:4200/@fs/Users/peleg.katz/Desktop/cx-web-workspace/libs/cora-ai/src/components/user-feedback/@ng/component?c=%2FUsers%2Fpeleg.katz%2FDesktop%2Fcx-web-workspace%2Flibs%2Fcora-ai%2Fsrc%2Fcomponents%2Fuser-feedback%2Fuser-feedback.component.ts%40UserFeedbackComponent&t=1780289682604 @ http://c4c.localhost:4200/@vite/client:509
[44348552ms] [ERROR] TypeError: Failed to fetch dynamically imported module: http://c4c.localhost:4200/@fs/Users/peleg.katz/Desktop/cx-web-workspace/libs/cora-ai/src/components/ai-summary/@ng/component?c=%2FUsers%2Fpeleg.katz%2FDesktop%2Fcx-web-workspace%2Flibs%2Fcora-ai%2Fsrc%2Fcomponents%2Fai-summary%2Fai-summary.component.ts%40AiSummaryComponent&t=1780289682604 @ http://c4c.localhost:4200/@vite/client:509
[44348552ms] [ERROR] TypeError: Failed to fetch dynamically imported module: http://c4c.localhost:4200/@fs/Users/peleg.katz/Desktop/cx-web-workspace/libs/cora-ai/src/components/ai-tooltip/@ng/component?c=%2FUsers%2Fpeleg.katz%2FDesktop%2Fcx-web-workspace%2Flibs%2Fcora-ai%2Fsrc%2Fcomponents%2Fai-tooltip%2Fai-tooltip.component.ts%40AiTooltipComponent&t=1780289682604 @ http://c4c.localhost:4200/@vite/client:509
[44348552ms] [ERROR] Failed to load resource: net::ERR_NETWORK_CHANGED @ http://c4c.localhost:4200/@fs/Users/peleg.katz/Desktop/cx-web-workspace/libs/cora-ai/src/components/ai-tooltip/@ng/component?c=%2FUsers%2Fpeleg.katz%2FDesktop%2Fcx-web-workspace%2Flibs%2Fcora-ai%2Fsrc%2Fcomponents%2Fai-tooltip%2Fai-tooltip-explain-log.component.ts%40AiTooltipExplainLogComponent&t=1780289682604:0
[44348552ms] [ERROR] TypeError: Failed to fetch dynamically imported module: http://c4c.localhost:4200/@fs/Users/peleg.katz/Desktop/cx-web-workspace/libs/cora-ai/src/components/ai-tooltip/@ng/component?c=%2FUsers%2Fpeleg.katz%2FDesktop%2Fcx-web-workspace%2Flibs%2Fcora-ai%2Fsrc%2Fcomponents%2Fai-tooltip%2Fai-tooltip-explain-log.component.ts%40AiTooltipExplainLogComponent&t=1780289682604 @ http://c4c.localhost:4200/@vite/client:509
[44348552ms] [ERROR] Failed to load resource: net::ERR_NETWORK_CHANGED @ http://c4c.localhost:4200/@fs/Users/peleg.katz/Desktop/cx-web-workspace/libs/cora-ai/src/components/ai-tooltip/@ng/component?c=%2FUsers%2Fpeleg.katz%2FDesktop%2Fcx-web-workspace%2Flibs%2Fcora-ai%2Fsrc%2Fcomponents%2Fai-tooltip%2Fai-tooltip-query-assistance.component.ts%40AiTooltipQueryAssistanceComponent&t=1780289682605:0
[44348552ms] [ERROR] Failed to load resource: net::ERR_NETWORK_CHANGED @ http://c4c.localhost:4200/@fs/Users/peleg.katz/Desktop/cx-web-workspace/libs/cora-ai/src/components/ai-query-assistant/@ng/component?c=%2FUsers%2Fpeleg.katz%2FDesktop%2Fcx-web-workspace%2Flibs%2Fcora-ai%2Fsrc%2Fcomponents%2Fai-query-assistant%2Fai-query-assistant.component.ts%40AiQueryAssistantComponent&t=1780289682605:0
[44348552ms] [ERROR] TypeError: Failed to fetch dynamically imported module: http://c4c.localhost:4200/@fs/Users/peleg.katz/Desktop/cx-web-workspace/libs/cora-ai/src/components/ai-tooltip/@ng/component?c=%2FUsers%2Fpeleg.katz%2FDesktop%2Fcx-web-workspace%2Flibs%2Fcora-ai%2Fsrc%2Fcomponents%2Fai-tooltip%2Fai-tooltip-query-assistance.component.ts%40AiTooltipQueryAssistanceComponent&t=1780289682605 @ http://c4c.localhost:4200/@vite/client:509
[44348552ms] [ERROR] Failed to load resource: net::ERR_NETWORK_CHANGED @ http://c4c.localhost:4200/@fs/Users/peleg.katz/Desktop/cx-web-workspace/libs/cora-ai/src/components/ai-result-panel/@ng/component?c=%2FUsers%2Fpeleg.katz%2FDesktop%2Fcx-web-workspace%2Flibs%2Fcora-ai%2Fsrc%2Fcomponents%2Fai-result-panel%2Fai-result-panel.component.ts%40AiResultPanelComponent&t=1780289682606:0
[44348552ms] [ERROR] TypeError: Failed to fetch dynamically imported module: http://c4c.localhost:4200/@fs/Users/peleg.katz/Desktop/cx-web-workspace/libs/cora-ai/src/components/ai-query-assistant/@ng/component?c=%2FUsers%2Fpeleg.katz%2FDesktop%2Fcx-web-workspace%2Flibs%2Fcora-ai%2Fsrc%2Fcomponents%2Fai-query-assistant%2Fai-query-assistant.component.ts%40AiQueryAssistantComponent&t=1780289682605 @ http://c4c.localhost:4200/@vite/client:509
[44348552ms] [ERROR] TypeError: Failed to fetch dynamically imported module: http://c4c.localhost:4200/@fs/Users/peleg.katz/Desktop/cx-web-workspace/libs/cora-ai/src/components/ai-result-panel/@ng/component?c=%2FUsers%2Fpeleg.katz%2FDesktop%2Fcx-web-workspace%2Flibs%2Fcora-ai%2Fsrc%2Fcomponents%2Fai-result-panel%2Fai-result-panel.component.ts%40AiResultPanelComponent&t=1780289682606 @ http://c4c.localhost:4200/@vite/client:509
[44348553ms] [ERROR] Failed to load resource: net::ERR_NETWORK_CHANGED @ http://c4c.localhost:4200/@fs/Users/peleg.katz/Desktop/cx-web-workspace/libs/intercom/src/lib/intercom-bubble/@ng/component?c=%2FUsers%2Fpeleg.katz%2FDesktop%2Fcx-web-workspace%2Flibs%2Fintercom%2Fsrc%2Flib%2Fintercom-bubble%2Fintercom-bubble.component.ts%40IntercomBubbleComponent&t=1780289682606:0
[44348553ms] [ERROR] TypeError: Failed to fetch dynamically imported module: http://c4c.localhost:4200/@fs/Users/peleg.katz/Desktop/cx-web-workspace/libs/intercom/src/lib/intercom-bubble/@ng/component?c=%2FUsers%2Fpeleg.katz%2FDesktop%2Fcx-web-workspace%2Flibs%2Fintercom%2Fsrc%2Flib%2Fintercom-bubble%2Fintercom-bubble.component.ts%40IntercomBubbleComponent&t=1780289682606 @ http://c4c.localhost:4200/@vite/client:509
[44348553ms] [ERROR] Failed to load resource: net::ERR_NETWORK_CHANGED @ http://c4c.localhost:4200/@fs/Users/peleg.katz/Desktop/cx-web-workspace/libs/cora-ai/src/components/cora/platform-awareness/@ng/component?c=%2FUsers%2Fpeleg.katz%2FDesktop%2Fcx-web-workspace%2Flibs%2Fcora-ai%2Fsrc%2Fcomponents%2Fcora%2Fplatform-awareness%2Fplatform-awareness.component.ts%40PlatformAwarenessComponent&t=1780289682607:0
[44348553ms] [ERROR] TypeError: Failed to fetch dynamically imported module: http://c4c.localhost:4200/@fs/Users/peleg.katz/Desktop/cx-web-workspace/libs/cora-ai/src/components/cora/platform-awareness/@ng/component?c=%2FUsers%2Fpeleg.katz%2FDesktop%2Fcx-web-workspace%2Flibs%2Fcora-ai%2Fsrc%2Fcomponents%2Fcora%2Fplatform-awareness%2Fplatform-awareness.component.ts%40PlatformAwarenessComponent&t=1780289682607 @ http://c4c.localhost:4200/@vite/client:509
[44348553ms] [ERROR] Failed to load resource: net::ERR_NETWORK_CHANGED @ http://c4c.localhost:4200/@fs/Users/peleg.katz/Desktop/cx-web-workspace/libs/cora-ai/src/components/ai-tooltip/@ng/component?c=%2FUsers%2Fpeleg.katz%2FDesktop%2Fcx-web-workspace%2Flibs%2Fcora-ai%2Fsrc%2Fcomponents%2Fai-tooltip%2Fai-tooltip-cora.component.ts%40AiTooltipCoraComponent&t=1780289682607:0
[44348553ms] [ERROR] TypeError: Failed to fetch dynamically imported module: http://c4c.localhost:4200/@fs/Users/peleg.katz/Desktop/cx-web-workspace/libs/cora-ai/src/components/ai-tooltip/@ng/component?c=%2FUsers%2Fpeleg.katz%2FDesktop%2Fcx-web-workspace%2Flibs%2Fcora-ai%2Fsrc%2Fcomponents%2Fai-tooltip%2Fai-tooltip-cora.component.ts%40AiTooltipCoraComponent&t=1780289682607 @ http://c4c.localhost:4200/@vite/client:509
[44348553ms] [ERROR] Failed to load resource: net::ERR_NETWORK_CHANGED @ http://c4c.localhost:4200/@fs/Users/peleg.katz/Desktop/cx-web-workspace/libs/cora-ai/src/components/cora/trigger/@ng/component?c=%2FUsers%2Fpeleg.katz%2FDesktop%2Fcx-web-workspace%2Flibs%2Fcora-ai%2Fsrc%2Fcomponents%2Fcora%2Ftrigger%2Fcora-trigger.component.ts%40CoraTriggerComponent&t=1780289682607:0
[44348553ms] [ERROR] Failed to load resource: net::ERR_NETWORK_CHANGED @ http://c4c.localhost:4200/@fs/Users/peleg.katz/Desktop/cx-web-workspace/libs/cora-ai/src/components/cora/trigger-v2/@ng/component?c=%2FUsers%2Fpeleg.katz%2FDesktop%2Fcx-web-workspace%2Flibs%2Fcora-ai%2Fsrc%2Fcomponents%2Fcora%2Ftrigger-v2%2Fcora-trigger-v2.component.ts%40CoraTriggerV2Component&t=1780289682607:0
[44348553ms] [ERROR] TypeError: Failed to fetch dynamically imported module: http://c4c.localhost:4200/@fs/Users/peleg.katz/Desktop/cx-web-workspace/libs/cora-ai/src/components/cora/trigger/@ng/component?c=%2FUsers%2Fpeleg.katz%2FDesktop%2Fcx-web-workspace%2Flibs%2Fcora-ai%2Fsrc%2Fcomponents%2Fcora%2Ftrigger%2Fcora-trigger.component.ts%40CoraTriggerComponent&t=1780289682607 @ http://c4c.localhost:4200/@vite/client:509
[44348553ms] [ERROR] TypeError: Failed to fetch dynamically imported module: http://c4c.localhost:4200/@fs/Users/peleg.katz/Desktop/cx-web-workspace/libs/cora-ai/src/components/cora/trigger-v2/@ng/component?c=%2FUsers%2Fpeleg.katz%2FDesktop%2Fcx-web-workspace%2Flibs%2Fcora-ai%2Fsrc%2Fcomponents%2Fcora%2Ftrigger-v2%2Fcora-trigger-v2.component.ts%40CoraTriggerV2Component&t=1780289682607 @ http://c4c.localhost:4200/@vite/client:509
[44348553ms] [ERROR] Failed to load resource: net::ERR_NETWORK_CHANGED @ http://c4c.localhost:4200/@fs/Users/peleg.katz/Desktop/cx-web-workspace/libs/olly/src/lib/olly/@ng/component?c=%2FUsers%2Fpeleg.katz%2FDesktop%2Fcx-web-workspace%2Flibs%2Folly%2Fsrc%2Flib%2Folly%2Folly.ts%40Olly&t=1780289682608:0
[44348553ms] [ERROR] Failed to load resource: net::ERR_NETWORK_CHANGED @ http://c4c.localhost:4200/@fs/Users/peleg.katz/Desktop/cx-web-workspace/libs/cx-ui/dialog/src/lib/@ng/component?c=%2FUsers%2Fpeleg.katz%2FDesktop%2Fcx-web-workspace%2Flibs%2Fcx-ui%2Fdialog%2Fsrc%2Flib%2Fdialog-container.ts%40CxuiDialogContainer&t=1780289682610:0
[44348553ms] [ERROR] Failed to load resource: net::ERR_NETWORK_CHANGED @ http://c4c.localhost:4200/@fs/Users/peleg.katz/Desktop/cx-web-workspace/libs/cx-ui/dialog/src/lib/@ng/component?c=%2FUsers%2Fpeleg.katz%2FDesktop%2Fcx-web-workspace%2Flibs%2Fcx-ui%2Fdialog%2Fsrc%2Flib%2Fslide-in-dialog-container.ts%40CxuiSlideInDialogContainer&t=1780289682610:0
[44348553ms] [ERROR] TypeError: Failed to fetch dynamically imported module: http://c4c.localhost:4200/@fs/Users/peleg.katz/Desktop/cx-web-workspace/libs/olly/src/lib/olly/@ng/component?c=%2FUsers%2Fpeleg.katz%2FDesktop%2Fcx-web-workspace%2Flibs%2Folly%2Fsrc%2Flib%2Folly%2Folly.ts%40Olly&t=1780289682608 @ http://c4c.localhost:4200/@vite/client:509
[44348553ms] [ERROR] Failed to load resource: net::ERR_NETWORK_CHANGED @ http://c4c.localhost:4200/@fs/Users/peleg.katz/Desktop/cx-web-workspace/libs/cx-ui/dialog/src/lib/@ng/component?c=%2FUsers%2Fpeleg.katz%2FDesktop%2Fcx-web-workspace%2Flibs%2Fcx-ui%2Fdialog%2Fsrc%2Flib%2Fdialog-header.ts%40CxuiDialogHeader&t=1780289682611:0
[44348554ms] [ERROR] TypeError: Failed to fetch dynamically imported module: http://c4c.localhost:4200/@fs/Users/peleg.katz/Desktop/cx-web-workspace/libs/cx-ui/dialog/src/lib/@ng/component?c=%2FUsers%2Fpeleg.katz%2FDesktop%2Fcx-web-workspace%2Flibs%2Fcx-ui%2Fdialog%2Fsrc%2Flib%2Fdialog-container.ts%40CxuiDialogContainer&t=1780289682610 @ http://c4c.localhost:4200/@vite/client:509
[44348554ms] [ERROR] Failed to load resource: net::ERR_NETWORK_CHANGED @ http://c4c.localhost:4200/@fs/Users/peleg.katz/Desktop/cx-web-workspace/libs/cx-ui/dialog/src/lib/@ng/component?c=%2FUsers%2Fpeleg.katz%2FDesktop%2Fcx-web-workspace%2Flibs%2Fcx-ui%2Fdialog%2Fsrc%2Flib%2Fslide-in-dialog-toolbar.ts%40CxuiSlideInDialogToolbar&t=1780289682611:0
[44348554ms] [ERROR] TypeError: Failed to fetch dynamically imported module: http://c4c.localhost:4200/@fs/Users/peleg.katz/Desktop/cx-web-workspace/libs/cx-ui/dialog/src/lib/@ng/component?c=%2FUsers%2Fpeleg.katz%2FDesktop%2Fcx-web-workspace%2Flibs%2Fcx-ui%2Fdialog%2Fsrc%2Flib%2Fslide-in-dialog-container.ts%40CxuiSlideInDialogContainer&t=1780289682610 @ http://c4c.localhost:4200/@vite/client:509
[44348554ms] [ERROR] Failed to load resource: net::ERR_NETWORK_CHANGED @ http://c4c.localhost:4200/@fs/Users/peleg.katz/Desktop/cx-web-workspace/libs/cx-ui/dialog/src/lib/@ng/component?c=%2FUsers%2Fpeleg.katz%2FDesktop%2Fcx-web-workspace%2Flibs%2Fcx-ui%2Fdialog%2Fsrc%2Flib%2Fslide-in-dialog-toolbar.ts%40CxuiSlideInDialogToolbarSeparator&t=1780289682611:0
[44348554ms] [ERROR] TypeError: Failed to fetch dynamically imported module: http://c4c.localhost:4200/@fs/Users/peleg.katz/Desktop/cx-web-workspace/libs/cx-ui/dialog/src/lib/@ng/component?c=%2FUsers%2Fpeleg.katz%2FDesktop%2Fcx-web-workspace%2Flibs%2Fcx-ui%2Fdialog%2Fsrc%2Flib%2Fdialog-header.ts%40CxuiDialogHeader&t=1780289682611 @ http://c4c.localhost:4200/@vite/client:509
[44348554ms] [ERROR] Failed to load resource: net::ERR_NETWORK_CHANGED @ http://c4c.localhost:4200/@fs/Users/peleg.katz/Desktop/cx-web-workspace/libs/cx-ui/dialog/src/lib/@ng/component?c=%2FUsers%2Fpeleg.katz%2FDesktop%2Fcx-web-workspace%2Flibs%2Fcx-ui%2Fdialog%2Fsrc%2Flib%2Fdialog-body.ts%40CxuiDialogBody&t=1780289682612:0
[44348554ms] [ERROR] TypeError: Failed to fetch dynamically imported module: http://c4c.localhost:4200/@fs/Users/peleg.katz/Desktop/cx-web-workspace/libs/cx-ui/dialog/src/lib/@ng/component?c=%2FUsers%2Fpeleg.katz%2FDesktop%2Fcx-web-workspace%2Flibs%2Fcx-ui%2Fdialog%2Fsrc%2Flib%2Fslide-in-dialog-toolbar.ts%40CxuiSlideInDialogToolbar&t=1780289682611 @ http://c4c.localhost:4200/@vite/client:509
[44348554ms] [ERROR] Failed to load resource: net::ERR_NETWORK_CHANGED @ http://c4c.localhost:4200/@fs/Users/peleg.katz/Desktop/cx-web-workspace/libs/cx-ui/dialog/src/lib/@ng/component?c=%2FUsers%2Fpeleg.katz%2FDesktop%2Fcx-web-workspace%2Flibs%2Fcx-ui%2Fdialog%2Fsrc%2Flib%2Fdialog-footer.ts%40CxuiDialogFooter&t=1780289682612:0
[44348554ms] [ERROR] TypeError: Failed to fetch dynamically imported module: http://c4c.localhost:4200/@fs/Users/peleg.katz/Desktop/cx-web-workspace/libs/cx-ui/dialog/src/lib/@ng/component?c=%2FUsers%2Fpeleg.katz%2FDesktop%2Fcx-web-workspace%2Flibs%2Fcx-ui%2Fdialog%2Fsrc%2Flib%2Fslide-in-dialog-toolbar.ts%40CxuiSlideInDialogToolbarSeparator&t=1780289682611 @ http://c4c.localhost:4200/@vite/client:509
[44348554ms] [ERROR] Failed to load resource: net::ERR_NETWORK_CHANGED @ http://c4c.localhost:4200/@fs/Users/peleg.katz/Desktop/cx-web-workspace/libs/cx-ui/dialog/src/lib/@ng/component?c=%2FUsers%2Fpeleg.katz%2FDesktop%2Fcx-web-workspace%2Flibs%2Fcx-ui%2Fdialog%2Fsrc%2Flib%2Fdialog.ts%40CxuiDialog&t=1780289682612:0
[44348554ms] [ERROR] Failed to load resource: net::ERR_NETWORK_CHANGED @ http://c4c.localhost:4200/@fs/Users/peleg.katz/Desktop/cx-web-workspace/libs/cx-ui/dialog/src/lib/@ng/component?c=%2FUsers%2Fpeleg.katz%2FDesktop%2Fcx-web-workspace%2Flibs%2Fcx-ui%2Fdialog%2Fsrc%2Flib%2Fconfirmation-dialog.ts%40CxuiConfirmationDialog&t=1780289682613:0
[44348554ms] [ERROR] TypeError: Failed to fetch dynamically imported module: http://c4c.localhost:4200/@fs/Users/peleg.katz/Desktop/cx-web-workspace/libs/cx-ui/dialog/src/lib/@ng/component?c=%2FUsers%2Fpeleg.katz%2FDesktop%2Fcx-web-workspace%2Flibs%2Fcx-ui%2Fdialog%2Fsrc%2Flib%2Fdialog-body.ts%40CxuiDialogBody&t=1780289682612 @ http://c4c.localhost:4200/@vite/client:509
[44348554ms] [ERROR] Failed to load resource: net::ERR_NETWORK_CHANGED @ http://c4c.localhost:4200/@fs/Users/peleg.katz/Desktop/cx-web-workspace/libs/cx-ui/dialog/src/lib/@ng/component?c=%2FUsers%2Fpeleg.katz%2FDesktop%2Fcx-web-workspace%2Flibs%2Fcx-ui%2Fdialog%2Fsrc%2Flib%2Fslide-in-dialog.ts%40CxuiSlideInDialog&t=1780289682613:0
[44348554ms] [ERROR] TypeError: Failed to fetch dynamically imported module: http://c4c.localhost:4200/@fs/Users/peleg.katz/Desktop/cx-web-workspace/libs/cx-ui/dialog/src/lib/@ng/component?c=%2FUsers%2Fpeleg.katz%2FDesktop%2Fcx-web-workspace%2Flibs%2Fcx-ui%2Fdialog%2Fsrc%2Flib%2Fdialog-footer.ts%40CxuiDialogFooter&t=1780289682612 @ http://c4c.localhost:4200/@vite/client:509
[44348554ms] [ERROR] TypeError: Failed to fetch dynamically imported module: http://c4c.localhost:4200/@fs/Users/peleg.katz/Desktop/cx-web-workspace/libs/cx-ui/dialog/src/lib/@ng/component?c=%2FUsers%2Fpeleg.katz%2FDesktop%2Fcx-web-workspace%2Flibs%2Fcx-ui%2Fdialog%2Fsrc%2Flib%2Fdialog.ts%40CxuiDialog&t=1780289682612 @ http://c4c.localhost:4200/@vite/client:509
[44348554ms] [ERROR] Failed to load resource: net::ERR_NETWORK_CHANGED @ http://c4c.localhost:4200/@fs/Users/peleg.katz/Desktop/cx-web-workspace/libs/olly/src/lib/components/chat/dialogs/@ng/component?c=%2FUsers%2Fpeleg.katz%2FDesktop%2Fcx-web-workspace%2Flibs%2Folly%2Fsrc%2Flib%2Fcomponents%2Fchat%2Fdialogs%2Fdelete-chat-dialog.component.ts%40DeleteChatDialogComponent&t=1780289682613:0
[44348554ms] [ERROR] TypeError: Failed to fetch dynamically imported module: http://c4c.localhost:4200/@fs/Users/peleg.katz/Desktop/cx-web-workspace/libs/cx-ui/dialog/src/lib/@ng/component?c=%2FUsers%2Fpeleg.katz%2FDesktop%2Fcx-web-workspace%2Flibs%2Fcx-ui%2Fdialog%2Fsrc%2Flib%2Fconfirmation-dialog.ts%40CxuiConfirmationDialog&t=1780289682613 @ http://c4c.localhost:4200/@vite/client:509
[44348555ms] [ERROR] Failed to load resource: net::ERR_NETWORK_CHANGED @ http://c4c.localhost:4200/@fs/Users/peleg.katz/Desktop/cx-web-workspace/libs/cx-ui/code-block/src/lib/@ng/component?c=%2FUsers%2Fpeleg.katz%2FDesktop%2Fcx-web-workspace%2Flibs%2Fcx-ui%2Fcode-block%2Fsrc%2Flib%2Fcode-block.ts%40CxuiCodeBlock&t=1780289682614:0
[44348555ms] [ERROR] TypeError: Failed to fetch dynamically imported module: http://c4c.localhost:4200/@fs/Users/peleg.katz/Desktop/cx-web-workspace/libs/cx-ui/dialog/src/lib/@ng/component?c=%2FUsers%2Fpeleg.katz%2FDesktop%2Fcx-web-workspace%2Flibs%2Fcx-ui%2Fdialog%2Fsrc%2Flib%2Fslide-in-dialog.ts%40CxuiSlideInDialog&t=1780289682613 @ http://c4c.localhost:4200/@vite/client:509
[44348555ms] [ERROR] Failed to load resource: net::ERR_NETWORK_CHANGED @ http://c4c.localhost:4200/@fs/Users/peleg.katz/Desktop/cx-web-workspace/libs/olly/src/lib/components/artifact-download-actions/@ng/component?c=%2FUsers%2Fpeleg.katz%2FDesktop%2Fcx-web-workspace%2Flibs%2Folly%2Fsrc%2Flib%2Fcomponents%2Fartifact-download-actions%2Fartifact-download-actions.component.ts%40ArtifactDownloadActionsComponent&t=1780289682614:0
[44348555ms] [ERROR] TypeError: Failed to fetch dynamically imported module: http://c4c.localhost:4200/@fs/Users/peleg.katz/Desktop/cx-web-workspace/libs/olly/src/lib/components/chat/dialogs/@ng/component?c=%2FUsers%2Fpeleg.katz%2FDesktop%2Fcx-web-workspace%2Flibs%2Folly%2Fsrc%2Flib%2Fcomponents%2Fchat%2Fdialogs%2Fdelete-chat-dialog.component.ts%40DeleteChatDialogComponent&t=1780289682613 @ http://c4c.localhost:4200/@vite/client:509
[44348555ms] [ERROR] Failed to load resource: net::ERR_NETWORK_CHANGED @ http://c4c.localhost:4200/@fs/Users/peleg.katz/Desktop/cx-web-workspace/libs/olly/src/lib/components/artifacts/dataprime-artifact-preview/@ng/component?c=%2FUsers%2Fpeleg.katz%2FDesktop%2Fcx-web-workspace%2Flibs%2Folly%2Fsrc%2Flib%2Fcomponents%2Fartifacts%2Fdataprime-artifact-preview%2Fdataprime-artifact-preview.component.ts%40DataprimeArtifactPreviewComponent&t=1780289682615:0
[44348555ms] [ERROR] TypeError: Failed to fetch dynamically imported module: http://c4c.localhost:4200/@fs/Users/peleg.katz/Desktop/cx-web-workspace/libs/cx-ui/code-block/src/lib/@ng/component?c=%2FUsers%2Fpeleg.katz%2FDesktop%2Fcx-web-workspace%2Flibs%2Fcx-ui%2Fcode-block%2Fsrc%2Flib%2Fcode-block.ts%40CxuiCodeBlock&t=1780289682614 @ http://c4c.localhost:4200/@vite/client:509
[44348555ms] [ERROR] TypeError: Failed to fetch dynamically imported module: http://c4c.localhost:4200/@fs/Users/peleg.katz/Desktop/cx-web-workspace/libs/olly/src/lib/components/artifact-download-actions/@ng/component?c=%2FUsers%2Fpeleg.katz%2FDesktop%2Fcx-web-workspace%2Flibs%2Folly%2Fsrc%2Flib%2Fcomponents%2Fartifact-download-actions%2Fartifact-download-actions.component.ts%40ArtifactDownloadActionsComponent&t=1780289682614 @ http://c4c.localhost:4200/@vite/client:509
[44348555ms] [ERROR] Failed to load resource: net::ERR_NETWORK_CHANGED @ http://c4c.localhost:4200/@fs/Users/peleg.katz/Desktop/cx-web-workspace/libs/olly/src/lib/components/artifacts/alerts-artifact-preview/@ng/component?c=%2FUsers%2Fpeleg.katz%2FDesktop%2Fcx-web-workspace%2Flibs%2Folly%2Fsrc%2Flib%2Fcomponents%2Fartifacts%2Falerts-artifact-preview%2Falerts-artifact-preview.component.ts%40AlertsArtifactPreviewComponent&t=1780289682616:0
[44348555ms] [ERROR] TypeError: Failed to fetch dynamically imported module: http://c4c.localhost:4200/@fs/Users/peleg.katz/Desktop/cx-web-workspace/libs/olly/src/lib/components/artifacts/dataprime-artifact-preview/@ng/component?c=%2FUsers%2Fpeleg.katz%2FDesktop%2Fcx-web-workspace%2Flibs%2Folly%2Fsrc%2Flib%2Fcomponents%2Fartifacts%2Fdataprime-artifact-preview%2Fdataprime-artifact-preview.component.ts%40DataprimeArtifactPreviewComponent&t=1780289682615 @ http://c4c.localhost:4200/@vite/client:509
[44348555ms] [ERROR] Failed to load resource: net::ERR_NETWORK_CHANGED @ http://c4c.localhost:4200/@fs/Users/peleg.katz/Desktop/cx-web-workspace/libs/olly/src/lib/components/artifacts/github-file-content-artifact-preview/@ng/component?c=%2FUsers%2Fpeleg.katz%2FDesktop%2Fcx-web-workspace%2Flibs%2Folly%2Fsrc%2Flib%2Fcomponents%2Fartifacts%2Fgithub-file-content-artifact-preview%2Fgithub-file-content-artifact-preview.component.ts%40GithubFileContentArtifactPreviewComponent&t=1780289682617:0
[44348555ms] [ERROR] TypeError: Failed to fetch dynamically imported module: http://c4c.localhost:4200/@fs/Users/peleg.katz/Desktop/cx-web-workspace/libs/olly/src/lib/components/artifacts/alerts-artifact-preview/@ng/component?c=%2FUsers%2Fpeleg.katz%2FDesktop%2Fcx-web-workspace%2Flibs%2Folly%2Fsrc%2Flib%2Fcomponents%2Fartifacts%2Falerts-artifact-preview%2Falerts-artifact-preview.component.ts%40AlertsArtifactPreviewComponent&t=1780289682616 @ http://c4c.localhost:4200/@vite/client:509
[44348555ms] [ERROR] Failed to load resource: net::ERR_NETWORK_CHANGED @ http://c4c.localhost:4200/@fs/Users/peleg.katz/Desktop/cx-web-workspace/libs/cx-ui/rolling-number/src/lib/@ng/component?c=%2FUsers%2Fpeleg.katz%2FDesktop%2Fcx-web-workspace%2Flibs%2Fcx-ui%2Frolling-number%2Fsrc%2Flib%2Frolling-number.ts%40CxuiRollingNumber&t=1780289682618:0
[44348555ms] [ERROR] TypeError: Failed to fetch dynamically imported module: http://c4c.localhost:4200/@fs/Users/peleg.katz/Desktop/cx-web-workspace/libs/olly/src/lib/components/artifacts/github-file-content-artifact-preview/@ng/component?c=%2FUsers%2Fpeleg.katz%2FDesktop%2Fcx-web-workspace%2Flibs%2Folly%2Fsrc%2Flib%2Fcomponents%2Fartifacts%2Fgithub-file-content-artifact-preview%2Fgithub-file-content-artifact-preview.component.ts%40GithubFileContentArtifactPreviewComponent&t=1780289682617 @ http://c4c.localhost:4200/@vite/client:509
[44348555ms] [ERROR] TypeError: Failed to fetch dynamically imported module: http://c4c.localhost:4200/@fs/Users/peleg.katz/Desktop/cx-web-workspace/libs/cx-ui/rolling-number/src/lib/@ng/component?c=%2FUsers%2Fpeleg.katz%2FDesktop%2Fcx-web-workspace%2Flibs%2Fcx-ui%2Frolling-number%2Fsrc%2Flib%2Frolling-number.ts%40CxuiRollingNumber&t=1780289682618 @ http://c4c.localhost:4200/@vite/client:509
[44348555ms] [ERROR] Failed to load resource: net::ERR_NETWORK_CHANGED @ http://c4c.localhost:4200/@fs/Users/peleg.katz/Desktop/cx-web-workspace/libs/cx-ui/charts/src/lib/stat/@ng/component?c=%2FUsers%2Fpeleg.katz%2FDesktop%2Fcx-web-workspace%2Flibs%2Fcx-ui%2Fcharts%2Fsrc%2Flib%2Fstat%2Fchart-stat-body.component.ts%40CxuiChartStatBody&t=1780289682618:0
[44348555ms] [ERROR] Failed to load resource: net::ERR_NETWORK_CHANGED @ http://c4c.localhost:4200/@fs/Users/peleg.katz/Desktop/cx-web-workspace/libs/cx-ui/charts/src/lib/stat/@ng/component?c=%2FUsers%2Fpeleg.katz%2FDesktop%2Fcx-web-workspace%2Flibs%2Fcx-ui%2Fcharts%2Fsrc%2Flib%2Fstat%2Fchart-stat-header.component.ts%40CxuiChartStatHeader&t=1780289682618:0
[44348555ms] [ERROR] TypeError: Failed to fetch dynamically imported module: http://c4c.localhost:4200/@fs/Users/peleg.katz/Desktop/cx-web-workspace/libs/cx-ui/charts/src/lib/stat/@ng/component?c=%2FUsers%2Fpeleg.katz%2FDesktop%2Fcx-web-workspace%2Flibs%2Fcx-ui%2Fcharts%2Fsrc%2Flib%2Fstat%2Fchart-stat-body.component.ts%40CxuiChartStatBody&t=1780289682618 @ http://c4c.localhost:4200/@vite/client:509
[44348556ms] [ERROR] TypeError: Failed to fetch dynamically imported module: http://c4c.localhost:4200/@fs/Users/peleg.katz/Desktop/cx-web-workspace/libs/cx-ui/charts/src/lib/stat/@ng/component?c=%2FUsers%2Fpeleg.katz%2FDesktop%2Fcx-web-workspace%2Flibs%2Fcx-ui%2Fcharts%2Fsrc%2Flib%2Fstat%2Fchart-stat-header.component.ts%40CxuiChartStatHeader&t=1780289682618 @ http://c4c.localhost:4200/@vite/client:509
[44348556ms] [ERROR] Failed to load resource: net::ERR_NETWORK_CHANGED @ http://c4c.localhost:4200/@fs/Users/peleg.katz/Desktop/cx-web-workspace/libs/cx-ui/charts/src/lib/stat/@ng/component?c=%2FUsers%2Fpeleg.katz%2FDesktop%2Fcx-web-workspace%2Flibs%2Fcx-ui%2Fcharts%2Fsrc%2Flib%2Fstat%2Fchart-stat.component.ts%40CxuiChartStat&t=1780289682619:0
[44348556ms] [ERROR] TypeError: Failed to fetch dynamically imported module: http://c4c.localhost:4200/@fs/Users/peleg.katz/Desktop/cx-web-workspace/libs/cx-ui/charts/src/lib/stat/@ng/component?c=%2FUsers%2Fpeleg.katz%2FDesktop%2Fcx-web-workspace%2Flibs%2Fcx-ui%2Fcharts%2Fsrc%2Flib%2Fstat%2Fchart-stat.component.ts%40CxuiChartStat&t=1780289682619 @ http://c4c.localhost:4200/@vite/client:509
[44348556ms] [ERROR] Failed to load resource: net::ERR_NETWORK_CHANGED @ http://c4c.localhost:4200/@fs/Users/peleg.katz/Desktop/cx-web-workspace/libs/cx-ui/charts/src/lib/tooltip/@ng/component?c=%2FUsers%2Fpeleg.katz%2FDesktop%2Fcx-web-workspace%2Flibs%2Fcx-ui%2Fcharts%2Fsrc%2Flib%2Ftooltip%2Fchart-tooltip-series-item.component.ts%40CxuiChartTooltipSeriesItem&t=1780289682619:0
[44348556ms] [ERROR] TypeError: Failed to fetch dynamically imported module: http://c4c.localhost:4200/@fs/Users/peleg.katz/Desktop/cx-web-workspace/libs/cx-ui/charts/src/lib/tooltip/@ng/component?c=%2FUsers%2Fpeleg.katz%2FDesktop%2Fcx-web-workspace%2Flibs%2Fcx-ui%2Fcharts%2Fsrc%2Flib%2Ftooltip%2Fchart-tooltip-series-item.component.ts%40CxuiChartTooltipSeriesItem&t=1780289682619 @ http://c4c.localhost:4200/@vite/client:509
[44348556ms] [ERROR] Failed to load resource: net::ERR_NETWORK_CHANGED @ http://c4c.localhost:4200/@fs/Users/peleg.katz/Desktop/cx-web-workspace/libs/cx-ui/empty-state/src/lib/@ng/component?c=%2FUsers%2Fpeleg.katz%2FDesktop%2Fcx-web-workspace%2Flibs%2Fcx-ui%2Fempty-state%2Fsrc%2Flib%2Fempty-state.component.ts%40CxuiEmptyState&t=1780289682620:0
[44348556ms] [ERROR] TypeError: Failed to fetch dynamically imported module: http://c4c.localhost:4200/@fs/Users/peleg.katz/Desktop/cx-web-workspace/libs/cx-ui/empty-state/src/lib/@ng/component?c=%2FUsers%2Fpeleg.katz%2FDesktop%2Fcx-web-workspace%2Flibs%2Fcx-ui%2Fempty-state%2Fsrc%2Flib%2Fempty-state.component.ts%40CxuiEmptyState&t=1780289682620 @ http://c4c.localhost:4200/@vite/client:509
[44348556ms] [ERROR] Failed to load resource: net::ERR_NETWORK_CHANGED @ http://c4c.localhost:4200/@fs/Users/peleg.katz/Desktop/cx-web-workspace/libs/cx-ui/charts/src/lib/actions/@ng/component?c=%2FUsers%2Fpeleg.katz%2FDesktop%2Fcx-web-workspace%2Flibs%2Fcx-ui%2Fcharts%2Fsrc%2Flib%2Factions%2Fchart-actions.component.ts%40CxuiChartActions&t=1780289682620:0
[44348556ms] [ERROR] TypeError: Failed to fetch dynamically imported module: http://c4c.localhost:4200/@fs/Users/peleg.katz/Desktop/cx-web-workspace/libs/cx-ui/charts/src/lib/actions/@ng/component?c=%2FUsers%2Fpeleg.katz%2FDesktop%2Fcx-web-workspace%2Flibs%2Fcx-ui%2Fcharts%2Fsrc%2Flib%2Factions%2Fchart-actions.component.ts%40CxuiChartActions&t=1780289682620 @ http://c4c.localhost:4200/@vite/client:509
[44348556ms] [ERROR] Failed to load resource: net::ERR_NETWORK_CHANGED @ http://c4c.localhost:4200/@fs/Users/peleg.katz/Desktop/cx-web-workspace/libs/cx-ui/charts/src/lib/actions/@ng/component?c=%2FUsers%2Fpeleg.katz%2FDesktop%2Fcx-web-workspace%2Flibs%2Fcx-ui%2Fcharts%2Fsrc%2Flib%2Factions%2Fchart-context-menu.component.ts%40CxuiChartContextMenu&t=1780289682620:0
[44348556ms] [ERROR] TypeError: Failed to fetch dynamically imported module: http://c4c.localhost:4200/@fs/Users/peleg.katz/Desktop/cx-web-workspace/libs/cx-ui/charts/src/lib/actions/@ng/component?c=%2FUsers%2Fpeleg.katz%2FDesktop%2Fcx-web-workspace%2Flibs%2Fcx-ui%2Fcharts%2Fsrc%2Flib%2Factions%2Fchart-context-menu.component.ts%40CxuiChartContextMenu&t=1780289682620 @ http://c4c.localhost:4200/@vite/client:509
[44348556ms] [ERROR] Failed to load resource: net::ERR_NETWORK_CHANGED @ http://c4c.localhost:4200/@fs/Users/peleg.katz/Desktop/cx-web-workspace/libs/cx-ui/charts/src/lib/legend/@ng/component?c=%2FUsers%2Fpeleg.katz%2FDesktop%2Fcx-web-workspace%2Flibs%2Fcx-ui%2Fcharts%2Fsrc%2Flib%2Flegend%2Fchart-legend-table.component.ts%40CxuiChartLegendTable&t=1780289682621:0
[44348556ms] [ERROR] TypeError: Failed to fetch dynamically imported module: http://c4c.localhost:4200/@fs/Users/peleg.katz/Desktop/cx-web-workspace/libs/cx-ui/charts/src/lib/legend/@ng/component?c=%2FUsers%2Fpeleg.katz%2FDesktop%2Fcx-web-workspace%2Flibs%2Fcx-ui%2Fcharts%2Fsrc%2Flib%2Flegend%2Fchart-legend-table.component.ts%40CxuiChartLegendTable&t=1780289682621 @ http://c4c.localhost:4200/@vite/client:509
[44348557ms] [ERROR] Failed to load resource: net::ERR_NETWORK_CHANGED @ http://c4c.localhost:4200/@fs/Users/peleg.katz/Desktop/cx-web-workspace/libs/cx-ui/charts/src/lib/legend/@ng/component?c=%2FUsers%2Fpeleg.katz%2FDesktop%2Fcx-web-workspace%2Flibs%2Fcx-ui%2Fcharts%2Fsrc%2Flib%2Flegend%2Fchart-legend-item.component.ts%40CxuiChartLegendItem&t=1780289682622:0
[44348557ms] [ERROR] TypeError: Failed to fetch dynamically imported module: http://c4c.localhost:4200/@fs/Users/peleg.katz/Desktop/cx-web-workspace/libs/cx-ui/charts/src/lib/legend/@ng/component?c=%2FUsers%2Fpeleg.katz%2FDesktop%2Fcx-web-workspace%2Flibs%2Fcx-ui%2Fcharts%2Fsrc%2Flib%2Flegend%2Fchart-legend-item.component.ts%40CxuiChartLegendItem&t=1780289682622 @ http://c4c.localhost:4200/@vite/client:509
[44348557ms] [ERROR] Failed to load resource: net::ERR_NETWORK_CHANGED @ http://c4c.localhost:4200/@fs/Users/peleg.katz/Desktop/cx-web-workspace/libs/cx-ui/charts/src/lib/legend/@ng/component?c=%2FUsers%2Fpeleg.katz%2FDesktop%2Fcx-web-workspace%2Flibs%2Fcx-ui%2Fcharts%2Fsrc%2Flib%2Flegend%2Fchart-legend.component.ts%40CxuiChartLegend&t=1780289682622:0
[44348557ms] [ERROR] TypeError: Failed to fetch dynamically imported module: http://c4c.localhost:4200/@fs/Users/peleg.katz/Desktop/cx-web-workspace/libs/cx-ui/charts/src/lib/legend/@ng/component?c=%2FUsers%2Fpeleg.katz%2FDesktop%2Fcx-web-workspace%2Flibs%2Fcx-ui%2Fcharts%2Fsrc%2Flib%2Flegend%2Fchart-legend.component.ts%40CxuiChartLegend&t=1780289682622 @ http://c4c.localhost:4200/@vite/client:509
[44348557ms] [ERROR] Failed to load resource: net::ERR_NETWORK_CHANGED @ http://c4c.localhost:4200/@fs/Users/peleg.katz/Desktop/cx-web-workspace/libs/cx-ui/charts/src/lib/states/@ng/component?c=%2FUsers%2Fpeleg.katz%2FDesktop%2Fcx-web-workspace%2Flibs%2Fcx-ui%2Fcharts%2Fsrc%2Flib%2Fstates%2Fchart-skeleton.component.ts%40CxuiChartSkeleton&t=1780289682622:0
[44348557ms] [ERROR] TypeError: Failed to fetch dynamically imported module: http://c4c.localhost:4200/@fs/Users/peleg.katz/Desktop/cx-web-workspace/libs/cx-ui/charts/src/lib/states/@ng/component?c=%2FUsers%2Fpeleg.katz%2FDesktop%2Fcx-web-workspace%2Flibs%2Fcx-ui%2Fcharts%2Fsrc%2Flib%2Fstates%2Fchart-skeleton.component.ts%40CxuiChartSkeleton&t=1780289682622 @ http://c4c.localhost:4200/@vite/client:509
[44348557ms] [ERROR] Failed to load resource: net::ERR_NETWORK_CHANGED @ http://c4c.localhost:4200/@fs/Users/peleg.katz/Desktop/cx-web-workspace/libs/cx-ui/charts/src/lib/tooltip/@ng/component?c=%2FUsers%2Fpeleg.katz%2FDesktop%2Fcx-web-workspace%2Flibs%2Fcx-ui%2Fcharts%2Fsrc%2Flib%2Ftooltip%2Fchart-tooltip-body.component.ts%40CxuiChartTooltipBody&t=1780289682623:0
[44348557ms] [ERROR] TypeError: Failed to fetch dynamically imported module: http://c4c.localhost:4200/@fs/Users/peleg.katz/Desktop/cx-web-workspace/libs/cx-ui/charts/src/lib/tooltip/@ng/component?c=%2FUsers%2Fpeleg.katz%2FDesktop%2Fcx-web-workspace%2Flibs%2Fcx-ui%2Fcharts%2Fsrc%2Flib%2Ftooltip%2Fchart-tooltip-body.component.ts%40CxuiChartTooltipBody&t=1780289682623 @ http://c4c.localhost:4200/@vite/client:509
[44348557ms] [ERROR] Failed to load resource: net::ERR_NETWORK_CHANGED @ http://c4c.localhost:4200/@fs/Users/peleg.katz/Desktop/cx-web-workspace/libs/cx-ui/charts/src/lib/tooltip/@ng/component?c=%2FUsers%2Fpeleg.katz%2FDesktop%2Fcx-web-workspace%2Flibs%2Fcx-ui%2Fcharts%2Fsrc%2Flib%2Ftooltip%2Fchart-tooltip-pinned-controls.component.ts%40CxuiChartTooltipPinnedControls&t=1780289682623:0
[44348557ms] [ERROR] TypeError: Failed to fetch dynamically imported module: http://c4c.localhost:4200/@fs/Users/peleg.katz/Desktop/cx-web-workspace/libs/cx-ui/charts/src/lib/tooltip/@ng/component?c=%2FUsers%2Fpeleg.katz%2FDesktop%2Fcx-web-workspace%2Flibs%2Fcx-ui%2Fcharts%2Fsrc%2Flib%2Ftooltip%2Fchart-tooltip-pinned-controls.component.ts%40CxuiChartTooltipPinnedControls&t=1780289682623 @ http://c4c.localhost:4200/@vite/client:509
[44348557ms] [ERROR] Failed to load resource: net::ERR_NETWORK_CHANGED @ http://c4c.localhost:4200/@fs/Users/peleg.katz/Desktop/cx-web-workspace/libs/cx-ui/charts/src/lib/tooltip/@ng/component?c=%2FUsers%2Fpeleg.katz%2FDesktop%2Fcx-web-workspace%2Flibs%2Fcx-ui%2Fcharts%2Fsrc%2Flib%2Ftooltip%2Fchart-tooltip.component.ts%40CxuiChartTooltipComponent&t=1780289682624:0
[44348557ms] [ERROR] TypeError: Failed to fetch dynamically imported module: http://c4c.localhost:4200/@fs/Users/peleg.katz/Desktop/cx-web-workspace/libs/cx-ui/charts/src/lib/tooltip/@ng/component?c=%2FUsers%2Fpeleg.katz%2FDesktop%2Fcx-web-workspace%2Flibs%2Fcx-ui%2Fcharts%2Fsrc%2Flib%2Ftooltip%2Fchart-tooltip.component.ts%40CxuiChartTooltipComponent&t=1780289682624 @ http://c4c.localhost:4200/@vite/client:509
[44348558ms] [ERROR] Failed to load resource: net::ERR_NETWORK_CHANGED @ http://c4c.localhost:4200/@fs/Users/peleg.katz/Desktop/cx-web-workspace/libs/cx-ui/charts/src/lib/selection/@ng/component?c=%2FUsers%2Fpeleg.katz%2FDesktop%2Fcx-web-workspace%2Flibs%2Fcx-ui%2Fcharts%2Fsrc%2Flib%2Fselection%2Fchart-selection-overlay.component.ts%40CxuiChartSelectionOverlay&t=1780289682624:0
[44348558ms] [ERROR] TypeError: Failed to fetch dynamically imported module: http://c4c.localhost:4200/@fs/Users/peleg.katz/Desktop/cx-web-workspace/libs/cx-ui/charts/src/lib/selection/@ng/component?c=%2FUsers%2Fpeleg.katz%2FDesktop%2Fcx-web-workspace%2Flibs%2Fcx-ui%2Fcharts%2Fsrc%2Flib%2Fselection%2Fchart-selection-overlay.component.ts%40CxuiChartSelectionOverlay&t=1780289682624 @ http://c4c.localhost:4200/@vite/client:509
[44348558ms] [ERROR] Failed to load resource: net::ERR_NETWORK_CHANGED @ http://c4c.localhost:4200/@fs/Users/peleg.katz/Desktop/cx-web-workspace/libs/cx-ui/charts/src/lib/range-select/@ng/component?c=%2FUsers%2Fpeleg.katz%2FDesktop%2Fcx-web-workspace%2Flibs%2Fcx-ui%2Fcharts%2Fsrc%2Flib%2Frange-select%2Fchart-range-select.component.ts%40CxuiChartRangeSelect&t=1780289682625:0
[44348558ms] [ERROR] TypeError: Failed to fetch dynamically imported module: http://c4c.localhost:4200/@fs/Users/peleg.katz/Desktop/cx-web-workspace/libs/cx-ui/charts/src/lib/range-select/@ng/component?c=%2FUsers%2Fpeleg.katz%2FDesktop%2Fcx-web-workspace%2Flibs%2Fcx-ui%2Fcharts%2Fsrc%2Flib%2Frange-select%2Fchart-range-select.component.ts%40CxuiChartRangeSelect&t=1780289682625 @ http://c4c.localhost:4200/@vite/client:509
[44348558ms] [ERROR] Failed to load resource: net::ERR_NETWORK_CHANGED @ http://c4c.localhost:4200/@fs/Users/peleg.katz/Desktop/cx-web-workspace/libs/cx-ui/charts/src/lib/zoom/@ng/component?c=%2FUsers%2Fpeleg.katz%2FDesktop%2Fcx-web-workspace%2Flibs%2Fcx-ui%2Fcharts%2Fsrc%2Flib%2Fzoom%2Fchart-zoom.component.ts%40CxuiChartZoom&t=1780289682626:0
[44348558ms] [ERROR] Failed to load resource: net::ERR_NETWORK_CHANGED @ http://c4c.localhost:4200/@fs/Users/peleg.katz/Desktop/cx-web-workspace/libs/cx-ui/charts/src/lib/@ng/component?c=%2FUsers%2Fpeleg.katz%2FDesktop%2Fcx-web-workspace%2Flibs%2Fcx-ui%2Fcharts%2Fsrc%2Flib%2Fchart.component.ts%40CxuiChart&t=1780289682626:0
[44348558ms] [ERROR] Failed to load resource: net::ERR_NETWORK_CHANGED @ http://c4c.localhost:4200/@fs/Users/peleg.katz/Desktop/cx-web-workspace/libs/olly/src/lib/components/artifacts/metrics-artifact-preview/components/@ng/component?c=%2FUsers%2Fpeleg.katz%2FDesktop%2Fcx-web-workspace%2Flibs%2Folly%2Fsrc%2Flib%2Fcomponents%2Fartifacts%2Fmetrics-artifact-preview%2Fcomponents%2Fmetrics-artifact-bar-chart.component.ts%40MetricsArtifactBarChartComponent&t=1780289682627:0
[44348558ms] [ERROR] TypeError: Failed to fetch dynamically imported module: http://c4c.localhost:4200/@fs/Users/peleg.katz/Desktop/cx-web-workspace/libs/cx-ui/charts/src/lib/zoom/@ng/component?c=%2FUsers%2Fpeleg.katz%2FDesktop%2Fcx-web-workspace%2Flibs%2Fcx-ui%2Fcharts%2Fsrc%2Flib%2Fzoom%2Fchart-zoom.component.ts%40CxuiChartZoom&t=1780289682626 @ http://c4c.localhost:4200/@vite/client:509
[44348558ms] [ERROR] Failed to load resource: net::ERR_NETWORK_CHANGED @ http://c4c.localhost:4200/@fs/Users/peleg.katz/Desktop/cx-web-workspace/libs/olly/src/lib/components/artifacts/metrics-artifact-preview/components/@ng/component?c=%2FUsers%2Fpeleg.katz%2FDesktop%2Fcx-web-workspace%2Flibs%2Folly%2Fsrc%2Flib%2Fcomponents%2Fartifacts%2Fmetrics-artifact-preview%2Fcomponents%2Fmetrics-artifact-line-chart.component.ts%40MetricsArtifactLineChartComponent&t=1780289682627:0
[44348558ms] [ERROR] Failed to load resource: net::ERR_NETWORK_CHANGED @ http://c4c.localhost:4200/@fs/Users/peleg.katz/Desktop/cx-web-workspace/libs/olly/src/lib/components/artifacts/metrics-artifact-preview/components/@ng/component?c=%2FUsers%2Fpeleg.katz%2FDesktop%2Fcx-web-workspace%2Flibs%2Folly%2Fsrc%2Flib%2Fcomponents%2Fartifacts%2Fmetrics-artifact-preview%2Fcomponents%2Fmetrics-artifact-single-value.component.ts%40MetricsArtifactSingleValueComponent&t=1780289682628:0
[44348559ms] [ERROR] TypeError: Failed to fetch dynamically imported module: http://c4c.localhost:4200/@fs/Users/peleg.katz/Desktop/cx-web-workspace/libs/cx-ui/charts/src/lib/@ng/component?c=%2FUsers%2Fpeleg.katz%2FDesktop%2Fcx-web-workspace%2Flibs%2Fcx-ui%2Fcharts%2Fsrc%2Flib%2Fchart.component.ts%40CxuiChart&t=1780289682626 @ http://c4c.localhost:4200/@vite/client:509
[44348559ms] [ERROR] TypeError: Failed to fetch dynamically imported module: http://c4c.localhost:4200/@fs/Users/peleg.katz/Desktop/cx-web-workspace/libs/olly/src/lib/components/artifacts/metrics-artifact-preview/components/@ng/component?c=%2FUsers%2Fpeleg.katz%2FDesktop%2Fcx-web-workspace%2Flibs%2Folly%2Fsrc%2Flib%2Fcomponents%2Fartifacts%2Fmetrics-artifact-preview%2Fcomponents%2Fmetrics-artifact-bar-chart.component.ts%40MetricsArtifactBarChartComponent&t=1780289682627 @ http://c4c.localhost:4200/@vite/client:509
[44348559ms] [ERROR] Failed to load resource: net::ERR_NETWORK_CHANGED @ http://c4c.localhost:4200/@fs/Users/peleg.katz/Desktop/cx-web-workspace/libs/olly/src/lib/components/artifacts/metrics-artifact-preview/@ng/component?c=%2FUsers%2Fpeleg.katz%2FDesktop%2Fcx-web-workspace%2Flibs%2Folly%2Fsrc%2Flib%2Fcomponents%2Fartifacts%2Fmetrics-artifact-preview%2Fmetrics-artifact-preview.component.ts%40MetricsArtifactPreviewComponent&t=1780289682628:0
[44348559ms] [ERROR] Failed to load resource: net::ERR_NETWORK_CHANGED @ http://c4c.localhost:4200/@fs/Users/peleg.katz/Desktop/cx-web-workspace/libs/olly/src/lib/components/artifacts/spans-artifact-preview/components/@ng/component?c=%2FUsers%2Fpeleg.katz%2FDesktop%2Fcx-web-workspace%2Flibs%2Folly%2Fsrc%2Flib%2Fcomponents%2Fartifacts%2Fspans-artifact-preview%2Fcomponents%2Fspan-action-cell-renderer.component.ts%40SpanActionCellRenderer&t=1780289682628:0
[44348559ms] [ERROR] TypeError: Failed to fetch dynamically imported module: http://c4c.localhost:4200/@fs/Users/peleg.katz/Desktop/cx-web-workspace/libs/olly/src/lib/components/artifacts/metrics-artifact-preview/components/@ng/component?c=%2FUsers%2Fpeleg.katz%2FDesktop%2Fcx-web-workspace%2Flibs%2Folly%2Fsrc%2Flib%2Fcomponents%2Fartifacts%2Fmetrics-artifact-preview%2Fcomponents%2Fmetrics-artifact-line-chart.component.ts%40MetricsArtifactLineChartComponent&t=1780289682627 @ http://c4c.localhost:4200/@vite/client:509
[44348559ms] [ERROR] Failed to load resource: net::ERR_NETWORK_CHANGED @ http://c4c.localhost:4200/@fs/Users/peleg.katz/Desktop/cx-web-workspace/libs/olly/src/lib/components/artifacts/spans-artifact-preview/@ng/component?c=%2FUsers%2Fpeleg.katz%2FDesktop%2Fcx-web-workspace%2Flibs%2Folly%2Fsrc%2Flib%2Fcomponents%2Fartifacts%2Fspans-artifact-preview%2Fspans-artifact-preview.component.ts%40SpansArtifactPreviewComponent&t=1780289682629:0
[44348559ms] [ERROR] TypeError: Failed to fetch dynamically imported module: http://c4c.localhost:4200/@fs/Users/peleg.katz/Desktop/cx-web-workspace/libs/olly/src/lib/components/artifacts/metrics-artifact-preview/components/@ng/component?c=%2FUsers%2Fpeleg.katz%2FDesktop%2Fcx-web-workspace%2Flibs%2Folly%2Fsrc%2Flib%2Fcomponents%2Fartifacts%2Fmetrics-artifact-preview%2Fcomponents%2Fmetrics-artifact-single-value.component.ts%40MetricsArtifactSingleValueComponent&t=1780289682628 @ http://c4c.localhost:4200/@vite/client:509
[44348559ms] [ERROR] Failed to load resource: net::ERR_NETWORK_CHANGED @ http://c4c.localhost:4200/@fs/Users/peleg.katz/Desktop/cx-web-workspace/libs/cx-ui/collapsible/src/lib/@ng/component?c=%2FUsers%2Fpeleg.katz%2FDesktop%2Fcx-web-workspace%2Flibs%2Fcx-ui%2Fcollapsible%2Fsrc%2Flib%2Fcollapsible.ts%40CxuiCollapsible&t=1780289682629:0
[44348559ms] [ERROR] Failed to load resource: net::ERR_NETWORK_CHANGED @ http://c4c.localhost:4200/@fs/Users/peleg.katz/Desktop/cx-web-workspace/libs/cx-ui/collapsible/src/lib/@ng/component?c=%2FUsers%2Fpeleg.katz%2FDesktop%2Fcx-web-workspace%2Flibs%2Fcx-ui%2Fcollapsible%2Fsrc%2Flib%2Fcollapsible-content.ts%40CxuiCollapsibleContent&t=1780289682629:0
[44348559ms] [ERROR] Failed to load resource: net::ERR_NETWORK_CHANGED @ http://c4c.localhost:4200/@fs/Users/peleg.katz/Desktop/cx-web-workspace/libs/olly/src/lib/components/artifact-load-error/@ng/component?c=%2FUsers%2Fpeleg.katz%2FDesktop%2Fcx-web-workspace%2Flibs%2Folly%2Fsrc%2Flib%2Fcomponents%2Fartifact-load-error%2Fartifact-load-error.component.ts%40ArtifactLoadErrorComponent&t=1780289682629:0
[44348559ms] [ERROR] TypeError: Failed to fetch dynamically imported module: http://c4c.localhost:4200/@fs/Users/peleg.katz/Desktop/cx-web-workspace/libs/olly/src/lib/components/artifacts/metrics-artifact-preview/@ng/component?c=%2FUsers%2Fpeleg.katz%2FDesktop%2Fcx-web-workspace%2Flibs%2Folly%2Fsrc%2Flib%2Fcomponents%2Fartifacts%2Fmetrics-artifact-preview%2Fmetrics-artifact-preview.component.ts%40MetricsArtifactPreviewComponent&t=1780289682628 @ http://c4c.localhost:4200/@vite/client:509
[44348559ms] [ERROR] Failed to load resource: net::ERR_NETWORK_CHANGED @ http://c4c.localhost:4200/@fs/Users/peleg.katz/Desktop/cx-web-workspace/libs/olly/src/lib/components/artifact-card/@ng/component?c=%2FUsers%2Fpeleg.katz%2FDesktop%2Fcx-web-workspace%2Flibs%2Folly%2Fsrc%2Flib%2Fcomponents%2Fartifact-card%2Fartifact-card.component.ts%40ArtifactCardComponent&t=1780289682630:0
[44348559ms] [ERROR] TypeError: Failed to fetch dynamically imported module: http://c4c.localhost:4200/@fs/Users/peleg.katz/Desktop/cx-web-workspace/libs/olly/src/lib/components/artifacts/spans-artifact-preview/components/@ng/component?c=%2FUsers%2Fpeleg.katz%2FDesktop%2Fcx-web-workspace%2Flibs%2Folly%2Fsrc%2Flib%2Fcomponents%2Fartifacts%2Fspans-artifact-preview%2Fcomponents%2Fspan-action-cell-renderer.component.ts%40SpanActionCellRenderer&t=1780289682628 @ http://c4c.localhost:4200/@vite/client:509
[44348559ms] [ERROR] Failed to load resource: net::ERR_NETWORK_CHANGED @ http://c4c.localhost:4200/@fs/Users/peleg.katz/Desktop/cx-web-workspace/libs/olly/src/lib/components/artifact-preview/@ng/component?c=%2FUsers%2Fpeleg.katz%2FDesktop%2Fcx-web-workspace%2Flibs%2Folly%2Fsrc%2Flib%2Fcomponents%2Fartifact-preview%2Fartifact-preview.component.ts%40ArtifactPreviewComponent&t=1780289682630:0
[44348559ms] [ERROR] Failed to load resource: net::ERR_NETWORK_CHANGED @ http://c4c.localhost:4200/@fs/Users/peleg.katz/Desktop/cx-web-workspace/libs/olly/src/lib/components/chart-preview/components/@ng/component?c=%2FUsers%2Fpeleg.katz%2FDesktop%2Fcx-web-workspace%2Flibs%2Folly%2Fsrc%2Flib%2Fcomponents%2Fchart-preview%2Fcomponents%2Fbase-chart-artifact-view.component.ts%40BaseChartArtifactViewComponent&t=1780289682630:0
[44348559ms] [ERROR] TypeError: Failed to fetch dynamically imported module: http://c4c.localhost:4200/@fs/Users/peleg.katz/Desktop/cx-web-workspace/libs/olly/src/lib/components/artifacts/spans-artifact-preview/@ng/component?c=%2FUsers%2Fpeleg.katz%2FDesktop%2Fcx-web-workspace%2Flibs%2Folly%2Fsrc%2Flib%2Fcomponents%2Fartifacts%2Fspans-artifact-preview%2Fspans-artifact-preview.component.ts%40SpansArtifactPreviewComponent&t=1780289682629 @ http://c4c.localhost:4200/@vite/client:509
[44348559ms] [ERROR] TypeError: Failed to fetch dynamically imported module: http://c4c.localhost:4200/@fs/Users/peleg.katz/Desktop/cx-web-workspace/libs/cx-ui/collapsible/src/lib/@ng/component?c=%2FUsers%2Fpeleg.katz%2FDesktop%2Fcx-web-workspace%2Flibs%2Fcx-ui%2Fcollapsible%2Fsrc%2Flib%2Fcollapsible.ts%40CxuiCollapsible&t=1780289682629 @ http://c4c.localhost:4200/@vite/client:509
[44348560ms] [ERROR] TypeError: Failed to fetch dynamically imported module: http://c4c.localhost:4200/@fs/Users/peleg.katz/Desktop/cx-web-workspace/libs/cx-ui/collapsible/src/lib/@ng/component?c=%2FUsers%2Fpeleg.katz%2FDesktop%2Fcx-web-workspace%2Flibs%2Fcx-ui%2Fcollapsible%2Fsrc%2Flib%2Fcollapsible-content.ts%40CxuiCollapsibleContent&t=1780289682629 @ http://c4c.localhost:4200/@vite/client:509
[44348560ms] [ERROR] TypeError: Failed to fetch dynamically imported module: http://c4c.localhost:4200/@fs/Users/peleg.katz/Desktop/cx-web-workspace/libs/olly/src/lib/components/artifact-load-error/@ng/component?c=%2FUsers%2Fpeleg.katz%2FDesktop%2Fcx-web-workspace%2Flibs%2Folly%2Fsrc%2Flib%2Fcomponents%2Fartifact-load-error%2Fartifact-load-error.component.ts%40ArtifactLoadErrorComponent&t=1780289682629 @ http://c4c.localhost:4200/@vite/client:509
[44348560ms] [ERROR] Failed to load resource: net::ERR_NETWORK_CHANGED @ http://c4c.localhost:4200/@fs/Users/peleg.katz/Desktop/cx-web-workspace/libs/olly/src/lib/components/chart-preview/components/@ng/component?c=%2FUsers%2Fpeleg.katz%2FDesktop%2Fcx-web-workspace%2Flibs%2Folly%2Fsrc%2Flib%2Fcomponents%2Fchart-preview%2Fcomponents%2Fline-chart-artifact-view.component.ts%40LineChartArtifactViewComponent&t=1780289682631:0
[44348560ms] [ERROR] TypeError: Failed to fetch dynamically imported module: http://c4c.localhost:4200/@fs/Users/peleg.katz/Desktop/cx-web-workspace/libs/olly/src/lib/components/artifact-card/@ng/component?c=%2FUsers%2Fpeleg.katz%2FDesktop%2Fcx-web-workspace%2Flibs%2Folly%2Fsrc%2Flib%2Fcomponents%2Fartifact-card%2Fartifact-card.component.ts%40ArtifactCardComponent&t=1780289682630 @ http://c4c.localhost:4200/@vite/client:509
[44348560ms] [ERROR] TypeError: Failed to fetch dynamically imported module: http://c4c.localhost:4200/@fs/Users/peleg.katz/Desktop/cx-web-workspace/libs/olly/src/lib/components/artifact-preview/@ng/component?c=%2FUsers%2Fpeleg.katz%2FDesktop%2Fcx-web-workspace%2Flibs%2Folly%2Fsrc%2Flib%2Fcomponents%2Fartifact-preview%2Fartifact-preview.component.ts%40ArtifactPreviewComponent&t=1780289682630 @ http://c4c.localhost:4200/@vite/client:509
[44348560ms] [ERROR] TypeError: Failed to fetch dynamically imported module: http://c4c.localhost:4200/@fs/Users/peleg.katz/Desktop/cx-web-workspace/libs/olly/src/lib/components/chart-preview/components/@ng/component?c=%2FUsers%2Fpeleg.katz%2FDesktop%2Fcx-web-workspace%2Flibs%2Folly%2Fsrc%2Flib%2Fcomponents%2Fchart-preview%2Fcomponents%2Fbase-chart-artifact-view.component.ts%40BaseChartArtifactViewComponent&t=1780289682630 @ http://c4c.localhost:4200/@vite/client:509
[44348560ms] [ERROR] Failed to load resource: net::ERR_NETWORK_CHANGED @ http://c4c.localhost:4200/@fs/Users/peleg.katz/Desktop/cx-web-workspace/libs/olly/src/lib/components/chart-preview/components/@ng/component?c=%2FUsers%2Fpeleg.katz%2FDesktop%2Fcx-web-workspace%2Flibs%2Folly%2Fsrc%2Flib%2Fcomponents%2Fchart-preview%2Fcomponents%2Farea-chart-artifact-view.component.ts%40AreaChartArtifactViewComponent&t=1780289682631:0
[44348560ms] [ERROR] Failed to load resource: net::ERR_NETWORK_CHANGED @ http://c4c.localhost:4200/@fs/Users/peleg.katz/Desktop/cx-web-workspace/libs/olly/src/lib/components/chart-preview/components/@ng/component?c=%2FUsers%2Fpeleg.katz%2FDesktop%2Fcx-web-workspace%2Flibs%2Folly%2Fsrc%2Flib%2Fcomponents%2Fchart-preview%2Fcomponents%2Fhorizontal-bar-chart-artifact-view.component.ts%40HorizontalBarChartArtifactView&t=1780289682631:0
[44348560ms] [ERROR] Failed to load resource: net::ERR_NETWORK_CHANGED @ http://c4c.localhost:4200/@fs/Users/peleg.katz/Desktop/cx-web-workspace/libs/olly/src/lib/components/chart-preview/components/@ng/component?c=%2FUsers%2Fpeleg.katz%2FDesktop%2Fcx-web-workspace%2Flibs%2Folly%2Fsrc%2Flib%2Fcomponents%2Fchart-preview%2Fcomponents%2Fvertical-bar-chart-artifact-view.component.ts%40VerticalBarChartArtifactView&t=1780289682632:0
[44348560ms] [ERROR] TypeError: Failed to fetch dynamically imported module: http://c4c.localhost:4200/@fs/Users/peleg.katz/Desktop/cx-web-workspace/libs/olly/src/lib/components/chart-preview/components/@ng/component?c=%2FUsers%2Fpeleg.katz%2FDesktop%2Fcx-web-workspace%2Flibs%2Folly%2Fsrc%2Flib%2Fcomponents%2Fchart-preview%2Fcomponents%2Fline-chart-artifact-view.component.ts%40LineChartArtifactViewComponent&t=1780289682631 @ http://c4c.localhost:4200/@vite/client:509
[44348560ms] [ERROR] Failed to load resource: net::ERR_NETWORK_CHANGED @ http://c4c.localhost:4200/@fs/Users/peleg.katz/Desktop/cx-web-workspace/libs/olly/src/lib/components/chart-preview/components/@ng/component?c=%2FUsers%2Fpeleg.katz%2FDesktop%2Fcx-web-workspace%2Flibs%2Folly%2Fsrc%2Flib%2Fcomponents%2Fchart-preview%2Fcomponents%2Fpie-chart-artifact-view.component.ts%40PieChartArtifactView&t=1780289682632:0
[44348560ms] [ERROR] Failed to load resource: net::ERR_NETWORK_CHANGED @ http://c4c.localhost:4200/@fs/Users/peleg.katz/Desktop/cx-web-workspace/libs/olly/src/lib/components/chart-preview/components/@ng/component?c=%2FUsers%2Fpeleg.katz%2FDesktop%2Fcx-web-workspace%2Flibs%2Folly%2Fsrc%2Flib%2Fcomponents%2Fchart-preview%2Fcomponents%2Fvertical-stacked-bar-chart-artifact-view.component.ts%40VerticalStackedBarChartArtifactView&t=1780289682632:0
[44348560ms] [ERROR] Failed to load resource: net::ERR_NETWORK_CHANGED @ http://c4c.localhost:4200/@fs/Users/peleg.katz/Desktop/cx-web-workspace/libs/olly/src/lib/components/chart-preview/@ng/component?c=%2FUsers%2Fpeleg.katz%2FDesktop%2Fcx-web-workspace%2Flibs%2Folly%2Fsrc%2Flib%2Fcomponents%2Fchart-preview%2Fchart-preview.component.ts%40ChartPreviewComponent&t=1780289682632:0
[44348560ms] [ERROR] TypeError: Failed to fetch dynamically imported module: http://c4c.localhost:4200/@fs/Users/peleg.katz/Desktop/cx-web-workspace/libs/olly/src/lib/components/chart-preview/components/@ng/component?c=%2FUsers%2Fpeleg.katz%2FDesktop%2Fcx-web-workspace%2Flibs%2Folly%2Fsrc%2Flib%2Fcomponents%2Fchart-preview%2Fcomponents%2Farea-chart-artifact-view.component.ts%40AreaChartArtifactViewComponent&t=1780289682631 @ http://c4c.localhost:4200/@vite/client:509
[44348561ms] [ERROR] Failed to load resource: net::ERR_NETWORK_CHANGED @ http://c4c.localhost:4200/@fs/Users/peleg.katz/Desktop/cx-web-workspace/libs/olly/src/lib/components/artifact-drawer-card/@ng/component?c=%2FUsers%2Fpeleg.katz%2FDesktop%2Fcx-web-workspace%2Flibs%2Folly%2Fsrc%2Flib%2Fcomponents%2Fartifact-drawer-card%2Fartifact-drawer-card.component.ts%40ArtifactDrawerCardComponent&t=1780289682633:0
[44348561ms] [ERROR] TypeError: Failed to fetch dynamically imported module: http://c4c.localhost:4200/@fs/Users/peleg.katz/Desktop/cx-web-workspace/libs/olly/src/lib/components/chart-preview/components/@ng/component?c=%2FUsers%2Fpeleg.katz%2FDesktop%2Fcx-web-workspace%2Flibs%2Folly%2Fsrc%2Flib%2Fcomponents%2Fchart-preview%2Fcomponents%2Fhorizontal-bar-chart-artifact-view.component.ts%40HorizontalBarChartArtifactView&t=1780289682631 @ http://c4c.localhost:4200/@vite/client:509
[44348561ms] [ERROR] TypeError: Failed to fetch dynamically imported module: http://c4c.localhost:4200/@fs/Users/peleg.katz/Desktop/cx-web-workspace/libs/olly/src/lib/components/chart-preview/components/@ng/component?c=%2FUsers%2Fpeleg.katz%2FDesktop%2Fcx-web-workspace%2Flibs%2Folly%2Fsrc%2Flib%2Fcomponents%2Fchart-preview%2Fcomponents%2Fvertical-bar-chart-artifact-view.component.ts%40VerticalBarChartArtifactView&t=1780289682632 @ http://c4c.localhost:4200/@vite/client:509
[44348561ms] [ERROR] Failed to load resource: net::ERR_NETWORK_CHANGED @ http://c4c.localhost:4200/@fs/Users/peleg.katz/Desktop/cx-web-workspace/libs/olly/src/lib/components/table-artifact-view/@ng/component?c=%2FUsers%2Fpeleg.katz%2FDesktop%2Fcx-web-workspace%2Flibs%2Folly%2Fsrc%2Flib%2Fcomponents%2Ftable-artifact-view%2Fskeleton-col-header.component.ts%40SkeletonColHeaderComponent&t=1780289682634:0
[44348561ms] [ERROR] Failed to load resource: net::ERR_NETWORK_CHANGED @ http://c4c.localhost:4200/@fs/Users/peleg.katz/Desktop/cx-web-workspace/libs/olly/src/lib/components/table-artifact-view/@ng/component?c=%2FUsers%2Fpeleg.katz%2FDesktop%2Fcx-web-workspace%2Flibs%2Folly%2Fsrc%2Flib%2Fcomponents%2Ftable-artifact-view%2Ftable-artifact-view.component.ts%40TableArtifactViewComponent&t=1780289682634:0
[44348561ms] [ERROR] TypeError: Failed to fetch dynamically imported module: http://c4c.localhost:4200/@fs/Users/peleg.katz/Desktop/cx-web-workspace/libs/olly/src/lib/components/chart-preview/components/@ng/component?c=%2FUsers%2Fpeleg.katz%2FDesktop%2Fcx-web-workspace%2Flibs%2Folly%2Fsrc%2Flib%2Fcomponents%2Fchart-preview%2Fcomponents%2Fpie-chart-artifact-view.component.ts%40PieChartArtifactView&t=1780289682632 @ http://c4c.localhost:4200/@vite/client:509
[44348561ms] [ERROR] TypeError: Failed to fetch dynamically imported module: http://c4c.localhost:4200/@fs/Users/peleg.katz/Desktop/cx-web-workspace/libs/olly/src/lib/components/chart-preview/components/@ng/component?c=%2FUsers%2Fpeleg.katz%2FDesktop%2Fcx-web-workspace%2Flibs%2Folly%2Fsrc%2Flib%2Fcomponents%2Fchart-preview%2Fcomponents%2Fvertical-stacked-bar-chart-artifact-view.component.ts%40VerticalStackedBarChartArtifactView&t=1780289682632 @ http://c4c.localhost:4200/@vite/client:509
[44348561ms] [ERROR] TypeError: Failed to fetch dynamically imported module: http://c4c.localhost:4200/@fs/Users/peleg.katz/Desktop/cx-web-workspace/libs/olly/src/lib/components/chart-preview/@ng/component?c=%2FUsers%2Fpeleg.katz%2FDesktop%2Fcx-web-workspace%2Flibs%2Folly%2Fsrc%2Flib%2Fcomponents%2Fchart-preview%2Fchart-preview.component.ts%40ChartPreviewComponent&t=1780289682632 @ http://c4c.localhost:4200/@vite/client:509
[44348561ms] [ERROR] Failed to load resource: net::ERR_NETWORK_CHANGED @ http://c4c.localhost:4200/@fs/Users/peleg.katz/Desktop/cx-web-workspace/libs/olly/src/lib/components/artifact-drawer/artifact-drawer-resize-handle/@ng/component?c=%2FUsers%2Fpeleg.katz%2FDesktop%2Fcx-web-workspace%2Flibs%2Folly%2Fsrc%2Flib%2Fcomponents%2Fartifact-drawer%2Fartifact-drawer-resize-handle%2Fartifact-drawer-resize-handle.component.ts%40ArtifactDrawerResizeHandle&t=1780289682635:0
[44348561ms] [ERROR] Failed to load resource: net::ERR_NETWORK_CHANGED @ http://c4c.localhost:4200/@fs/Users/peleg.katz/Desktop/cx-web-workspace/libs/olly/src/lib/components/artifacts/dataprime-artifact-preview/components/aggregated-log-view/@ng/component?c=%2FUsers%2Fpeleg.katz%2FDesktop%2Fcx-web-workspace%2Flibs%2Folly%2Fsrc%2Flib%2Fcomponents%2Fartifacts%2Fdataprime-artifact-preview%2Fcomponents%2Faggregated-log-view%2Faggregated-log-view.component.ts%40AggregatedLogViewComponent&t=1780289682635:0
[44348561ms] [ERROR] Failed to load resource: net::ERR_NETWORK_CHANGED @ http://c4c.localhost:4200/@fs/Users/peleg.katz/Desktop/cx-web-workspace/libs/olly/src/lib/components/artifacts/dataprime-artifact-preview/components/single-log-artifact-view/@ng/component?c=%2FUsers%2Fpeleg.katz%2FDesktop%2Fcx-web-workspace%2Flibs%2Folly%2Fsrc%2Flib%2Fcomponents%2Fartifacts%2Fdataprime-artifact-preview%2Fcomponents%2Fsingle-log-artifact-view%2Fsingle-log-artifact-view.component.ts%40SingleLogArtifactViewComponent&t=1780289682636:0
[44348561ms] [ERROR] Failed to load resource: net::ERR_NETWORK_CHANGED @ http://c4c.localhost:4200/@fs/Users/peleg.katz/Desktop/cx-web-workspace/libs/olly/src/lib/components/artifacts/dataprime-artifact-preview/components/selected-entry-drawer-body/@ng/component?c=%2FUsers%2Fpeleg.katz%2FDesktop%2Fcx-web-workspace%2Flibs%2Folly%2Fsrc%2Flib%2Fcomponents%2Fartifacts%2Fdataprime-artifact-preview%2Fcomponents%2Fselected-entry-drawer-body%2Fselected-entry-drawer-body.component.ts%40SelectedEntryDrawerBodyComponent&t=1780289682636:0
[44348561ms] [ERROR] TypeError: Failed to fetch dynamically imported module: http://c4c.localhost:4200/@fs/Users/peleg.katz/Desktop/cx-web-workspace/libs/olly/src/lib/components/artifact-drawer-card/@ng/component?c=%2FUsers%2Fpeleg.katz%2FDesktop%2Fcx-web-workspace%2Flibs%2Folly%2Fsrc%2Flib%2Fcomponents%2Fartifact-drawer-card%2Fartifact-drawer-card.component.ts%40ArtifactDrawerCardComponent&t=1780289682633 @ http://c4c.localhost:4200/@vite/client:509
[44348561ms] [ERROR] TypeError: Failed to fetch dynamically imported module: http://c4c.localhost:4200/@fs/Users/peleg.katz/Desktop/cx-web-workspace/libs/olly/src/lib/components/table-artifact-view/@ng/component?c=%2FUsers%2Fpeleg.katz%2FDesktop%2Fcx-web-workspace%2Flibs%2Folly%2Fsrc%2Flib%2Fcomponents%2Ftable-artifact-view%2Fskeleton-col-header.component.ts%40SkeletonColHeaderComponent&t=1780289682634 @ http://c4c.localhost:4200/@vite/client:509
[44348561ms] [ERROR] TypeError: Failed to fetch dynamically imported module: http://c4c.localhost:4200/@fs/Users/peleg.katz/Desktop/cx-web-workspace/libs/olly/src/lib/components/table-artifact-view/@ng/component?c=%2FUsers%2Fpeleg.katz%2FDesktop%2Fcx-web-workspace%2Flibs%2Folly%2Fsrc%2Flib%2Fcomponents%2Ftable-artifact-view%2Ftable-artifact-view.component.ts%40TableArtifactViewComponent&t=1780289682634 @ http://c4c.localhost:4200/@vite/client:509
[44348561ms] [ERROR] Failed to load resource: net::ERR_NETWORK_CHANGED @ http://c4c.localhost:4200/@fs/Users/peleg.katz/Desktop/cx-web-workspace/libs/olly/src/lib/components/artifacts/dataprime-artifact-preview/components/single-log-drawer-header/@ng/component?c=%2FUsers%2Fpeleg.katz%2FDesktop%2Fcx-web-workspace%2Flibs%2Folly%2Fsrc%2Flib%2Fcomponents%2Fartifacts%2Fdataprime-artifact-preview%2Fcomponents%2Fsingle-log-drawer-header%2Fsingle-log-drawer-header.component.ts%40SingleLogDrawerHeaderComponent&t=1780289682636:0
[44348562ms] [ERROR] Failed to load resource: net::ERR_NETWORK_CHANGED @ http://c4c.localhost:4200/@fs/Users/peleg.katz/Desktop/cx-web-workspace/libs/olly/src/lib/components/artifacts/dataprime-artifact-preview/components/selected-entry-drawer-header/@ng/component?c=%2FUsers%2Fpeleg.katz%2FDesktop%2Fcx-web-workspace%2Flibs%2Folly%2Fsrc%2Flib%2Fcomponents%2Fartifacts%2Fdataprime-artifact-preview%2Fcomponents%2Fselected-entry-drawer-header%2Fselected-entry-drawer-header.component.ts%40SelectedEntryDrawerHeaderComponent&t=1780289682637:0
[44348562ms] [ERROR] TypeError: Failed to fetch dynamically imported module: http://c4c.localhost:4200/@fs/Users/peleg.katz/Desktop/cx-web-workspace/libs/olly/src/lib/components/artifact-drawer/artifact-drawer-resize-handle/@ng/component?c=%2FUsers%2Fpeleg.katz%2FDesktop%2Fcx-web-workspace%2Flibs%2Folly%2Fsrc%2Flib%2Fcomponents%2Fartifact-drawer%2Fartifact-drawer-resize-handle%2Fartifact-drawer-resize-handle.component.ts%40ArtifactDrawerResizeHandle&t=1780289682635 @ http://c4c.localhost:4200/@vite/client:509
[44348562ms] [ERROR] Failed to load resource: net::ERR_NETWORK_CHANGED @ http://c4c.localhost:4200/@fs/Users/peleg.katz/Desktop/cx-web-workspace/libs/cx-ui/button-group/src/lib/@ng/component?c=%2FUsers%2Fpeleg.katz%2FDesktop%2Fcx-web-workspace%2Flibs%2Fcx-ui%2Fbutton-group%2Fsrc%2Flib%2Fbutton-group.ts%40CxuiButtonGroup&t=1780289682638:0
[44348562ms] [ERROR] TypeError: Failed to fetch dynamically imported module: http://c4c.localhost:4200/@fs/Users/peleg.katz/Desktop/cx-web-workspace/libs/olly/src/lib/components/artifacts/dataprime-artifact-preview/components/aggregated-log-view/@ng/component?c=%2FUsers%2Fpeleg.katz%2FDesktop%2Fcx-web-workspace%2Flibs%2Folly%2Fsrc%2Flib%2Fcomponents%2Fartifacts%2Fdataprime-artifact-preview%2Fcomponents%2Faggregated-log-view%2Faggregated-log-view.component.ts%40AggregatedLogViewComponent&t=1780289682635 @ http://c4c.localhost:4200/@vite/client:509
[44348562ms] [ERROR] TypeError: Failed to fetch dynamically imported module: http://c4c.localhost:4200/@fs/Users/peleg.katz/Desktop/cx-web-workspace/libs/olly/src/lib/components/artifacts/dataprime-artifact-preview/components/single-log-artifact-view/@ng/component?c=%2FUsers%2Fpeleg.katz%2FDesktop%2Fcx-web-workspace%2Flibs%2Folly%2Fsrc%2Flib%2Fcomponents%2Fartifacts%2Fdataprime-artifact-preview%2Fcomponents%2Fsingle-log-artifact-view%2Fsingle-log-artifact-view.component.ts%40SingleLogArtifactViewComponent&t=1780289682636 @ http://c4c.localhost:4200/@vite/client:509
[44348562ms] [ERROR] Failed to load resource: net::ERR_NETWORK_CHANGED @ http://c4c.localhost:4200/@fs/Users/peleg.katz/Desktop/cx-web-workspace/libs/olly/src/lib/components/artifact-drawer/alert-artifact-drawer/@ng/component?c=%2FUsers%2Fpeleg.katz%2FDesktop%2Fcx-web-workspace%2Flibs%2Folly%2Fsrc%2Flib%2Fcomponents%2Fartifact-drawer%2Falert-artifact-drawer%2Falert-artifact-drawer.component.ts%40AlertArtifactDrawerComponent&t=1780289682638:0
[44348562ms] [ERROR] TypeError: Failed to fetch dynamically imported module: http://c4c.localhost:4200/@fs/Users/peleg.katz/Desktop/cx-web-workspace/libs/olly/src/lib/components/artifacts/dataprime-artifact-preview/components/selected-entry-drawer-body/@ng/component?c=%2FUsers%2Fpeleg.katz%2FDesktop%2Fcx-web-workspace%2Flibs%2Folly%2Fsrc%2Flib%2Fcomponents%2Fartifacts%2Fdataprime-artifact-preview%2Fcomponents%2Fselected-entry-drawer-body%2Fselected-entry-drawer-body.component.ts%40SelectedEntryDrawerBodyComponent&t=1780289682636 @ http://c4c.localhost:4200/@vite/client:509
[44348562ms] [ERROR] Failed to load resource: net::ERR_NETWORK_CHANGED @ http://c4c.localhost:4200/@fs/Users/peleg.katz/Desktop/cx-web-workspace/libs/olly/src/lib/components/artifact-drawer/artifact-drawer-content/@ng/component?c=%2FUsers%2Fpeleg.katz%2FDesktop%2Fcx-web-workspace%2Flibs%2Folly%2Fsrc%2Flib%2Fcomponents%2Fartifact-drawer%2Fartifact-drawer-content%2Fartifact-drawer-content.component.ts%40ArtifactDrawerContentComponent&t=1780289682639:0
[44348562ms] [ERROR] Failed to load resource: net::ERR_NETWORK_CHANGED @ http://c4c.localhost:4200/@fs/Users/peleg.katz/Desktop/cx-web-workspace/libs/olly/src/lib/components/artifact-drawer/@ng/component?c=%2FUsers%2Fpeleg.katz%2FDesktop%2Fcx-web-workspace%2Flibs%2Folly%2Fsrc%2Flib%2Fcomponents%2Fartifact-drawer%2Fartifact-drawer.component.ts%40ArtifactDrawerComponent&t=1780289682639:0
[44348562ms] [ERROR] Failed to load resource: net::ERR_NETWORK_CHANGED @ http://c4c.localhost:4200/@fs/Users/peleg.katz/Desktop/cx-web-workspace/libs/permissions/src/lib/components/permissions-added-summary/@ng/component?c=%2FUsers%2Fpeleg.katz%2FDesktop%2Fcx-web-workspace%2Flibs%2Fpermissions%2Fsrc%2Flib%2Fcomponents%2Fpermissions-added-summary%2Fpermissions-added-summary.component.ts%40PermissionsAddedSummaryComponent&t=1780289682644:0
[44348562ms] [ERROR] TypeError: Failed to fetch dynamically imported module: http://c4c.localhost:4200/@fs/Users/peleg.katz/Desktop/cx-web-workspace/libs/olly/src/lib/components/artifacts/dataprime-artifact-preview/components/single-log-drawer-header/@ng/component?c=%2FUsers%2Fpeleg.katz%2FDesktop%2Fcx-web-workspace%2Flibs%2Folly%2Fsrc%2Flib%2Fcomponents%2Fartifacts%2Fdataprime-artifact-preview%2Fcomponents%2Fsingle-log-drawer-header%2Fsingle-log-drawer-header.component.ts%40SingleLogDrawerHeaderComponent&t=1780289682636 @ http://c4c.localhost:4200/@vite/client:509
[44348562ms] [ERROR] TypeError: Failed to fetch dynamically imported module: http://c4c.localhost:4200/@fs/Users/peleg.katz/Desktop/cx-web-workspace/libs/olly/src/lib/components/artifacts/dataprime-artifact-preview/components/selected-entry-drawer-header/@ng/component?c=%2FUsers%2Fpeleg.katz%2FDesktop%2Fcx-web-workspace%2Flibs%2Folly%2Fsrc%2Flib%2Fcomponents%2Fartifacts%2Fdataprime-artifact-preview%2Fcomponents%2Fselected-entry-drawer-header%2Fselected-entry-drawer-header.component.ts%40SelectedEntryDrawerHeaderComponent&t=1780289682637 @ http://c4c.localhost:4200/@vite/client:509
[44348562ms] [ERROR] Failed to load resource: net::ERR_NETWORK_CHANGED @ http://c4c.localhost:4200/@fs/Users/peleg.katz/Desktop/cx-web-workspace/libs/permissions/src/lib/components/mixed-permissions-granted/@ng/component?c=%2FUsers%2Fpeleg.katz%2FDesktop%2Fcx-web-workspace%2Flibs%2Fpermissions%2Fsrc%2Flib%2Fcomponents%2Fmixed-permissions-granted%2Fmixed-permissions-granted.component.ts%40MixedPermissionsGrantedComponent&t=1780289682644:0
[44348562ms] [ERROR] TypeError: Failed to fetch dynamically imported module: http://c4c.localhost:4200/@fs/Users/peleg.katz/Desktop/cx-web-workspace/libs/cx-ui/button-group/src/lib/@ng/component?c=%2FUsers%2Fpeleg.katz%2FDesktop%2Fcx-web-workspace%2Flibs%2Fcx-ui%2Fbutton-group%2Fsrc%2Flib%2Fbutton-group.ts%40CxuiButtonGroup&t=1780289682638 @ http://c4c.localhost:4200/@vite/client:509
[44348562ms] [ERROR] Failed to load resource: net::ERR_NETWORK_CHANGED @ http://c4c.localhost:4200/@fs/Users/peleg.katz/Desktop/cx-web-workspace/libs/olly/src/lib/components/query-assistant/@ng/component?c=%2FUsers%2Fpeleg.katz%2FDesktop%2Fcx-web-workspace%2Flibs%2Folly%2Fsrc%2Flib%2Fcomponents%2Fquery-assistant%2Folly-query-assistant.component.ts%40OllyQueryAssistantComponent&t=1780289682646:0
[44348562ms] [ERROR] Failed to load resource: net::ERR_NETWORK_CHANGED @ http://c4c.localhost:4200/@fs/Users/peleg.katz/Desktop/cx-web-workspace/libs/olly/src/lib/components/consent-dialog/@ng/component?c=%2FUsers%2Fpeleg.katz%2FDesktop%2Fcx-web-workspace%2Flibs%2Folly%2Fsrc%2Flib%2Fcomponents%2Fconsent-dialog%2Folly-consent-panel.component.ts%40OllyConsentPanelComponent&t=1780289682646:0
[44348562ms] [ERROR] TypeError: Failed to fetch dynamically imported module: http://c4c.localhost:4200/@fs/Users/peleg.katz/Desktop/cx-web-workspace/libs/olly/src/lib/components/artifact-drawer/alert-artifact-drawer/@ng/component?c=%2FUsers%2Fpeleg.katz%2FDesktop%2Fcx-web-workspace%2Flibs%2Folly%2Fsrc%2Flib%2Fcomponents%2Fartifact-drawer%2Falert-artifact-drawer%2Falert-artifact-drawer.component.ts%40AlertArtifactDrawerComponent&t=1780289682638 @ http://c4c.localhost:4200/@vite/client:509
[44348562ms] [ERROR] Failed to load resource: net::ERR_NETWORK_CHANGED @ http://c4c.localhost:4200/@fs/Users/peleg.katz/Desktop/cx-web-workspace/libs/olly/src/lib/components/consent-dialog/@ng/component?c=%2FUsers%2Fpeleg.katz%2FDesktop%2Fcx-web-workspace%2Flibs%2Folly%2Fsrc%2Flib%2Fcomponents%2Fconsent-dialog%2Folly-consent-overlay.component.ts%40OllyConsentOverlayComponent&t=1780289682646:0
[44348562ms] [ERROR] TypeError: Failed to fetch dynamically imported module: http://c4c.localhost:4200/@fs/Users/peleg.katz/Desktop/cx-web-workspace/libs/olly/src/lib/components/artifact-drawer/artifact-drawer-content/@ng/component?c=%2FUsers%2Fpeleg.katz%2FDesktop%2Fcx-web-workspace%2Flibs%2Folly%2Fsrc%2Flib%2Fcomponents%2Fartifact-drawer%2Fartifact-drawer-content%2Fartifact-drawer-content.component.ts%40ArtifactDrawerContentComponent&t=1780289682639 @ http://c4c.localhost:4200/@vite/client:509
[44348563ms] [ERROR] TypeError: Failed to fetch dynamically imported module: http://c4c.localhost:4200/@fs/Users/peleg.katz/Desktop/cx-web-workspace/libs/olly/src/lib/components/artifact-drawer/@ng/component?c=%2FUsers%2Fpeleg.katz%2FDesktop%2Fcx-web-workspace%2Flibs%2Folly%2Fsrc%2Flib%2Fcomponents%2Fartifact-drawer%2Fartifact-drawer.component.ts%40ArtifactDrawerComponent&t=1780289682639 @ http://c4c.localhost:4200/@vite/client:509
[44348563ms] [ERROR] TypeError: Failed to fetch dynamically imported module: http://c4c.localhost:4200/@fs/Users/peleg.katz/Desktop/cx-web-workspace/libs/permissions/src/lib/components/permissions-added-summary/@ng/component?c=%2FUsers%2Fpeleg.katz%2FDesktop%2Fcx-web-workspace%2Flibs%2Fpermissions%2Fsrc%2Flib%2Fcomponents%2Fpermissions-added-summary%2Fpermissions-added-summary.component.ts%40PermissionsAddedSummaryComponent&t=1780289682644 @ http://c4c.localhost:4200/@vite/client:509
[44348563ms] [ERROR] Failed to load resource: net::ERR_NETWORK_CHANGED @ http://c4c.localhost:4200/@fs/Users/peleg.katz/Desktop/cx-web-workspace/libs/olly/src/lib/components/chat-switcher/@ng/component?c=%2FUsers%2Fpeleg.katz%2FDesktop%2Fcx-web-workspace%2Flibs%2Folly%2Fsrc%2Flib%2Fcomponents%2Fchat-switcher%2Fchat-switcher.component.ts%40OllyChatSwitcherComponent&t=1780289682647:0
[44348563ms] [ERROR] TypeError: Failed to fetch dynamically imported module: http://c4c.localhost:4200/@fs/Users/peleg.katz/Desktop/cx-web-workspace/libs/permissions/src/lib/components/mixed-permissions-granted/@ng/component?c=%2FUsers%2Fpeleg.katz%2FDesktop%2Fcx-web-workspace%2Flibs%2Fpermissions%2Fsrc%2Flib%2Fcomponents%2Fmixed-permissions-granted%2Fmixed-permissions-granted.component.ts%40MixedPermissionsGrantedComponent&t=1780289682644 @ http://c4c.localhost:4200/@vite/client:509
[44348563ms] [ERROR] Failed to load resource: net::ERR_NETWORK_CHANGED @ http://c4c.localhost:4200/@fs/Users/peleg.katz/Desktop/cx-web-workspace/libs/olly/src/lib/components/chat/actions/@ng/component?c=%2FUsers%2Fpeleg.katz%2FDesktop%2Fcx-web-workspace%2Flibs%2Folly%2Fsrc%2Flib%2Fcomponents%2Fchat%2Factions%2Fnew-chat-button.component.ts%40NewChatButtonComponent&t=1780289682647:0
[44348563ms] [ERROR] TypeError: Failed to fetch dynamically imported module: http://c4c.localhost:4200/@fs/Users/peleg.katz/Desktop/cx-web-workspace/libs/olly/src/lib/components/query-assistant/@ng/component?c=%2FUsers%2Fpeleg.katz%2FDesktop%2Fcx-web-workspace%2Flibs%2Folly%2Fsrc%2Flib%2Fcomponents%2Fquery-assistant%2Folly-query-assistant.component.ts%40OllyQueryAssistantComponent&t=1780289682646 @ http://c4c.localhost:4200/@vite/client:509
[44348563ms] [ERROR] TypeError: Failed to fetch dynamically imported module: http://c4c.localhost:4200/@fs/Users/peleg.katz/Desktop/cx-web-workspace/libs/olly/src/lib/components/consent-dialog/@ng/component?c=%2FUsers%2Fpeleg.katz%2FDesktop%2Fcx-web-workspace%2Flibs%2Folly%2Fsrc%2Flib%2Fcomponents%2Fconsent-dialog%2Folly-consent-panel.component.ts%40OllyConsentPanelComponent&t=1780289682646 @ http://c4c.localhost:4200/@vite/client:509
[44348563ms] [ERROR] Failed to load resource: net::ERR_NETWORK_CHANGED @ http://c4c.localhost:4200/@fs/Users/peleg.katz/Desktop/cx-web-workspace/libs/olly/src/lib/components/chat/github-banner/@ng/component?c=%2FUsers%2Fpeleg.katz%2FDesktop%2Fcx-web-workspace%2Flibs%2Folly%2Fsrc%2Flib%2Fcomponents%2Fchat%2Fgithub-banner%2Fgithub-data-source-banner.component.ts%40GitHubDataSourceBannerComponent&t=1780289682648:0
[44348563ms] [ERROR] TypeError: Failed to fetch dynamically imported module: http://c4c.localhost:4200/@fs/Users/peleg.katz/Desktop/cx-web-workspace/libs/olly/src/lib/components/consent-dialog/@ng/component?c=%2FUsers%2Fpeleg.katz%2FDesktop%2Fcx-web-workspace%2Flibs%2Folly%2Fsrc%2Flib%2Fcomponents%2Fconsent-dialog%2Folly-consent-overlay.component.ts%40OllyConsentOverlayComponent&t=1780289682646 @ http://c4c.localhost:4200/@vite/client:509
[44348563ms] [ERROR] Failed to load resource: net::ERR_NETWORK_CHANGED @ http://c4c.localhost:4200/@fs/Users/peleg.katz/Desktop/cx-web-workspace/libs/cx-ui/markdown/src/lib/@ng/component?c=%2FUsers%2Fpeleg.katz%2FDesktop%2Fcx-web-workspace%2Flibs%2Fcx-ui%2Fmarkdown%2Fsrc%2Flib%2Fmarkdown-blockquote.ts%40CxuiMdBlockquote&t=1780289682648:0
[44348563ms] [ERROR] Failed to load resource: net::ERR_NETWORK_CHANGED @ http://c4c.localhost:4200/@fs/Users/peleg.katz/Desktop/cx-web-workspace/libs/cx-ui/markdown/src/lib/@ng/component?c=%2FUsers%2Fpeleg.katz%2FDesktop%2Fcx-web-workspace%2Flibs%2Fcx-ui%2Fmarkdown%2Fsrc%2Flib%2Fmarkdown-code-block.ts%40CxuiMdCodeBlock&t=1780289682649:0
[44348563ms] [ERROR] TypeError: Failed to fetch dynamically imported module: http://c4c.localhost:4200/@fs/Users/peleg.katz/Desktop/cx-web-workspace/libs/olly/src/lib/components/chat-switcher/@ng/component?c=%2FUsers%2Fpeleg.katz%2FDesktop%2Fcx-web-workspace%2Flibs%2Folly%2Fsrc%2Flib%2Fcomponents%2Fchat-switcher%2Fchat-switcher.component.ts%40OllyChatSwitcherComponent&t=1780289682647 @ http://c4c.localhost:4200/@vite/client:509
[44348563ms] [ERROR] Failed to load resource: net::ERR_NETWORK_CHANGED @ http://c4c.localhost:4200/@fs/Users/peleg.katz/Desktop/cx-web-workspace/libs/cx-ui/markdown/src/lib/@ng/component?c=%2FUsers%2Fpeleg.katz%2FDesktop%2Fcx-web-workspace%2Flibs%2Fcx-ui%2Fmarkdown%2Fsrc%2Flib%2Fmarkdown-heading.ts%40CxuiMdHeading&t=1780289682649:0
[44348563ms] [ERROR] TypeError: Failed to fetch dynamically imported module: http://c4c.localhost:4200/@fs/Users/peleg.katz/Desktop/cx-web-workspace/libs/olly/src/lib/components/chat/actions/@ng/component?c=%2FUsers%2Fpeleg.katz%2FDesktop%2Fcx-web-workspace%2Flibs%2Folly%2Fsrc%2Flib%2Fcomponents%2Fchat%2Factions%2Fnew-chat-button.component.ts%40NewChatButtonComponent&t=1780289682647 @ http://c4c.localhost:4200/@vite/client:509
[44348563ms] [ERROR] TypeError: Failed to fetch dynamically imported module: http://c4c.localhost:4200/@fs/Users/peleg.katz/Desktop/cx-web-workspace/libs/olly/src/lib/components/chat/github-banner/@ng/component?c=%2FUsers%2Fpeleg.katz%2FDesktop%2Fcx-web-workspace%2Flibs%2Folly%2Fsrc%2Flib%2Fcomponents%2Fchat%2Fgithub-banner%2Fgithub-data-source-banner.component.ts%40GitHubDataSourceBannerComponent&t=1780289682648 @ http://c4c.localhost:4200/@vite/client:509
[44348563ms] [ERROR] Failed to load resource: net::ERR_NETWORK_CHANGED @ http://c4c.localhost:4200/@fs/Users/peleg.katz/Desktop/cx-web-workspace/libs/cx-ui/markdown/src/lib/@ng/component?c=%2FUsers%2Fpeleg.katz%2FDesktop%2Fcx-web-workspace%2Flibs%2Fcx-ui%2Fmarkdown%2Fsrc%2Flib%2Fmarkdown-inline-code.ts%40CxuiMdInlineCode&t=1780289682649:0
[44348564ms] [ERROR] TypeError: Failed to fetch dynamically imported module: http://c4c.localhost:4200/@fs/Users/peleg.katz/Desktop/cx-web-workspace/libs/cx-ui/markdown/src/lib/@ng/component?c=%2FUsers%2Fpeleg.katz%2FDesktop%2Fcx-web-workspace%2Flibs%2Fcx-ui%2Fmarkdown%2Fsrc%2Flib%2Fmarkdown-blockquote.ts%40CxuiMdBlockquote&t=1780289682648 @ http://c4c.localhost:4200/@vite/client:509
[44348564ms] [ERROR] Failed to load resource: net::ERR_NETWORK_CHANGED @ http://c4c.localhost:4200/@fs/Users/peleg.katz/Desktop/cx-web-workspace/libs/cx-ui/markdown/src/lib/@ng/component?c=%2FUsers%2Fpeleg.katz%2FDesktop%2Fcx-web-workspace%2Flibs%2Fcx-ui%2Fmarkdown%2Fsrc%2Flib%2Fmarkdown-link.ts%40CxuiMdLink&t=1780289682649:0
[44348564ms] [ERROR] TypeError: Failed to fetch dynamically imported module: http://c4c.localhost:4200/@fs/Users/peleg.katz/Desktop/cx-web-workspace/libs/cx-ui/markdown/src/lib/@ng/component?c=%2FUsers%2Fpeleg.katz%2FDesktop%2Fcx-web-workspace%2Flibs%2Fcx-ui%2Fmarkdown%2Fsrc%2Flib%2Fmarkdown-code-block.ts%40CxuiMdCodeBlock&t=1780289682649 @ http://c4c.localhost:4200/@vite/client:509
[44348564ms] [ERROR] Failed to load resource: net::ERR_NETWORK_CHANGED @ http://c4c.localhost:4200/@fs/Users/peleg.katz/Desktop/cx-web-workspace/libs/cx-ui/markdown/src/lib/@ng/component?c=%2FUsers%2Fpeleg.katz%2FDesktop%2Fcx-web-workspace%2Flibs%2Fcx-ui%2Fmarkdown%2Fsrc%2Flib%2Fmarkdown-list.ts%40CxuiMdList&t=1780289682650:0
[44348564ms] [ERROR] TypeError: Failed to fetch dynamically imported module: http://c4c.localhost:4200/@fs/Users/peleg.katz/Desktop/cx-web-workspace/libs/cx-ui/markdown/src/lib/@ng/component?c=%2FUsers%2Fpeleg.katz%2FDesktop%2Fcx-web-workspace%2Flibs%2Fcx-ui%2Fmarkdown%2Fsrc%2Flib%2Fmarkdown-heading.ts%40CxuiMdHeading&t=1780289682649 @ http://c4c.localhost:4200/@vite/client:509
[44348564ms] [ERROR] Failed to load resource: net::ERR_NETWORK_CHANGED @ http://c4c.localhost:4200/@fs/Users/peleg.katz/Desktop/cx-web-workspace/libs/cx-ui/markdown/src/lib/@ng/component?c=%2FUsers%2Fpeleg.katz%2FDesktop%2Fcx-web-workspace%2Flibs%2Fcx-ui%2Fmarkdown%2Fsrc%2Flib%2Fmarkdown-paragraph.ts%40CxuiMdParagraph&t=1780289682651:0
[44348564ms] [ERROR] TypeError: Failed to fetch dynamically imported module: http://c4c.localhost:4200/@fs/Users/peleg.katz/Desktop/cx-web-workspace/libs/cx-ui/markdown/src/lib/@ng/component?c=%2FUsers%2Fpeleg.katz%2FDesktop%2Fcx-web-workspace%2Flibs%2Fcx-ui%2Fmarkdown%2Fsrc%2Flib%2Fmarkdown-inline-code.ts%40CxuiMdInlineCode&t=1780289682649 @ http://c4c.localhost:4200/@vite/client:509
[44348564ms] [ERROR] TypeError: Failed to fetch dynamically imported module: http://c4c.localhost:4200/@fs/Users/peleg.katz/Desktop/cx-web-workspace/libs/cx-ui/markdown/src/lib/@ng/component?c=%2FUsers%2Fpeleg.katz%2FDesktop%2Fcx-web-workspace%2Flibs%2Fcx-ui%2Fmarkdown%2Fsrc%2Flib%2Fmarkdown-link.ts%40CxuiMdLink&t=1780289682649 @ http://c4c.localhost:4200/@vite/client:509
[44348564ms] [ERROR] Failed to load resource: net::ERR_NETWORK_CHANGED @ http://c4c.localhost:4200/@fs/Users/peleg.katz/Desktop/cx-web-workspace/libs/cx-ui/markdown/src/lib/@ng/component?c=%2FUsers%2Fpeleg.katz%2FDesktop%2Fcx-web-workspace%2Flibs%2Fcx-ui%2Fmarkdown%2Fsrc%2Flib%2Fmarkdown-table-cell-renderer.ts%40MdTableCellRenderer&t=1780289682651:0
[44348564ms] [ERROR] TypeError: Failed to fetch dynamically imported module: http://c4c.localhost:4200/@fs/Users/peleg.katz/Desktop/cx-web-workspace/libs/cx-ui/markdown/src/lib/@ng/component?c=%2FUsers%2Fpeleg.katz%2FDesktop%2Fcx-web-workspace%2Flibs%2Fcx-ui%2Fmarkdown%2Fsrc%2Flib%2Fmarkdown-list.ts%40CxuiMdList&t=1780289682650 @ http://c4c.localhost:4200/@vite/client:509
[44348564ms] [ERROR] Failed to load resource: net::ERR_NETWORK_CHANGED @ http://c4c.localhost:4200/@fs/Users/peleg.katz/Desktop/cx-web-workspace/libs/cx-ui/markdown/src/lib/@ng/component?c=%2FUsers%2Fpeleg.katz%2FDesktop%2Fcx-web-workspace%2Flibs%2Fcx-ui%2Fmarkdown%2Fsrc%2Flib%2Fmarkdown-table.ts%40CxuiMdTable&t=1780289682651:0
[44348564ms] [ERROR] TypeError: Failed to fetch dynamically imported module: http://c4c.localhost:4200/@fs/Users/peleg.katz/Desktop/cx-web-workspace/libs/cx-ui/markdown/src/lib/@ng/component?c=%2FUsers%2Fpeleg.katz%2FDesktop%2Fcx-web-workspace%2Flibs%2Fcx-ui%2Fmarkdown%2Fsrc%2Flib%2Fmarkdown-paragraph.ts%40CxuiMdParagraph&t=1780289682651 @ http://c4c.localhost:4200/@vite/client:509
[44348564ms] [ERROR] Failed to load resource: net::ERR_NETWORK_CHANGED @ http://c4c.localhost:4200/@fs/Users/peleg.katz/Desktop/cx-web-workspace/libs/cx-ui/markdown/src/lib/@ng/component?c=%2FUsers%2Fpeleg.katz%2FDesktop%2Fcx-web-workspace%2Flibs%2Fcx-ui%2Fmarkdown%2Fsrc%2Flib%2Fmarkdown-nodes.ts%40CxuiMarkdownNodes&t=1780289682652:0
[44348564ms] [ERROR] TypeError: Failed to fetch dynamically imported module: http://c4c.localhost:4200/@fs/Users/peleg.katz/Desktop/cx-web-workspace/libs/cx-ui/markdown/src/lib/@ng/component?c=%2FUsers%2Fpeleg.katz%2FDesktop%2Fcx-web-workspace%2Flibs%2Fcx-ui%2Fmarkdown%2Fsrc%2Flib%2Fmarkdown-table-cell-renderer.ts%40MdTableCellRenderer&t=1780289682651 @ http://c4c.localhost:4200/@vite/client:509
[44348564ms] [ERROR] Failed to load resource: net::ERR_NETWORK_CHANGED @ http://c4c.localhost:4200/@fs/Users/peleg.katz/Desktop/cx-web-workspace/libs/cx-ui/markdown/src/lib/@ng/component?c=%2FUsers%2Fpeleg.katz%2FDesktop%2Fcx-web-workspace%2Flibs%2Fcx-ui%2Fmarkdown%2Fsrc%2Flib%2Fmarkdown.ts%40CxuiMarkdown&t=1780289682652:0
[44348564ms] [ERROR] TypeError: Failed to fetch dynamically imported module: http://c4c.localhost:4200/@fs/Users/peleg.katz/Desktop/cx-web-workspace/libs/cx-ui/markdown/src/lib/@ng/component?c=%2FUsers%2Fpeleg.katz%2FDesktop%2Fcx-web-workspace%2Flibs%2Fcx-ui%2Fmarkdown%2Fsrc%2Flib%2Fmarkdown-table.ts%40CxuiMdTable&t=1780289682651 @ http://c4c.localhost:4200/@vite/client:509
[44348564ms] [ERROR] TypeError: Failed to fetch dynamically imported module: http://c4c.localhost:4200/@fs/Users/peleg.katz/Desktop/cx-web-workspace/libs/cx-ui/markdown/src/lib/@ng/component?c=%2FUsers%2Fpeleg.katz%2FDesktop%2Fcx-web-workspace%2Flibs%2Fcx-ui%2Fmarkdown%2Fsrc%2Flib%2Fmarkdown-nodes.ts%40CxuiMarkdownNodes&t=1780289682652 @ http://c4c.localhost:4200/@vite/client:509
[44348565ms] [ERROR] Failed to load resource: net::ERR_NETWORK_CHANGED @ http://c4c.localhost:4200/@fs/Users/peleg.katz/Desktop/cx-web-workspace/libs/olly/src/lib/components/chat/messages/content-parts/@ng/component?c=%2FUsers%2Fpeleg.katz%2FDesktop%2Fcx-web-workspace%2Flibs%2Folly%2Fsrc%2Flib%2Fcomponents%2Fchat%2Fmessages%2Fcontent-parts%2Fchat-content-parts.component.ts%40OllyChatContentPartsComponent&t=1780289682652:0
[44348565ms] [ERROR] TypeError: Failed to fetch dynamically imported module: http://c4c.localhost:4200/@fs/Users/peleg.katz/Desktop/cx-web-workspace/libs/cx-ui/markdown/src/lib/@ng/component?c=%2FUsers%2Fpeleg.katz%2FDesktop%2Fcx-web-workspace%2Flibs%2Fcx-ui%2Fmarkdown%2Fsrc%2Flib%2Fmarkdown.ts%40CxuiMarkdown&t=1780289682652 @ http://c4c.localhost:4200/@vite/client:509
[44348565ms] [ERROR] Failed to load resource: net::ERR_NETWORK_CHANGED @ http://c4c.localhost:4200/@fs/Users/peleg.katz/Desktop/cx-web-workspace/libs/cx-ui/textarea/src/lib/@ng/component?c=%2FUsers%2Fpeleg.katz%2FDesktop%2Fcx-web-workspace%2Flibs%2Fcx-ui%2Ftextarea%2Fsrc%2Flib%2Ftextarea-container.ts%40CxuiTextareaContainer&t=1780289682653:0
[44348565ms] [ERROR] Failed to load resource: net::ERR_NETWORK_CHANGED @ http://c4c.localhost:4200/@fs/Users/peleg.katz/Desktop/cx-web-workspace/libs/olly/src/lib/components/chat/dialogs/@ng/component?c=%2FUsers%2Fpeleg.katz%2FDesktop%2Fcx-web-workspace%2Flibs%2Folly%2Fsrc%2Flib%2Fcomponents%2Fchat%2Fdialogs%2Fother-feedback-dialog.component.ts%40OtherFeedbackDialogComponent&t=1780289682653:0
[44348565ms] [ERROR] TypeError: Failed to fetch dynamically imported module: http://c4c.localhost:4200/@fs/Users/peleg.katz/Desktop/cx-web-workspace/libs/olly/src/lib/components/chat/messages/content-parts/@ng/component?c=%2FUsers%2Fpeleg.katz%2FDesktop%2Fcx-web-workspace%2Flibs%2Folly%2Fsrc%2Flib%2Fcomponents%2Fchat%2Fmessages%2Fcontent-parts%2Fchat-content-parts.component.ts%40OllyChatContentPartsComponent&t=1780289682652 @ http://c4c.localhost:4200/@vite/client:509
[44348565ms] [ERROR] TypeError: Failed to fetch dynamically imported module: http://c4c.localhost:4200/@fs/Users/peleg.katz/Desktop/cx-web-workspace/libs/cx-ui/textarea/src/lib/@ng/component?c=%2FUsers%2Fpeleg.katz%2FDesktop%2Fcx-web-workspace%2Flibs%2Fcx-ui%2Ftextarea%2Fsrc%2Flib%2Ftextarea-container.ts%40CxuiTextareaContainer&t=1780289682653 @ http://c4c.localhost:4200/@vite/client:509
[44348565ms] [ERROR] TypeError: Failed to fetch dynamically imported module: http://c4c.localhost:4200/@fs/Users/peleg.katz/Desktop/cx-web-workspace/libs/olly/src/lib/components/chat/dialogs/@ng/component?c=%2FUsers%2Fpeleg.katz%2FDesktop%2Fcx-web-workspace%2Flibs%2Folly%2Fsrc%2Flib%2Fcomponents%2Fchat%2Fdialogs%2Fother-feedback-dialog.component.ts%40OtherFeedbackDialogComponent&t=1780289682653 @ http://c4c.localhost:4200/@vite/client:509
[44348565ms] [ERROR] Failed to load resource: net::ERR_NETWORK_CHANGED @ http://c4c.localhost:4200/@fs/Users/peleg.katz/Desktop/cx-web-workspace/libs/olly/src/lib/components/chat/messages/message-actions/@ng/component?c=%2FUsers%2Fpeleg.katz%2FDesktop%2Fcx-web-workspace%2Flibs%2Folly%2Fsrc%2Flib%2Fcomponents%2Fchat%2Fmessages%2Fmessage-actions%2Fchat-message-actions.component.ts%40OllyChatMessageActionsComponent&t=1780289682654:0
[44348565ms] [ERROR] Failed to load resource: net::ERR_NETWORK_CHANGED @ http://c4c.localhost:4200/@fs/Users/peleg.katz/Desktop/cx-web-workspace/libs/cx-ui/card/src/lib/@ng/component?c=%2FUsers%2Fpeleg.katz%2FDesktop%2Fcx-web-workspace%2Flibs%2Fcx-ui%2Fcard%2Fsrc%2Flib%2Fcard.ts%40CxuiCard&t=1780289682654:0
[44348565ms] [ERROR] TypeError: Failed to fetch dynamically imported module: http://c4c.localhost:4200/@fs/Users/peleg.katz/Desktop/cx-web-workspace/libs/olly/src/lib/components/chat/messages/message-actions/@ng/component?c=%2FUsers%2Fpeleg.katz%2FDesktop%2Fcx-web-workspace%2Flibs%2Folly%2Fsrc%2Flib%2Fcomponents%2Fchat%2Fmessages%2Fmessage-actions%2Fchat-message-actions.component.ts%40OllyChatMessageActionsComponent&t=1780289682654 @ http://c4c.localhost:4200/@vite/client:509
[44348565ms] [ERROR] Failed to load resource: net::ERR_NETWORK_CHANGED @ http://c4c.localhost:4200/@fs/Users/peleg.katz/Desktop/cx-web-workspace/libs/cx-ui/card/src/lib/@ng/component?c=%2FUsers%2Fpeleg.katz%2FDesktop%2Fcx-web-workspace%2Flibs%2Fcx-ui%2Fcard%2Fsrc%2Flib%2Fcard-title.ts%40CxuiCardTitle&t=1780289682654:0
[44348565ms] [ERROR] TypeError: Failed to fetch dynamically imported module: http://c4c.localhost:4200/@fs/Users/peleg.katz/Desktop/cx-web-workspace/libs/cx-ui/card/src/lib/@ng/component?c=%2FUsers%2Fpeleg.katz%2FDesktop%2Fcx-web-workspace%2Flibs%2Fcx-ui%2Fcard%2Fsrc%2Flib%2Fcard.ts%40CxuiCard&t=1780289682654 @ http://c4c.localhost:4200/@vite/client:509
[44348565ms] [ERROR] TypeError: Failed to fetch dynamically imported module: http://c4c.localhost:4200/@fs/Users/peleg.katz/Desktop/cx-web-workspace/libs/cx-ui/card/src/lib/@ng/component?c=%2FUsers%2Fpeleg.katz%2FDesktop%2Fcx-web-workspace%2Flibs%2Fcx-ui%2Fcard%2Fsrc%2Flib%2Fcard-title.ts%40CxuiCardTitle&t=1780289682654 @ http://c4c.localhost:4200/@vite/client:509
[44348565ms] [ERROR] Failed to load resource: net::ERR_NETWORK_CHANGED @ http://c4c.localhost:4200/@fs/Users/peleg.katz/Desktop/cx-web-workspace/libs/cx-ui/card/src/lib/@ng/component?c=%2FUsers%2Fpeleg.katz%2FDesktop%2Fcx-web-workspace%2Flibs%2Fcx-ui%2Fcard%2Fsrc%2Flib%2Fcard-body.ts%40CxuiCardBody&t=1780289682654:0
[44348565ms] [ERROR] Failed to load resource: net::ERR_NETWORK_CHANGED @ http://c4c.localhost:4200/@fs/Users/peleg.katz/Desktop/cx-web-workspace/libs/cx-ui/card/src/lib/@ng/component?c=%2FUsers%2Fpeleg.katz%2FDesktop%2Fcx-web-workspace%2Flibs%2Fcx-ui%2Fcard%2Fsrc%2Flib%2Fcard-footer.ts%40CxuiCardFooter&t=1780289682654:0
[44348565ms] [ERROR] TypeError: Failed to fetch dynamically imported module: http://c4c.localhost:4200/@fs/Users/peleg.katz/Desktop/cx-web-workspace/libs/cx-ui/card/src/lib/@ng/component?c=%2FUsers%2Fpeleg.katz%2FDesktop%2Fcx-web-workspace%2Flibs%2Fcx-ui%2Fcard%2Fsrc%2Flib%2Fcard-body.ts%40CxuiCardBody&t=1780289682654 @ http://c4c.localhost:4200/@vite/client:509
[44348565ms] [ERROR] TypeError: Failed to fetch dynamically imported module: http://c4c.localhost:4200/@fs/Users/peleg.katz/Desktop/cx-web-workspace/libs/cx-ui/card/src/lib/@ng/component?c=%2FUsers%2Fpeleg.katz%2FDesktop%2Fcx-web-workspace%2Flibs%2Fcx-ui%2Fcard%2Fsrc%2Flib%2Fcard-footer.ts%40CxuiCardFooter&t=1780289682654 @ http://c4c.localhost:4200/@vite/client:509
[44348565ms] [ERROR] Failed to load resource: net::ERR_NETWORK_CHANGED @ http://c4c.localhost:4200/@fs/Users/peleg.katz/Desktop/cx-web-workspace/libs/olly/src/lib/components/chat/messages/reasoning/@ng/component?c=%2FUsers%2Fpeleg.katz%2FDesktop%2Fcx-web-workspace%2Flibs%2Folly%2Fsrc%2Flib%2Fcomponents%2Fchat%2Fmessages%2Freasoning%2Fchat-reasoning-step-details.component.ts%40OllyChatReasoningStepDetailsComponent&t=1780289682655:0
[44348566ms] [ERROR] TypeError: Failed to fetch dynamically imported module: http://c4c.localhost:4200/@fs/Users/peleg.katz/Desktop/cx-web-workspace/libs/olly/src/lib/components/chat/messages/reasoning/@ng/component?c=%2FUsers%2Fpeleg.katz%2FDesktop%2Fcx-web-workspace%2Flibs%2Folly%2Fsrc%2Flib%2Fcomponents%2Fchat%2Fmessages%2Freasoning%2Fchat-reasoning-step-details.component.ts%40OllyChatReasoningStepDetailsComponent&t=1780289682655 @ http://c4c.localhost:4200/@vite/client:509
[44348566ms] [ERROR] Failed to load resource: net::ERR_NETWORK_CHANGED @ http://c4c.localhost:4200/@fs/Users/peleg.katz/Desktop/cx-web-workspace/libs/olly/src/lib/components/chat/messages/reasoning/@ng/component?c=%2FUsers%2Fpeleg.katz%2FDesktop%2Fcx-web-workspace%2Flibs%2Folly%2Fsrc%2Flib%2Fcomponents%2Fchat%2Fmessages%2Freasoning%2Fchat-reasoning.component.ts%40OllyChatReasoningComponent&t=1780289682656:0
[44348566ms] [ERROR] TypeError: Failed to fetch dynamically imported module: http://c4c.localhost:4200/@fs/Users/peleg.katz/Desktop/cx-web-workspace/libs/olly/src/lib/components/chat/messages/reasoning/@ng/component?c=%2FUsers%2Fpeleg.katz%2FDesktop%2Fcx-web-workspace%2Flibs%2Folly%2Fsrc%2Flib%2Fcomponents%2Fchat%2Fmessages%2Freasoning%2Fchat-reasoning.component.ts%40OllyChatReasoningComponent&t=1780289682656 @ http://c4c.localhost:4200/@vite/client:509
[44348566ms] [ERROR] Failed to load resource: net::ERR_NETWORK_CHANGED @ http://c4c.localhost:4200/@fs/Users/peleg.katz/Desktop/cx-web-workspace/libs/olly/src/lib/components/chat/messages/assistant-message/@ng/component?c=%2FUsers%2Fpeleg.katz%2FDesktop%2Fcx-web-workspace%2Flibs%2Folly%2Fsrc%2Flib%2Fcomponents%2Fchat%2Fmessages%2Fassistant-message%2Fchat-assistant-message.component.ts%40OllyChatAssistantMessageComponent&t=1780289682657:0
[44348566ms] [ERROR] Failed to load resource: net::ERR_NETWORK_CHANGED @ http://c4c.localhost:4200/@fs/Users/peleg.katz/Desktop/cx-web-workspace/libs/olly/src/lib/components/chat/messages/user-message/@ng/component?c=%2FUsers%2Fpeleg.katz%2FDesktop%2Fcx-web-workspace%2Flibs%2Folly%2Fsrc%2Flib%2Fcomponents%2Fchat%2Fmessages%2Fuser-message%2Fchat-user-message.component.ts%40OllyChatUserMessageComponent&t=1780289682657:0
[44348566ms] [ERROR] Failed to load resource: net::ERR_NETWORK_CHANGED @ http://c4c.localhost:4200/@fs/Users/peleg.katz/Desktop/cx-web-workspace/libs/olly/src/lib/components/chat/messages/failed-interaction-banner/@ng/component?c=%2FUsers%2Fpeleg.katz%2FDesktop%2Fcx-web-workspace%2Flibs%2Folly%2Fsrc%2Flib%2Fcomponents%2Fchat%2Fmessages%2Ffailed-interaction-banner%2Fchat-failed-interaction-banner.component.ts%40OllyChatFailedInteractionBannerComponent&t=1780289682659:0
[44348566ms] [ERROR] TypeError: Failed to fetch dynamically imported module: http://c4c.localhost:4200/@fs/Users/peleg.katz/Desktop/cx-web-workspace/libs/olly/src/lib/components/chat/messages/assistant-message/@ng/component?c=%2FUsers%2Fpeleg.katz%2FDesktop%2Fcx-web-workspace%2Flibs%2Folly%2Fsrc%2Flib%2Fcomponents%2Fchat%2Fmessages%2Fassistant-message%2Fchat-assistant-message.component.ts%40OllyChatAssistantMessageComponent&t=1780289682657 @ http://c4c.localhost:4200/@vite/client:509
[44348566ms] [ERROR] TypeError: Failed to fetch dynamically imported module: http://c4c.localhost:4200/@fs/Users/peleg.katz/Desktop/cx-web-workspace/libs/olly/src/lib/components/chat/messages/user-message/@ng/component?c=%2FUsers%2Fpeleg.katz%2FDesktop%2Fcx-web-workspace%2Flibs%2Folly%2Fsrc%2Flib%2Fcomponents%2Fchat%2Fmessages%2Fuser-message%2Fchat-user-message.component.ts%40OllyChatUserMessageComponent&t=1780289682657 @ http://c4c.localhost:4200/@vite/client:509
[44348567ms] [ERROR] Failed to load resource: net::ERR_NETWORK_CHANGED @ http://c4c.localhost:4200/@fs/Users/peleg.katz/Desktop/cx-web-workspace/libs/olly/src/lib/components/chat/messages/@ng/component?c=%2FUsers%2Fpeleg.katz%2FDesktop%2Fcx-web-workspace%2Flibs%2Folly%2Fsrc%2Flib%2Fcomponents%2Fchat%2Fmessages%2Fchat-messages.component.ts%40OllyChatMessagesComponent&t=1780289682659:0
[44348567ms] [ERROR] TypeError: Failed to fetch dynamically imported module: http://c4c.localhost:4200/@fs/Users/peleg.katz/Desktop/cx-web-workspace/libs/olly/src/lib/components/chat/messages/failed-interaction-banner/@ng/component?c=%2FUsers%2Fpeleg.katz%2FDesktop%2Fcx-web-workspace%2Flibs%2Folly%2Fsrc%2Flib%2Fcomponents%2Fchat%2Fmessages%2Ffailed-interaction-banner%2Fchat-failed-interaction-banner.component.ts%40OllyChatFailedInteractionBannerComponent&t=1780289682659 @ http://c4c.localhost:4200/@vite/client:509
[44348567ms] [ERROR] Failed to load resource: net::ERR_NETWORK_CHANGED @ http://c4c.localhost:4200/@fs/Users/peleg.katz/Desktop/cx-web-workspace/libs/cx-ui/prompt-input/src/lib/@ng/component?c=%2FUsers%2Fpeleg.katz%2FDesktop%2Fcx-web-workspace%2Flibs%2Fcx-ui%2Fprompt-input%2Fsrc%2Flib%2Fprompt-input.ts%40CxuiPromptInput&t=1780289682660:0
[44348567ms] [ERROR] Failed to load resource: net::ERR_NETWORK_CHANGED @ http://c4c.localhost:4200/@fs/Users/peleg.katz/Desktop/cx-web-workspace/libs/cx-ui/prompt-input/src/lib/@ng/component?c=%2FUsers%2Fpeleg.katz%2FDesktop%2Fcx-web-workspace%2Flibs%2Fcx-ui%2Fprompt-input%2Fsrc%2Flib%2Fprompt-input-toolbar.ts%40CxuiPromptInputToolbar&t=1780289682660:0
[44348567ms] [ERROR] TypeError: Failed to fetch dynamically imported module: http://c4c.localhost:4200/@fs/Users/peleg.katz/Desktop/cx-web-workspace/libs/olly/src/lib/components/chat/messages/@ng/component?c=%2FUsers%2Fpeleg.katz%2FDesktop%2Fcx-web-workspace%2Flibs%2Folly%2Fsrc%2Flib%2Fcomponents%2Fchat%2Fmessages%2Fchat-messages.component.ts%40OllyChatMessagesComponent&t=1780289682659 @ http://c4c.localhost:4200/@vite/client:509
[44348567ms] [ERROR] Failed to load resource: net::ERR_NETWORK_CHANGED @ http://c4c.localhost:4200/@fs/Users/peleg.katz/Desktop/cx-web-workspace/libs/cx-ui/prompt-input/src/lib/@ng/component?c=%2FUsers%2Fpeleg.katz%2FDesktop%2Fcx-web-workspace%2Flibs%2Fcx-ui%2Fprompt-input%2Fsrc%2Flib%2Fprompt-input-submit.ts%40CxuiPromptSubmit&t=1780289682660:0
[44348567ms] [ERROR] TypeError: Failed to fetch dynamically imported module: http://c4c.localhost:4200/@fs/Users/peleg.katz/Desktop/cx-web-workspace/libs/cx-ui/prompt-input/src/lib/@ng/component?c=%2FUsers%2Fpeleg.katz%2FDesktop%2Fcx-web-workspace%2Flibs%2Fcx-ui%2Fprompt-input%2Fsrc%2Flib%2Fprompt-input.ts%40CxuiPromptInput&t=1780289682660 @ http://c4c.localhost:4200/@vite/client:509
[44348567ms] [ERROR] TypeError: Failed to fetch dynamically imported module: http://c4c.localhost:4200/@fs/Users/peleg.katz/Desktop/cx-web-workspace/libs/cx-ui/prompt-input/src/lib/@ng/component?c=%2FUsers%2Fpeleg.katz%2FDesktop%2Fcx-web-workspace%2Flibs%2Fcx-ui%2Fprompt-input%2Fsrc%2Flib%2Fprompt-input-toolbar.ts%40CxuiPromptInputToolbar&t=1780289682660 @ http://c4c.localhost:4200/@vite/client:509
[44348567ms] [ERROR] Failed to load resource: net::ERR_NETWORK_CHANGED @ http://c4c.localhost:4200/@fs/Users/peleg.katz/Desktop/cx-web-workspace/libs/olly/src/lib/components/chat/dialogs/@ng/component?c=%2FUsers%2Fpeleg.katz%2FDesktop%2Fcx-web-workspace%2Flibs%2Folly%2Fsrc%2Flib%2Fcomponents%2Fchat%2Fdialogs%2Fremove-github-data-source-dialog.component.ts%40RemoveGithubDataSourceDialogComponent&t=1780289682661:0
[44348567ms] [ERROR] TypeError: Failed to fetch dynamically imported module: http://c4c.localhost:4200/@fs/Users/peleg.katz/Desktop/cx-web-workspace/libs/cx-ui/prompt-input/src/lib/@ng/component?c=%2FUsers%2Fpeleg.katz%2FDesktop%2Fcx-web-workspace%2Flibs%2Fcx-ui%2Fprompt-input%2Fsrc%2Flib%2Fprompt-input-submit.ts%40CxuiPromptSubmit&t=1780289682660 @ http://c4c.localhost:4200/@vite/client:509
[44348567ms] [ERROR] Failed to load resource: net::ERR_NETWORK_CHANGED @ http://c4c.localhost:4200/@fs/Users/peleg.katz/Desktop/cx-web-workspace/libs/olly/src/lib/components/chat/data-source-menu/github-menu-content/@ng/component?c=%2FUsers%2Fpeleg.katz%2FDesktop%2Fcx-web-workspace%2Flibs%2Folly%2Fsrc%2Flib%2Fcomponents%2Fchat%2Fdata-source-menu%2Fgithub-menu-content%2Fgithub-menu-content.component.ts%40GithubMenuContentComponent&t=1780289682661:0
[44348567ms] [ERROR] TypeError: Failed to fetch dynamically imported module: http://c4c.localhost:4200/@fs/Users/peleg.katz/Desktop/cx-web-workspace/libs/olly/src/lib/components/chat/dialogs/@ng/component?c=%2FUsers%2Fpeleg.katz%2FDesktop%2Fcx-web-workspace%2Flibs%2Folly%2Fsrc%2Flib%2Fcomponents%2Fchat%2Fdialogs%2Fremove-github-data-source-dialog.component.ts%40RemoveGithubDataSourceDialogComponent&t=1780289682661 @ http://c4c.localhost:4200/@vite/client:509
[44348567ms] [ERROR] Failed to load resource: net::ERR_NETWORK_CHANGED @ http://c4c.localhost:4200/@fs/Users/peleg.katz/Desktop/cx-web-workspace/libs/olly/src/lib/components/chat/data-source-menu/selected-sources-group/@ng/component?c=%2FUsers%2Fpeleg.katz%2FDesktop%2Fcx-web-workspace%2Flibs%2Folly%2Fsrc%2Flib%2Fcomponents%2Fchat%2Fdata-source-menu%2Fselected-sources-group%2Fselected-sources-group.component.ts%40SelectedSourcesGroup&t=1780289682661:0
[44348567ms] [ERROR] TypeError: Failed to fetch dynamically imported module: http://c4c.localhost:4200/@fs/Users/peleg.katz/Desktop/cx-web-workspace/libs/olly/src/lib/components/chat/data-source-menu/github-menu-content/@ng/component?c=%2FUsers%2Fpeleg.katz%2FDesktop%2Fcx-web-workspace%2Flibs%2Folly%2Fsrc%2Flib%2Fcomponents%2Fchat%2Fdata-source-menu%2Fgithub-menu-content%2Fgithub-menu-content.component.ts%40GithubMenuContentComponent&t=1780289682661 @ http://c4c.localhost:4200/@vite/client:509
[44348568ms] [ERROR] Failed to load resource: net::ERR_NETWORK_CHANGED @ http://c4c.localhost:4200/@fs/Users/peleg.katz/Desktop/cx-web-workspace/libs/olly/src/lib/components/chat/data-source-menu/github-menu-item/@ng/component?c=%2FUsers%2Fpeleg.katz%2FDesktop%2Fcx-web-workspace%2Flibs%2Folly%2Fsrc%2Flib%2Fcomponents%2Fchat%2Fdata-source-menu%2Fgithub-menu-item%2Fgithub-menu-item.component.ts%40GithubMenuItemComponent&t=1780289682662:0
[44348568ms] [ERROR] TypeError: Failed to fetch dynamically imported module: http://c4c.localhost:4200/@fs/Users/peleg.katz/Desktop/cx-web-workspace/libs/olly/src/lib/components/chat/data-source-menu/selected-sources-group/@ng/component?c=%2FUsers%2Fpeleg.katz%2FDesktop%2Fcx-web-workspace%2Flibs%2Folly%2Fsrc%2Flib%2Fcomponents%2Fchat%2Fdata-source-menu%2Fselected-sources-group%2Fselected-sources-group.component.ts%40SelectedSourcesGroup&t=1780289682661 @ http://c4c.localhost:4200/@vite/client:509
[44348568ms] [ERROR] Failed to load resource: net::ERR_NETWORK_CHANGED @ http://c4c.localhost:4200/@fs/Users/peleg.katz/Desktop/cx-web-workspace/libs/olly/src/lib/components/chat/data-source-menu/skills-menu-item/@ng/component?c=%2FUsers%2Fpeleg.katz%2FDesktop%2Fcx-web-workspace%2Flibs%2Folly%2Fsrc%2Flib%2Fcomponents%2Fchat%2Fdata-source-menu%2Fskills-menu-item%2Fskills-menu-item.component.ts%40SkillsMenuItemComponent&t=1780289682662:0
[44348568ms] [ERROR] TypeError: Failed to fetch dynamically imported module: http://c4c.localhost:4200/@fs/Users/peleg.katz/Desktop/cx-web-workspace/libs/olly/src/lib/components/chat/data-source-menu/github-menu-item/@ng/component?c=%2FUsers%2Fpeleg.katz%2FDesktop%2Fcx-web-workspace%2Flibs%2Folly%2Fsrc%2Flib%2Fcomponents%2Fchat%2Fdata-source-menu%2Fgithub-menu-item%2Fgithub-menu-item.component.ts%40GithubMenuItemComponent&t=1780289682662 @ http://c4c.localhost:4200/@vite/client:509
[44348568ms] [ERROR] TypeError: Failed to fetch dynamically imported module: http://c4c.localhost:4200/@fs/Users/peleg.katz/Desktop/cx-web-workspace/libs/olly/src/lib/components/chat/data-source-menu/skills-menu-item/@ng/component?c=%2FUsers%2Fpeleg.katz%2FDesktop%2Fcx-web-workspace%2Flibs%2Folly%2Fsrc%2Flib%2Fcomponents%2Fchat%2Fdata-source-menu%2Fskills-menu-item%2Fskills-menu-item.component.ts%40SkillsMenuItemComponent&t=1780289682662 @ http://c4c.localhost:4200/@vite/client:509
[44348568ms] [ERROR] Failed to load resource: net::ERR_NETWORK_CHANGED @ http://c4c.localhost:4200/@fs/Users/peleg.katz/Desktop/cx-web-workspace/libs/olly/src/lib/components/chat/data-source-menu/@ng/component?c=%2FUsers%2Fpeleg.katz%2FDesktop%2Fcx-web-workspace%2Flibs%2Folly%2Fsrc%2Flib%2Fcomponents%2Fchat%2Fdata-source-menu%2Fdata-source-menu.component.ts%40DataSourceMenuComponent&t=1780289682663:0
[44348568ms] [ERROR] TypeError: Failed to fetch dynamically imported module: http://c4c.localhost:4200/@fs/Users/peleg.katz/Desktop/cx-web-workspace/libs/olly/src/lib/components/chat/data-source-menu/@ng/component?c=%2FUsers%2Fpeleg.katz%2FDesktop%2Fcx-web-workspace%2Flibs%2Folly%2Fsrc%2Flib%2Fcomponents%2Fchat%2Fdata-source-menu%2Fdata-source-menu.component.ts%40DataSourceMenuComponent&t=1780289682663 @ http://c4c.localhost:4200/@vite/client:509
[44348568ms] [ERROR] Failed to load resource: net::ERR_NETWORK_CHANGED @ http://c4c.localhost:4200/@fs/Users/peleg.katz/Desktop/cx-web-workspace/libs/olly/src/lib/components/chat/skill-picker/@ng/component?c=%2FUsers%2Fpeleg.katz%2FDesktop%2Fcx-web-workspace%2Flibs%2Folly%2Fsrc%2Flib%2Fcomponents%2Fchat%2Fskill-picker%2Fchat-skill-picker.component.ts%40ChatSkillPickerComponent&t=1780289682663:0
[44348568ms] [ERROR] Failed to load resource: net::ERR_NETWORK_CHANGED @ http://c4c.localhost:4200/@fs/Users/peleg.katz/Desktop/cx-web-workspace/libs/olly/src/lib/components/chat/prompt-input/@ng/component?c=%2FUsers%2Fpeleg.katz%2FDesktop%2Fcx-web-workspace%2Flibs%2Folly%2Fsrc%2Flib%2Fcomponents%2Fchat%2Fprompt-input%2Fchat-prompt-input.component.ts%40OllyChatPromptInputComponent&t=1780289682664:0
[44348568ms] [ERROR] TypeError: Failed to fetch dynamically imported module: http://c4c.localhost:4200/@fs/Users/peleg.katz/Desktop/cx-web-workspace/libs/olly/src/lib/components/chat/skill-picker/@ng/component?c=%2FUsers%2Fpeleg.katz%2FDesktop%2Fcx-web-workspace%2Flibs%2Folly%2Fsrc%2Flib%2Fcomponents%2Fchat%2Fskill-picker%2Fchat-skill-picker.component.ts%40ChatSkillPickerComponent&t=1780289682663 @ http://c4c.localhost:4200/@vite/client:509
[44348568ms] [ERROR] TypeError: Failed to fetch dynamically imported module: http://c4c.localhost:4200/@fs/Users/peleg.katz/Desktop/cx-web-workspace/libs/olly/src/lib/components/chat/prompt-input/@ng/component?c=%2FUsers%2Fpeleg.katz%2FDesktop%2Fcx-web-workspace%2Flibs%2Folly%2Fsrc%2Flib%2Fcomponents%2Fchat%2Fprompt-input%2Fchat-prompt-input.component.ts%40OllyChatPromptInputComponent&t=1780289682664 @ http://c4c.localhost:4200/@vite/client:509
[44348568ms] [ERROR] Failed to load resource: net::ERR_NETWORK_CHANGED @ http://c4c.localhost:4200/@fs/Users/peleg.katz/Desktop/cx-web-workspace/libs/olly/src/lib/components/chat/prompt-templates/@ng/component?c=%2FUsers%2Fpeleg.katz%2FDesktop%2Fcx-web-workspace%2Flibs%2Folly%2Fsrc%2Flib%2Fcomponents%2Fchat%2Fprompt-templates%2Fchat-prompt-templates.component.ts%40OllyChatPromptTemplatesComponent&t=1780289682664:0
[44348568ms] [ERROR] Failed to load resource: net::ERR_NETWORK_CHANGED @ http://c4c.localhost:4200/@fs/Users/peleg.katz/Desktop/cx-web-workspace/libs/olly/src/lib/components/chat/knowledge-banner/@ng/component?c=%2FUsers%2Fpeleg.katz%2FDesktop%2Fcx-web-workspace%2Flibs%2Folly%2Fsrc%2Flib%2Fcomponents%2Fchat%2Fknowledge-banner%2Fknowledge-indexing-banner.component.ts%40KnowledgeIndexingBannerComponent&t=1780289682665:0
[44348568ms] [ERROR] TypeError: Failed to fetch dynamically imported module: http://c4c.localhost:4200/@fs/Users/peleg.katz/Desktop/cx-web-workspace/libs/olly/src/lib/components/chat/prompt-templates/@ng/component?c=%2FUsers%2Fpeleg.katz%2FDesktop%2Fcx-web-workspace%2Flibs%2Folly%2Fsrc%2Flib%2Fcomponents%2Fchat%2Fprompt-templates%2Fchat-prompt-templates.component.ts%40OllyChatPromptTemplatesComponent&t=1780289682664 @ http://c4c.localhost:4200/@vite/client:509
[44348568ms] [ERROR] Failed to load resource: net::ERR_NETWORK_CHANGED @ http://c4c.localhost:4200/@fs/Users/peleg.katz/Desktop/cx-web-workspace/libs/olly/src/lib/components/chat/context-banner/@ng/component?c=%2FUsers%2Fpeleg.katz%2FDesktop%2Fcx-web-workspace%2Flibs%2Folly%2Fsrc%2Flib%2Fcomponents%2Fchat%2Fcontext-banner%2Fcontext-not-supported-banner.component.ts%40ContextNotSupportedBannerComponent&t=1780289682665:0
[44348568ms] [ERROR] TypeError: Failed to fetch dynamically imported module: http://c4c.localhost:4200/@fs/Users/peleg.katz/Desktop/cx-web-workspace/libs/olly/src/lib/components/chat/knowledge-banner/@ng/component?c=%2FUsers%2Fpeleg.katz%2FDesktop%2Fcx-web-workspace%2Flibs%2Folly%2Fsrc%2Flib%2Fcomponents%2Fchat%2Fknowledge-banner%2Fknowledge-indexing-banner.component.ts%40KnowledgeIndexingBannerComponent&t=1780289682665 @ http://c4c.localhost:4200/@vite/client:509
[44348568ms] [ERROR] TypeError: Failed to fetch dynamically imported module: http://c4c.localhost:4200/@fs/Users/peleg.katz/Desktop/cx-web-workspace/libs/olly/src/lib/components/chat/context-banner/@ng/component?c=%2FUsers%2Fpeleg.katz%2FDesktop%2Fcx-web-workspace%2Flibs%2Folly%2Fsrc%2Flib%2Fcomponents%2Fchat%2Fcontext-banner%2Fcontext-not-supported-banner.component.ts%40ContextNotSupportedBannerComponent&t=1780289682665 @ http://c4c.localhost:4200/@vite/client:509
[44348568ms] [ERROR] Failed to load resource: net::ERR_NETWORK_CHANGED @ http://c4c.localhost:4200/@fs/Users/peleg.katz/Desktop/cx-web-workspace/libs/olly/src/lib/components/chat/consent-banner/@ng/component?c=%2FUsers%2Fpeleg.katz%2FDesktop%2Fcx-web-workspace%2Flibs%2Folly%2Fsrc%2Flib%2Fcomponents%2Fchat%2Fconsent-banner%2Fconsent-banner.component.ts%40ConsentBannerComponent&t=1780289682665:0
[44348569ms] [ERROR] Failed to load resource: net::ERR_NETWORK_CHANGED @ http://c4c.localhost:4200/@fs/Users/peleg.katz/Desktop/cx-web-workspace/libs/cx-ui/radio-button/src/lib/@ng/component?c=%2FUsers%2Fpeleg.katz%2FDesktop%2Fcx-web-workspace%2Flibs%2Fcx-ui%2Fradio-button%2Fsrc%2Flib%2Fradio-circle.ts%40CxuiRadioCircle&t=1780289682666:0
[44348569ms] [ERROR] Failed to load resource: net::ERR_NETWORK_CHANGED @ http://c4c.localhost:4200/@fs/Users/peleg.katz/Desktop/cx-web-workspace/libs/cx-ui/radio-button/src/lib/@ng/component?c=%2FUsers%2Fpeleg.katz%2FDesktop%2Fcx-web-workspace%2Flibs%2Fcx-ui%2Fradio-button%2Fsrc%2Flib%2Fradio-item.ts%40CxuiRadioItem&t=1780289682667:0
[44348569ms] [ERROR] TypeError: Failed to fetch dynamically imported module: http://c4c.localhost:4200/@fs/Users/peleg.katz/Desktop/cx-web-workspace/libs/olly/src/lib/components/chat/consent-banner/@ng/component?c=%2FUsers%2Fpeleg.katz%2FDesktop%2Fcx-web-workspace%2Flibs%2Folly%2Fsrc%2Flib%2Fcomponents%2Fchat%2Fconsent-banner%2Fconsent-banner.component.ts%40ConsentBannerComponent&t=1780289682665 @ http://c4c.localhost:4200/@vite/client:509
[44348569ms] [ERROR] TypeError: Failed to fetch dynamically imported module: http://c4c.localhost:4200/@fs/Users/peleg.katz/Desktop/cx-web-workspace/libs/cx-ui/radio-button/src/lib/@ng/component?c=%2FUsers%2Fpeleg.katz%2FDesktop%2Fcx-web-workspace%2Flibs%2Fcx-ui%2Fradio-button%2Fsrc%2Flib%2Fradio-circle.ts%40CxuiRadioCircle&t=1780289682666 @ http://c4c.localhost:4200/@vite/client:509
[44348569ms] [ERROR] Failed to load resource: net::ERR_NETWORK_CHANGED @ http://c4c.localhost:4200/@fs/Users/peleg.katz/Desktop/cx-web-workspace/libs/olly/src/lib/components/chat/share/@ng/component?c=%2FUsers%2Fpeleg.katz%2FDesktop%2Fcx-web-workspace%2Flibs%2Folly%2Fsrc%2Flib%2Fcomponents%2Fchat%2Fshare%2Fshare-chat-popover.component.ts%40ShareChatPopoverComponent&t=1780289682667:0
[44348569ms] [ERROR] TypeError: Failed to fetch dynamically imported module: http://c4c.localhost:4200/@fs/Users/peleg.katz/Desktop/cx-web-workspace/libs/cx-ui/radio-button/src/lib/@ng/component?c=%2FUsers%2Fpeleg.katz%2FDesktop%2Fcx-web-workspace%2Flibs%2Fcx-ui%2Fradio-button%2Fsrc%2Flib%2Fradio-item.ts%40CxuiRadioItem&t=1780289682667 @ http://c4c.localhost:4200/@vite/client:509
[44348569ms] [ERROR] Failed to load resource: net::ERR_NETWORK_CHANGED @ http://c4c.localhost:4200/@fs/Users/peleg.katz/Desktop/cx-web-workspace/libs/olly/src/lib/components/chat/share/@ng/component?c=%2FUsers%2Fpeleg.katz%2FDesktop%2Fcx-web-workspace%2Flibs%2Folly%2Fsrc%2Flib%2Fcomponents%2Fchat%2Fshare%2Fshare-button.component.ts%40ShareButtonComponent&t=1780289682668:0
[44348569ms] [ERROR] Failed to load resource: net::ERR_NETWORK_CHANGED @ http://c4c.localhost:4200/@fs/Users/peleg.katz/Desktop/cx-web-workspace/libs/olly/src/lib/components/chat/messages-skeleton/@ng/component?c=%2FUsers%2Fpeleg.katz%2FDesktop%2Fcx-web-workspace%2Flibs%2Folly%2Fsrc%2Flib%2Fcomponents%2Fchat%2Fmessages-skeleton%2Fmessages-skeleton.component.ts%40MessagesSkeletonComponent&t=1780289682669:0
[44348569ms] [ERROR] TypeError: Failed to fetch dynamically imported module: http://c4c.localhost:4200/@fs/Users/peleg.katz/Desktop/cx-web-workspace/libs/olly/src/lib/components/chat/share/@ng/component?c=%2FUsers%2Fpeleg.katz%2FDesktop%2Fcx-web-workspace%2Flibs%2Folly%2Fsrc%2Flib%2Fcomponents%2Fchat%2Fshare%2Fshare-chat-popover.component.ts%40ShareChatPopoverComponent&t=1780289682667 @ http://c4c.localhost:4200/@vite/client:509
[44348569ms] [ERROR] Failed to load resource: net::ERR_NETWORK_CHANGED @ http://c4c.localhost:4200/@fs/Users/peleg.katz/Desktop/cx-web-workspace/libs/olly/src/lib/components/chat/@ng/component?c=%2FUsers%2Fpeleg.katz%2FDesktop%2Fcx-web-workspace%2Flibs%2Folly%2Fsrc%2Flib%2Fcomponents%2Fchat%2Fchat.component.ts%40OllyChatComponent&t=1780289682669:0
[44348569ms] [ERROR] TypeError: Failed to fetch dynamically imported module: http://c4c.localhost:4200/@fs/Users/peleg.katz/Desktop/cx-web-workspace/libs/olly/src/lib/components/chat/share/@ng/component?c=%2FUsers%2Fpeleg.katz%2FDesktop%2Fcx-web-workspace%2Flibs%2Folly%2Fsrc%2Flib%2Fcomponents%2Fchat%2Fshare%2Fshare-button.component.ts%40ShareButtonComponent&t=1780289682668 @ http://c4c.localhost:4200/@vite/client:509
[44348569ms] [ERROR] TypeError: Failed to fetch dynamically imported module: http://c4c.localhost:4200/@fs/Users/peleg.katz/Desktop/cx-web-workspace/libs/olly/src/lib/components/chat/messages-skeleton/@ng/component?c=%2FUsers%2Fpeleg.katz%2FDesktop%2Fcx-web-workspace%2Flibs%2Folly%2Fsrc%2Flib%2Fcomponents%2Fchat%2Fmessages-skeleton%2Fmessages-skeleton.component.ts%40MessagesSkeletonComponent&t=1780289682669 @ http://c4c.localhost:4200/@vite/client:509
[44348569ms] [ERROR] TypeError: Failed to fetch dynamically imported module: http://c4c.localhost:4200/@fs/Users/peleg.katz/Desktop/cx-web-workspace/libs/olly/src/lib/components/chat/@ng/component?c=%2FUsers%2Fpeleg.katz%2FDesktop%2Fcx-web-workspace%2Flibs%2Folly%2Fsrc%2Flib%2Fcomponents%2Fchat%2Fchat.component.ts%40OllyChatComponent&t=1780289682669 @ http://c4c.localhost:4200/@vite/client:509
[44348569ms] [ERROR] Failed to load resource: net::ERR_NETWORK_CHANGED @ http://c4c.localhost:4200/@fs/Users/peleg.katz/Desktop/cx-web-workspace/libs/teams-shared/src/lib/cell-renderers/cell-action-renderer/@ng/component?c=%2FUsers%2Fpeleg.katz%2FDesktop%2Fcx-web-workspace%2Flibs%2Fteams-shared%2Fsrc%2Flib%2Fcell-renderers%2Fcell-action-renderer%2Fcell-action-renderer.component.ts%40CellActionRendererComponent&t=1780289682669:0
[44348569ms] [ERROR] Failed to load resource: net::ERR_NETWORK_CHANGED @ http://c4c.localhost:4200/@fs/Users/peleg.katz/Desktop/cx-web-workspace/libs/teams-shared/src/lib/cell-renderers/date-cell-renderer/@ng/component?c=%2FUsers%2Fpeleg.katz%2FDesktop%2Fcx-web-workspace%2Flibs%2Fteams-shared%2Fsrc%2Flib%2Fcell-renderers%2Fdate-cell-renderer%2Fdate-cell-renderer.component.ts%40DateCellRendererComponent&t=1780289682670:0
[44348569ms] [ERROR] TypeError: Failed to fetch dynamically imported module: http://c4c.localhost:4200/@fs/Users/peleg.katz/Desktop/cx-web-workspace/libs/teams-shared/src/lib/cell-renderers/cell-action-renderer/@ng/component?c=%2FUsers%2Fpeleg.katz%2FDesktop%2Fcx-web-workspace%2Flibs%2Fteams-shared%2Fsrc%2Flib%2Fcell-renderers%2Fcell-action-renderer%2Fcell-action-renderer.component.ts%40CellActionRendererComponent&t=1780289682669 @ http://c4c.localhost:4200/@vite/client:509
[44348569ms] [ERROR] TypeError: Failed to fetch dynamically imported module: http://c4c.localhost:4200/@fs/Users/peleg.katz/Desktop/cx-web-workspace/libs/teams-shared/src/lib/cell-renderers/date-cell-renderer/@ng/component?c=%2FUsers%2Fpeleg.katz%2FDesktop%2Fcx-web-workspace%2Flibs%2Fteams-shared%2Fsrc%2Flib%2Fcell-renderers%2Fdate-cell-renderer%2Fdate-cell-renderer.component.ts%40DateCellRendererComponent&t=1780289682670 @ http://c4c.localhost:4200/@vite/client:509
[44348569ms] [ERROR] Failed to load resource: net::ERR_NETWORK_CHANGED @ http://c4c.localhost:4200/@fs/Users/peleg.katz/Desktop/cx-web-workspace/libs/teams-shared/src/lib/cell-renderers/overflow-chips/@ng/component?c=%2FUsers%2Fpeleg.katz%2FDesktop%2Fcx-web-workspace%2Flibs%2Fteams-shared%2Fsrc%2Flib%2Fcell-renderers%2Foverflow-chips%2Foverflow-chips.component.ts%40OverflowChipsComponent&t=1780289682670:0
[44348570ms] [ERROR] Failed to load resource: net::ERR_NETWORK_CHANGED @ http://c4c.localhost:4200/@fs/Users/peleg.katz/Desktop/cx-web-workspace/libs/teams-shared/src/lib/cell-renderers/status-cell-renderer/@ng/component?c=%2FUsers%2Fpeleg.katz%2FDesktop%2Fcx-web-workspace%2Flibs%2Fteams-shared%2Fsrc%2Flib%2Fcell-renderers%2Fstatus-cell-renderer%2Fstatus-cell-renderer.component.ts%40StatusCellRendererComponent&t=1780289682671:0
[44348570ms] [ERROR] Failed to load resource: net::ERR_NETWORK_CHANGED @ http://c4c.localhost:4200/@fs/Users/peleg.katz/Desktop/cx-web-workspace/libs/teams-shared/src/lib/cell-renderers/text-cell-renderer/@ng/component?c=%2FUsers%2Fpeleg.katz%2FDesktop%2Fcx-web-workspace%2Flibs%2Fteams-shared%2Fsrc%2Flib%2Fcell-renderers%2Ftext-cell-renderer%2Ftext-cell-renderer.component.ts%40TextCellRendererComponent&t=1780289682671:0
[44348570ms] [ERROR] Failed to load resource: net::ERR_NETWORK_CHANGED @ http://c4c.localhost:4200/@fs/Users/peleg.katz/Desktop/cx-web-workspace/libs/teams-shared/src/lib/cell-renderers/toggle-renderer/@ng/component?c=%2FUsers%2Fpeleg.katz%2FDesktop%2Fcx-web-workspace%2Flibs%2Fteams-shared%2Fsrc%2Flib%2Fcell-renderers%2Ftoggle-renderer%2Ftoggle-renderer.component.ts%40ToggleRendererComponent&t=1780289682671:0
[44348570ms] [ERROR] TypeError: Failed to fetch dynamically imported module: http://c4c.localhost:4200/@fs/Users/peleg.katz/Desktop/cx-web-workspace/libs/teams-shared/src/lib/cell-renderers/overflow-chips/@ng/component?c=%2FUsers%2Fpeleg.katz%2FDesktop%2Fcx-web-workspace%2Flibs%2Fteams-shared%2Fsrc%2Flib%2Fcell-renderers%2Foverflow-chips%2Foverflow-chips.component.ts%40OverflowChipsComponent&t=1780289682670 @ http://c4c.localhost:4200/@vite/client:509
[44348570ms] [ERROR] TypeError: Failed to fetch dynamically imported module: http://c4c.localhost:4200/@fs/Users/peleg.katz/Desktop/cx-web-workspace/libs/teams-shared/src/lib/cell-renderers/status-cell-renderer/@ng/component?c=%2FUsers%2Fpeleg.katz%2FDesktop%2Fcx-web-workspace%2Flibs%2Fteams-shared%2Fsrc%2Flib%2Fcell-renderers%2Fstatus-cell-renderer%2Fstatus-cell-renderer.component.ts%40StatusCellRendererComponent&t=1780289682671 @ http://c4c.localhost:4200/@vite/client:509
[44348570ms] [ERROR] TypeError: Failed to fetch dynamically imported module: http://c4c.localhost:4200/@fs/Users/peleg.katz/Desktop/cx-web-workspace/libs/teams-shared/src/lib/cell-renderers/text-cell-renderer/@ng/component?c=%2FUsers%2Fpeleg.katz%2FDesktop%2Fcx-web-workspace%2Flibs%2Fteams-shared%2Fsrc%2Flib%2Fcell-renderers%2Ftext-cell-renderer%2Ftext-cell-renderer.component.ts%40TextCellRendererComponent&t=1780289682671 @ http://c4c.localhost:4200/@vite/client:509
[44348570ms] [ERROR] TypeError: Failed to fetch dynamically imported module: http://c4c.localhost:4200/@fs/Users/peleg.katz/Desktop/cx-web-workspace/libs/teams-shared/src/lib/cell-renderers/toggle-renderer/@ng/component?c=%2FUsers%2Fpeleg.katz%2FDesktop%2Fcx-web-workspace%2Flibs%2Fteams-shared%2Fsrc%2Flib%2Fcell-renderers%2Ftoggle-renderer%2Ftoggle-renderer.component.ts%40ToggleRendererComponent&t=1780289682671 @ http://c4c.localhost:4200/@vite/client:509
[44348570ms] [ERROR] Failed to load resource: net::ERR_NETWORK_CHANGED @ http://c4c.localhost:4200/@fs/Users/peleg.katz/Desktop/cx-web-workspace/libs/teams-shared/src/lib/cell-renderers/type-cell-renderer/@ng/component?c=%2FUsers%2Fpeleg.katz%2FDesktop%2Fcx-web-workspace%2Flibs%2Fteams-shared%2Fsrc%2Flib%2Fcell-renderers%2Ftype-cell-renderer%2Ftype-cell-renderer.component.ts%40TypeCellRendererComponent&t=1780289682671:0
[44348570ms] [ERROR] Failed to load resource: net::ERR_NETWORK_CHANGED @ http://c4c.localhost:4200/@fs/Users/peleg.katz/Desktop/cx-web-workspace/libs/teams-shared/src/lib/cell-renderers/value-over-time/@ng/component?c=%2FUsers%2Fpeleg.katz%2FDesktop%2Fcx-web-workspace%2Flibs%2Fteams-shared%2Fsrc%2Flib%2Fcell-renderers%2Fvalue-over-time%2Fvalue-over-time.component.ts%40ValueOverTimeComponent&t=1780289682676:0
[44348570ms] [ERROR] Failed to load resource: net::ERR_NETWORK_CHANGED @ http://c4c.localhost:4200/@fs/Users/peleg.katz/Desktop/cx-web-workspace/libs/teams-shared/src/lib/data-presenters/@ng/component?c=%2FUsers%2Fpeleg.katz%2FDesktop%2Fcx-web-workspace%2Flibs%2Fteams-shared%2Fsrc%2Flib%2Fdata-presenters%2Fbase-renderer.ts%40BaseRendererComponent&t=1780289682676:0
[44348570ms] [ERROR] TypeError: Failed to fetch dynamically imported module: http://c4c.localhost:4200/@fs/Users/peleg.katz/Desktop/cx-web-workspace/libs/teams-shared/src/lib/cell-renderers/type-cell-renderer/@ng/component?c=%2FUsers%2Fpeleg.katz%2FDesktop%2Fcx-web-workspace%2Flibs%2Fteams-shared%2Fsrc%2Flib%2Fcell-renderers%2Ftype-cell-renderer%2Ftype-cell-renderer.component.ts%40TypeCellRendererComponent&t=1780289682671 @ http://c4c.localhost:4200/@vite/client:509
[44348570ms] [ERROR] Failed to load resource: net::ERR_NETWORK_CHANGED @ http://c4c.localhost:4200/@fs/Users/peleg.katz/Desktop/cx-web-workspace/libs/teams-shared/src/lib/data-presenters/age-renderer/@ng/component?c=%2FUsers%2Fpeleg.katz%2FDesktop%2Fcx-web-workspace%2Flibs%2Fteams-shared%2Fsrc%2Flib%2Fdata-presenters%2Fage-renderer%2Fage-renderer.component.ts%40AgeRendererComponent&t=1780289682677:0
[44348570ms] [ERROR] TypeError: Failed to fetch dynamically imported module: http://c4c.localhost:4200/@fs/Users/peleg.katz/Desktop/cx-web-workspace/libs/teams-shared/src/lib/cell-renderers/value-over-time/@ng/component?c=%2FUsers%2Fpeleg.katz%2FDesktop%2Fcx-web-workspace%2Flibs%2Fteams-shared%2Fsrc%2Flib%2Fcell-renderers%2Fvalue-over-time%2Fvalue-over-time.component.ts%40ValueOverTimeComponent&t=1780289682676 @ http://c4c.localhost:4200/@vite/client:509
[44348570ms] [ERROR] Failed to load resource: net::ERR_NETWORK_CHANGED @ http://c4c.localhost:4200/@fs/Users/peleg.katz/Desktop/cx-web-workspace/libs/teams-shared/src/lib/shared/components/action-menu/@ng/component?c=%2FUsers%2Fpeleg.katz%2FDesktop%2Fcx-web-workspace%2Flibs%2Fteams-shared%2Fsrc%2Flib%2Fshared%2Fcomponents%2Faction-menu%2Faction-menu.component.ts%40ActionMenuComponent&t=1780289682677:0
[44348570ms] [ERROR] TypeError: Failed to fetch dynamically imported module: http://c4c.localhost:4200/@fs/Users/peleg.katz/Desktop/cx-web-workspace/libs/teams-shared/src/lib/data-presenters/@ng/component?c=%2FUsers%2Fpeleg.katz%2FDesktop%2Fcx-web-workspace%2Flibs%2Fteams-shared%2Fsrc%2Flib%2Fdata-presenters%2Fbase-renderer.ts%40BaseRendererComponent&t=1780289682676 @ http://c4c.localhost:4200/@vite/client:509
[44348570ms] [ERROR] TypeError: Failed to fetch dynamically imported module: http://c4c.localhost:4200/@fs/Users/peleg.katz/Desktop/cx-web-workspace/libs/teams-shared/src/lib/data-presenters/age-renderer/@ng/component?c=%2FUsers%2Fpeleg.katz%2FDesktop%2Fcx-web-workspace%2Flibs%2Fteams-shared%2Fsrc%2Flib%2Fdata-presenters%2Fage-renderer%2Fage-renderer.component.ts%40AgeRendererComponent&t=1780289682677 @ http://c4c.localhost:4200/@vite/client:509
[44348570ms] [ERROR] Failed to load resource: net::ERR_NETWORK_CHANGED @ http://c4c.localhost:4200/@fs/Users/peleg.katz/Desktop/cx-web-workspace/libs/teams-shared/src/lib/data-presenters/chip-renderer/@ng/component?c=%2FUsers%2Fpeleg.katz%2FDesktop%2Fcx-web-workspace%2Flibs%2Fteams-shared%2Fsrc%2Flib%2Fdata-presenters%2Fchip-renderer%2Fchip-renderer.component.ts%40ChipRendererComponent&t=1780289682678:0
[44348570ms] [ERROR] TypeError: Failed to fetch dynamically imported module: http://c4c.localhost:4200/@fs/Users/peleg.katz/Desktop/cx-web-workspace/libs/teams-shared/src/lib/shared/components/action-menu/@ng/component?c=%2FUsers%2Fpeleg.katz%2FDesktop%2Fcx-web-workspace%2Flibs%2Fteams-shared%2Fsrc%2Flib%2Fshared%2Fcomponents%2Faction-menu%2Faction-menu.component.ts%40ActionMenuComponent&t=1780289682677 @ http://c4c.localhost:4200/@vite/client:509
[44348571ms] [ERROR] Failed to load resource: net::ERR_NETWORK_CHANGED @ http://c4c.localhost:4200/@fs/Users/peleg.katz/Desktop/cx-web-workspace/libs/teams-shared/src/lib/data-presenters/chips-renderer/@ng/component?c=%2FUsers%2Fpeleg.katz%2FDesktop%2Fcx-web-workspace%2Flibs%2Fteams-shared%2Fsrc%2Flib%2Fdata-presenters%2Fchips-renderer%2Fchips-renderer.component.ts%40ChipsRendererComponent&t=1780289682678:0
[44348571ms] [ERROR] Failed to load resource: net::ERR_NETWORK_CHANGED @ http://c4c.localhost:4200/@fs/Users/peleg.katz/Desktop/cx-web-workspace/libs/teams-shared/src/lib/data-presenters/icon-renderer/@ng/component?c=%2FUsers%2Fpeleg.katz%2FDesktop%2Fcx-web-workspace%2Flibs%2Fteams-shared%2Fsrc%2Flib%2Fdata-presenters%2Ficon-renderer%2Ficon-renderer.component.ts%40IconRendererComponent&t=1780289682678:0
[44348571ms] [ERROR] TypeError: Failed to fetch dynamically imported module: http://c4c.localhost:4200/@fs/Users/peleg.katz/Desktop/cx-web-workspace/libs/teams-shared/src/lib/data-presenters/chip-renderer/@ng/component?c=%2FUsers%2Fpeleg.katz%2FDesktop%2Fcx-web-workspace%2Flibs%2Fteams-shared%2Fsrc%2Flib%2Fdata-presenters%2Fchip-renderer%2Fchip-renderer.component.ts%40ChipRendererComponent&t=1780289682678 @ http://c4c.localhost:4200/@vite/client:509
[44348571ms] [ERROR] TypeError: Failed to fetch dynamically imported module: http://c4c.localhost:4200/@fs/Users/peleg.katz/Desktop/cx-web-workspace/libs/teams-shared/src/lib/data-presenters/chips-renderer/@ng/component?c=%2FUsers%2Fpeleg.katz%2FDesktop%2Fcx-web-workspace%2Flibs%2Fteams-shared%2Fsrc%2Flib%2Fdata-presenters%2Fchips-renderer%2Fchips-renderer.component.ts%40ChipsRendererComponent&t=1780289682678 @ http://c4c.localhost:4200/@vite/client:509
[44348571ms] [ERROR] TypeError: Failed to fetch dynamically imported module: http://c4c.localhost:4200/@fs/Users/peleg.katz/Desktop/cx-web-workspace/libs/teams-shared/src/lib/data-presenters/icon-renderer/@ng/component?c=%2FUsers%2Fpeleg.katz%2FDesktop%2Fcx-web-workspace%2Flibs%2Fteams-shared%2Fsrc%2Flib%2Fdata-presenters%2Ficon-renderer%2Ficon-renderer.component.ts%40IconRendererComponent&t=1780289682678 @ http://c4c.localhost:4200/@vite/client:509
[44348571ms] [ERROR] Failed to load resource: net::ERR_NETWORK_CHANGED @ http://c4c.localhost:4200/@fs/Users/peleg.katz/Desktop/cx-web-workspace/libs/teams-shared/src/lib/data-presenters/number-renderer/@ng/component?c=%2FUsers%2Fpeleg.katz%2FDesktop%2Fcx-web-workspace%2Flibs%2Fteams-shared%2Fsrc%2Flib%2Fdata-presenters%2Fnumber-renderer%2Fnumber-renderer.component.ts%40NumberRendererComponent&t=1780289682678:0
[44348571ms] [ERROR] Failed to load resource: net::ERR_NETWORK_CHANGED @ http://c4c.localhost:4200/@fs/Users/peleg.katz/Desktop/cx-web-workspace/libs/teams-shared/src/lib/shared/components/percentage-bar/@ng/component?c=%2FUsers%2Fpeleg.katz%2FDesktop%2Fcx-web-workspace%2Flibs%2Fteams-shared%2Fsrc%2Flib%2Fshared%2Fcomponents%2Fpercentage-bar%2Fpercentage-bar.component.ts%40PercentageBarComponent&t=1780289682679:0
[44348571ms] [ERROR] Failed to load resource: net::ERR_NETWORK_CHANGED @ http://c4c.localhost:4200/@fs/Users/peleg.katz/Desktop/cx-web-workspace/libs/teams-shared/src/lib/data-presenters/unit-renderer/@ng/component?c=%2FUsers%2Fpeleg.katz%2FDesktop%2Fcx-web-workspace%2Flibs%2Fteams-shared%2Fsrc%2Flib%2Fdata-presenters%2Funit-renderer%2Funit-renderer.component.ts%40UnitRendererComponent&t=1780289682679:0
[44348571ms] [ERROR] Failed to load resource: net::ERR_NETWORK_CHANGED @ http://c4c.localhost:4200/@fs/Users/peleg.katz/Desktop/cx-web-workspace/libs/teams-shared/src/lib/data-presenters/percentage-bar-renderer/@ng/component?c=%2FUsers%2Fpeleg.katz%2FDesktop%2Fcx-web-workspace%2Flibs%2Fteams-shared%2Fsrc%2Flib%2Fdata-presenters%2Fpercentage-bar-renderer%2Fpercentage-bar-renderer.component.ts%40PercentageBarRendererComponent&t=1780289682679:0
[44348571ms] [ERROR] TypeError: Failed to fetch dynamically imported module: http://c4c.localhost:4200/@fs/Users/peleg.katz/Desktop/cx-web-workspace/libs/teams-shared/src/lib/data-presenters/number-renderer/@ng/component?c=%2FUsers%2Fpeleg.katz%2FDesktop%2Fcx-web-workspace%2Flibs%2Fteams-shared%2Fsrc%2Flib%2Fdata-presenters%2Fnumber-renderer%2Fnumber-renderer.component.ts%40NumberRendererComponent&t=1780289682678 @ http://c4c.localhost:4200/@vite/client:509
[44348571ms] [ERROR] TypeError: Failed to fetch dynamically imported module: http://c4c.localhost:4200/@fs/Users/peleg.katz/Desktop/cx-web-workspace/libs/teams-shared/src/lib/shared/components/percentage-bar/@ng/component?c=%2FUsers%2Fpeleg.katz%2FDesktop%2Fcx-web-workspace%2Flibs%2Fteams-shared%2Fsrc%2Flib%2Fshared%2Fcomponents%2Fpercentage-bar%2Fpercentage-bar.component.ts%40PercentageBarComponent&t=1780289682679 @ http://c4c.localhost:4200/@vite/client:509
[44348571ms] [ERROR] Failed to load resource: net::ERR_NETWORK_CHANGED @ http://c4c.localhost:4200/@fs/Users/peleg.katz/Desktop/cx-web-workspace/libs/teams-shared/src/lib/data-presenters/status-renderer/@ng/component?c=%2FUsers%2Fpeleg.katz%2FDesktop%2Fcx-web-workspace%2Flibs%2Fteams-shared%2Fsrc%2Flib%2Fdata-presenters%2Fstatus-renderer%2Fstatus-renderer.component.ts%40StatusRendererComponent&t=1780289682679:0
[44348571ms] [ERROR] TypeError: Failed to fetch dynamically imported module: http://c4c.localhost:4200/@fs/Users/peleg.katz/Desktop/cx-web-workspace/libs/teams-shared/src/lib/data-presenters/unit-renderer/@ng/component?c=%2FUsers%2Fpeleg.katz%2FDesktop%2Fcx-web-workspace%2Flibs%2Fteams-shared%2Fsrc%2Flib%2Fdata-presenters%2Funit-renderer%2Funit-renderer.component.ts%40UnitRendererComponent&t=1780289682679 @ http://c4c.localhost:4200/@vite/client:509
[44348571ms] [ERROR] TypeError: Failed to fetch dynamically imported module: http://c4c.localhost:4200/@fs/Users/peleg.katz/Desktop/cx-web-workspace/libs/teams-shared/src/lib/data-presenters/percentage-bar-renderer/@ng/component?c=%2FUsers%2Fpeleg.katz%2FDesktop%2Fcx-web-workspace%2Flibs%2Fteams-shared%2Fsrc%2Flib%2Fdata-presenters%2Fpercentage-bar-renderer%2Fpercentage-bar-renderer.component.ts%40PercentageBarRendererComponent&t=1780289682679 @ http://c4c.localhost:4200/@vite/client:509
[44348571ms] [ERROR] Failed to load resource: net::ERR_NETWORK_CHANGED @ http://c4c.localhost:4200/@fs/Users/peleg.katz/Desktop/cx-web-workspace/libs/teams-shared/src/lib/data-presenters/text-renderer/@ng/component?c=%2FUsers%2Fpeleg.katz%2FDesktop%2Fcx-web-workspace%2Flibs%2Fteams-shared%2Fsrc%2Flib%2Fdata-presenters%2Ftext-renderer%2Ftext-renderer.component.ts%40TextRendererComponent&t=1780289682680:0
[44348571ms] [ERROR] Failed to load resource: net::ERR_NETWORK_CHANGED @ http://c4c.localhost:4200/@fs/Users/peleg.katz/Desktop/cx-web-workspace/libs/teams-shared/src/lib/data-presenters/timestamp-renderer/@ng/component?c=%2FUsers%2Fpeleg.katz%2FDesktop%2Fcx-web-workspace%2Flibs%2Fteams-shared%2Fsrc%2Flib%2Fdata-presenters%2Ftimestamp-renderer%2Ftimestamp-renderer.component.ts%40TimestampRendererComponent&t=1780289682680:0
[44348571ms] [ERROR] Failed to load resource: net::ERR_NETWORK_CHANGED @ http://c4c.localhost:4200/@fs/Users/peleg.katz/Desktop/cx-web-workspace/libs/teams-shared/src/lib/drawer/drawer-header-actions/@ng/component?c=%2FUsers%2Fpeleg.katz%2FDesktop%2Fcx-web-workspace%2Flibs%2Fteams-shared%2Fsrc%2Flib%2Fdrawer%2Fdrawer-header-actions%2Fteams-sidebar-header-actions.component.ts%40TeamsSidebarHeaderActionsComponent&t=1780289682680:0
[44348571ms] [ERROR] TypeError: Failed to fetch dynamically imported module: http://c4c.localhost:4200/@fs/Users/peleg.katz/Desktop/cx-web-workspace/libs/teams-shared/src/lib/data-presenters/status-renderer/@ng/component?c=%2FUsers%2Fpeleg.katz%2FDesktop%2Fcx-web-workspace%2Flibs%2Fteams-shared%2Fsrc%2Flib%2Fdata-presenters%2Fstatus-renderer%2Fstatus-renderer.component.ts%40StatusRendererComponent&t=1780289682679 @ http://c4c.localhost:4200/@vite/client:509
[44348572ms] [ERROR] TypeError: Failed to fetch dynamically imported module: http://c4c.localhost:4200/@fs/Users/peleg.katz/Desktop/cx-web-workspace/libs/teams-shared/src/lib/data-presenters/text-renderer/@ng/component?c=%2FUsers%2Fpeleg.katz%2FDesktop%2Fcx-web-workspace%2Flibs%2Fteams-shared%2Fsrc%2Flib%2Fdata-presenters%2Ftext-renderer%2Ftext-renderer.component.ts%40TextRendererComponent&t=1780289682680 @ http://c4c.localhost:4200/@vite/client:509
[44348572ms] [ERROR] TypeError: Failed to fetch dynamically imported module: http://c4c.localhost:4200/@fs/Users/peleg.katz/Desktop/cx-web-workspace/libs/teams-shared/src/lib/data-presenters/timestamp-renderer/@ng/component?c=%2FUsers%2Fpeleg.katz%2FDesktop%2Fcx-web-workspace%2Flibs%2Fteams-shared%2Fsrc%2Flib%2Fdata-presenters%2Ftimestamp-renderer%2Ftimestamp-renderer.component.ts%40TimestampRendererComponent&t=1780289682680 @ http://c4c.localhost:4200/@vite/client:509
[44348572ms] [ERROR] TypeError: Failed to fetch dynamically imported module: http://c4c.localhost:4200/@fs/Users/peleg.katz/Desktop/cx-web-workspace/libs/teams-shared/src/lib/drawer/drawer-header-actions/@ng/component?c=%2FUsers%2Fpeleg.katz%2FDesktop%2Fcx-web-workspace%2Flibs%2Fteams-shared%2Fsrc%2Flib%2Fdrawer%2Fdrawer-header-actions%2Fteams-sidebar-header-actions.component.ts%40TeamsSidebarHeaderActionsComponent&t=1780289682680 @ http://c4c.localhost:4200/@vite/client:509
[44348572ms] [ERROR] Failed to load resource: net::ERR_NETWORK_CHANGED @ http://c4c.localhost:4200/@fs/Users/peleg.katz/Desktop/cx-web-workspace/libs/teams-shared/src/lib/drawer/drawer-header-actions/@ng/component?c=%2FUsers%2Fpeleg.katz%2FDesktop%2Fcx-web-workspace%2Flibs%2Fteams-shared%2Fsrc%2Flib%2Fdrawer%2Fdrawer-header-actions%2Fdrawer-header-actions.component.ts%40DrawerHeaderActionsComponent&t=1780289682681:0
[44348572ms] [ERROR] Failed to load resource: net::ERR_NETWORK_CHANGED @ http://c4c.localhost:4200/@fs/Users/peleg.katz/Desktop/cx-web-workspace/libs/teams-shared/src/lib/drawer/drawer-tabs/@ng/component?c=%2FUsers%2Fpeleg.katz%2FDesktop%2Fcx-web-workspace%2Flibs%2Fteams-shared%2Fsrc%2Flib%2Fdrawer%2Fdrawer-tabs%2Fdrawer-tabs.component.ts%40DrawerTabsComponent&t=1780289682681:0
[44348572ms] [ERROR] Failed to load resource: net::ERR_NETWORK_CHANGED @ http://c4c.localhost:4200/@fs/Users/peleg.katz/Desktop/cx-web-workspace/libs/teams-shared/src/lib/live-statuses/@ng/component?c=%2FUsers%2Fpeleg.katz%2FDesktop%2Fcx-web-workspace%2Flibs%2Fteams-shared%2Fsrc%2Flib%2Flive-statuses%2Flive-status.component.ts%40LiveStatusComponent&t=1780289682681:0
[44348572ms] [ERROR] Failed to load resource: net::ERR_NETWORK_CHANGED @ http://c4c.localhost:4200/@fs/Users/peleg.katz/Desktop/cx-web-workspace/libs/teams-shared/src/lib/live-statuses/number-status/@ng/component?c=%2FUsers%2Fpeleg.katz%2FDesktop%2Fcx-web-workspace%2Flibs%2Fteams-shared%2Fsrc%2Flib%2Flive-statuses%2Fnumber-status%2Fnumber-status.component.ts%40NumberStatusComponent&t=1780289682682:0
[44348572ms] [ERROR] TypeError: Failed to fetch dynamically imported module: http://c4c.localhost:4200/@fs/Users/peleg.katz/Desktop/cx-web-workspace/libs/teams-shared/src/lib/drawer/drawer-header-actions/@ng/component?c=%2FUsers%2Fpeleg.katz%2FDesktop%2Fcx-web-workspace%2Flibs%2Fteams-shared%2Fsrc%2Flib%2Fdrawer%2Fdrawer-header-actions%2Fdrawer-header-actions.component.ts%40DrawerHeaderActionsComponent&t=1780289682681 @ http://c4c.localhost:4200/@vite/client:509
[44348572ms] [ERROR] TypeError: Failed to fetch dynamically imported module: http://c4c.localhost:4200/@fs/Users/peleg.katz/Desktop/cx-web-workspace/libs/teams-shared/src/lib/drawer/drawer-tabs/@ng/component?c=%2FUsers%2Fpeleg.katz%2FDesktop%2Fcx-web-workspace%2Flibs%2Fteams-shared%2Fsrc%2Flib%2Fdrawer%2Fdrawer-tabs%2Fdrawer-tabs.component.ts%40DrawerTabsComponent&t=1780289682681 @ http://c4c.localhost:4200/@vite/client:509
[44348572ms] [ERROR] TypeError: Failed to fetch dynamically imported module: http://c4c.localhost:4200/@fs/Users/peleg.katz/Desktop/cx-web-workspace/libs/teams-shared/src/lib/live-statuses/@ng/component?c=%2FUsers%2Fpeleg.katz%2FDesktop%2Fcx-web-workspace%2Flibs%2Fteams-shared%2Fsrc%2Flib%2Flive-statuses%2Flive-status.component.ts%40LiveStatusComponent&t=1780289682681 @ http://c4c.localhost:4200/@vite/client:509
[44348572ms] [ERROR] TypeError: Failed to fetch dynamically imported module: http://c4c.localhost:4200/@fs/Users/peleg.katz/Desktop/cx-web-workspace/libs/teams-shared/src/lib/live-statuses/number-status/@ng/component?c=%2FUsers%2Fpeleg.katz%2FDesktop%2Fcx-web-workspace%2Flibs%2Fteams-shared%2Fsrc%2Flib%2Flive-statuses%2Fnumber-status%2Fnumber-status.component.ts%40NumberStatusComponent&t=1780289682682 @ http://c4c.localhost:4200/@vite/client:509
[44348572ms] [ERROR] Failed to load resource: net::ERR_NETWORK_CHANGED @ http://c4c.localhost:4200/@fs/Users/peleg.katz/Desktop/cx-web-workspace/libs/teams-shared/src/lib/live-statuses/percentage-status/@ng/component?c=%2FUsers%2Fpeleg.katz%2FDesktop%2Fcx-web-workspace%2Flibs%2Fteams-shared%2Fsrc%2Flib%2Flive-statuses%2Fpercentage-status%2Fpercentage-status.component.ts%40PercentageStatusComponent&t=1780289682682:0
[44348572ms] [ERROR] Failed to load resource: net::ERR_NETWORK_CHANGED @ http://c4c.localhost:4200/@fs/Users/peleg.katz/Desktop/cx-web-workspace/libs/teams-shared/src/lib/live-statuses/status-status/@ng/component?c=%2FUsers%2Fpeleg.katz%2FDesktop%2Fcx-web-workspace%2Flibs%2Fteams-shared%2Fsrc%2Flib%2Flive-statuses%2Fstatus-status%2Fstatus-status.component.ts%40StatusStatusComponent&t=1780289682682:0
[44348572ms] [ERROR] Failed to load resource: net::ERR_NETWORK_CHANGED @ http://c4c.localhost:4200/@fs/Users/peleg.katz/Desktop/cx-web-workspace/libs/teams-shared/src/lib/live-statuses/unit-status/@ng/component?c=%2FUsers%2Fpeleg.katz%2FDesktop%2Fcx-web-workspace%2Flibs%2Fteams-shared%2Fsrc%2Flib%2Flive-statuses%2Funit-status%2Funit-status.component.ts%40UnitStatusComponent&t=1780289682682:0
[44348572ms] [ERROR] TypeError: Failed to fetch dynamically imported module: http://c4c.localhost:4200/@fs/Users/peleg.katz/Desktop/cx-web-workspace/libs/teams-shared/src/lib/live-statuses/percentage-status/@ng/component?c=%2FUsers%2Fpeleg.katz%2FDesktop%2Fcx-web-workspace%2Flibs%2Fteams-shared%2Fsrc%2Flib%2Flive-statuses%2Fpercentage-status%2Fpercentage-status.component.ts%40PercentageStatusComponent&t=1780289682682 @ http://c4c.localhost:4200/@vite/client:509
[44348572ms] [ERROR] TypeError: Failed to fetch dynamically imported module: http://c4c.localhost:4200/@fs/Users/peleg.katz/Desktop/cx-web-workspace/libs/teams-shared/src/lib/live-statuses/status-status/@ng/component?c=%2FUsers%2Fpeleg.katz%2FDesktop%2Fcx-web-workspace%2Flibs%2Fteams-shared%2Fsrc%2Flib%2Flive-statuses%2Fstatus-status%2Fstatus-status.component.ts%40StatusStatusComponent&t=1780289682682 @ http://c4c.localhost:4200/@vite/client:509
[44348572ms] [ERROR] TypeError: Failed to fetch dynamically imported module: http://c4c.localhost:4200/@fs/Users/peleg.katz/Desktop/cx-web-workspace/libs/teams-shared/src/lib/live-statuses/unit-status/@ng/component?c=%2FUsers%2Fpeleg.katz%2FDesktop%2Fcx-web-workspace%2Flibs%2Fteams-shared%2Fsrc%2Flib%2Flive-statuses%2Funit-status%2Funit-status.component.ts%40UnitStatusComponent&t=1780289682682 @ http://c4c.localhost:4200/@vite/client:509
[44348573ms] [ERROR] Failed to load resource: net::ERR_NETWORK_CHANGED @ http://c4c.localhost:4200/@fs/Users/peleg.katz/Desktop/cx-web-workspace/libs/teams-shared/src/lib/query-highlight/@ng/component?c=%2FUsers%2Fpeleg.katz%2FDesktop%2Fcx-web-workspace%2Flibs%2Fteams-shared%2Fsrc%2Flib%2Fquery-highlight%2Fquery-highlight.component.ts%40QueryHighlightComponent&t=1780289682683:0
[44348573ms] [ERROR] Failed to load resource: net::ERR_NETWORK_CHANGED @ http://c4c.localhost:4200/@fs/Users/peleg.katz/Desktop/cx-web-workspace/libs/teams-shared/src/lib/shared/components/empty-state-icon/@ng/component?c=%2FUsers%2Fpeleg.katz%2FDesktop%2Fcx-web-workspace%2Flibs%2Fteams-shared%2Fsrc%2Flib%2Fshared%2Fcomponents%2Fempty-state-icon%2Fempty-state-icon.component.ts%40CxEmptyStateIconComponent&t=1780289682684:0
[44348573ms] [ERROR] TypeError: Failed to fetch dynamically imported module: http://c4c.localhost:4200/@fs/Users/peleg.katz/Desktop/cx-web-workspace/libs/teams-shared/src/lib/query-highlight/@ng/component?c=%2FUsers%2Fpeleg.katz%2FDesktop%2Fcx-web-workspace%2Flibs%2Fteams-shared%2Fsrc%2Flib%2Fquery-highlight%2Fquery-highlight.component.ts%40QueryHighlightComponent&t=1780289682683 @ http://c4c.localhost:4200/@vite/client:509
[44348573ms] [ERROR] TypeError: Failed to fetch dynamically imported module: http://c4c.localhost:4200/@fs/Users/peleg.katz/Desktop/cx-web-workspace/libs/teams-shared/src/lib/shared/components/empty-state-icon/@ng/component?c=%2FUsers%2Fpeleg.katz%2FDesktop%2Fcx-web-workspace%2Flibs%2Fteams-shared%2Fsrc%2Flib%2Fshared%2Fcomponents%2Fempty-state-icon%2Fempty-state-icon.component.ts%40CxEmptyStateIconComponent&t=1780289682684 @ http://c4c.localhost:4200/@vite/client:509
[44348573ms] [ERROR] Failed to load resource: net::ERR_NETWORK_CHANGED @ http://c4c.localhost:4200/@fs/Users/peleg.katz/Desktop/cx-web-workspace/libs/teams-shared/src/lib/shared/components/cx-empty-state/@ng/component?c=%2FUsers%2Fpeleg.katz%2FDesktop%2Fcx-web-workspace%2Flibs%2Fteams-shared%2Fsrc%2Flib%2Fshared%2Fcomponents%2Fcx-empty-state%2Fcx-empty-state.component.ts%40CxEmptyStateComponent&t=1780289682684:0
[44348573ms] [ERROR] Failed to load resource: net::ERR_NETWORK_CHANGED @ http://c4c.localhost:4200/@fs/Users/peleg.katz/Desktop/cx-web-workspace/libs/teams-shared/src/lib/shared/components/empty-state/@ng/component?c=%2FUsers%2Fpeleg.katz%2FDesktop%2Fcx-web-workspace%2Flibs%2Fteams-shared%2Fsrc%2Flib%2Fshared%2Fcomponents%2Fempty-state%2Fempty-state.component.ts%40GridEmptyStateComponent&t=1780289682684:0
[44348573ms] [ERROR] TypeError: Failed to fetch dynamically imported module: http://c4c.localhost:4200/@fs/Users/peleg.katz/Desktop/cx-web-workspace/libs/teams-shared/src/lib/shared/components/cx-empty-state/@ng/component?c=%2FUsers%2Fpeleg.katz%2FDesktop%2Fcx-web-workspace%2Flibs%2Fteams-shared%2Fsrc%2Flib%2Fshared%2Fcomponents%2Fcx-empty-state%2Fcx-empty-state.component.ts%40CxEmptyStateComponent&t=1780289682684 @ http://c4c.localhost:4200/@vite/client:509
[44348573ms] [ERROR] TypeError: Failed to fetch dynamically imported module: http://c4c.localhost:4200/@fs/Users/peleg.katz/Desktop/cx-web-workspace/libs/teams-shared/src/lib/shared/components/empty-state/@ng/component?c=%2FUsers%2Fpeleg.katz%2FDesktop%2Fcx-web-workspace%2Flibs%2Fteams-shared%2Fsrc%2Flib%2Fshared%2Fcomponents%2Fempty-state%2Fempty-state.component.ts%40GridEmptyStateComponent&t=1780289682684 @ http://c4c.localhost:4200/@vite/client:509
[44348573ms] [ERROR] Failed to load resource: net::ERR_NETWORK_CHANGED @ http://c4c.localhost:4200/@fs/Users/peleg.katz/Desktop/cx-web-workspace/libs/teams-shared/src/lib/shared/components/filter-builder/@ng/component?c=%2FUsers%2Fpeleg.katz%2FDesktop%2Fcx-web-workspace%2Flibs%2Fteams-shared%2Fsrc%2Flib%2Fshared%2Fcomponents%2Ffilter-builder%2Ffilter-builder.component.ts%40FilterBuilderComponent&t=1780289682685:0
[44348573ms] [ERROR] TypeError: Failed to fetch dynamically imported module: http://c4c.localhost:4200/@fs/Users/peleg.katz/Desktop/cx-web-workspace/libs/teams-shared/src/lib/shared/components/filter-builder/@ng/component?c=%2FUsers%2Fpeleg.katz%2FDesktop%2Fcx-web-workspace%2Flibs%2Fteams-shared%2Fsrc%2Flib%2Fshared%2Fcomponents%2Ffilter-builder%2Ffilter-builder.component.ts%40FilterBuilderComponent&t=1780289682685 @ http://c4c.localhost:4200/@vite/client:509
[44348573ms] [ERROR] Failed to load resource: net::ERR_NETWORK_CHANGED @ http://c4c.localhost:4200/@fs/Users/peleg.katz/Desktop/cx-web-workspace/libs/cx-ui/monaco/src/lib/context-menu/@ng/component?c=%2FUsers%2Fpeleg.katz%2FDesktop%2Fcx-web-workspace%2Flibs%2Fcx-ui%2Fmonaco%2Fsrc%2Flib%2Fcontext-menu%2Fcontext-menu-actions.component.ts%40ContextMenuActionsComponent&t=1780289682690:0
[44348573ms] [ERROR] TypeError: Failed to fetch dynamically imported module: http://c4c.localhost:4200/@fs/Users/peleg.katz/Desktop/cx-web-workspace/libs/cx-ui/monaco/src/lib/context-menu/@ng/component?c=%2FUsers%2Fpeleg.katz%2FDesktop%2Fcx-web-workspace%2Flibs%2Fcx-ui%2Fmonaco%2Fsrc%2Flib%2Fcontext-menu%2Fcontext-menu-actions.component.ts%40ContextMenuActionsComponent&t=1780289682690 @ http://c4c.localhost:4200/@vite/client:509
[44348573ms] [ERROR] Failed to load resource: net::ERR_NETWORK_CHANGED @ http://c4c.localhost:4200/@fs/Users/peleg.katz/Desktop/cx-web-workspace/libs/cx-ui/monaco/src/lib/@ng/component?c=%2FUsers%2Fpeleg.katz%2FDesktop%2Fcx-web-workspace%2Flibs%2Fcx-ui%2Fmonaco%2Fsrc%2Flib%2Fmonaco-editor.component.ts%40MonacoEditorComponent&t=1780289682691:0
[44348573ms] [ERROR] TypeError: Failed to fetch dynamically imported module: http://c4c.localhost:4200/@fs/Users/peleg.katz/Desktop/cx-web-workspace/libs/cx-ui/monaco/src/lib/@ng/component?c=%2FUsers%2Fpeleg.katz%2FDesktop%2Fcx-web-workspace%2Flibs%2Fcx-ui%2Fmonaco%2Fsrc%2Flib%2Fmonaco-editor.component.ts%40MonacoEditorComponent&t=1780289682691 @ http://c4c.localhost:4200/@vite/client:509
[44348573ms] [ERROR] Failed to load resource: net::ERR_NETWORK_CHANGED @ http://c4c.localhost:4200/@fs/Users/peleg.katz/Desktop/cx-web-workspace/libs/cx-ui/monaco/src/lib/diff-editor/@ng/component?c=%2FUsers%2Fpeleg.katz%2FDesktop%2Fcx-web-workspace%2Flibs%2Fcx-ui%2Fmonaco%2Fsrc%2Flib%2Fdiff-editor%2Fmonaco-diff-editor.component.ts%40MonacoDiffEditorComponent&t=1780289682692:0
[44348573ms] [ERROR] TypeError: Failed to fetch dynamically imported module: http://c4c.localhost:4200/@fs/Users/peleg.katz/Desktop/cx-web-workspace/libs/cx-ui/monaco/src/lib/diff-editor/@ng/component?c=%2FUsers%2Fpeleg.katz%2FDesktop%2Fcx-web-workspace%2Flibs%2Fcx-ui%2Fmonaco%2Fsrc%2Flib%2Fdiff-editor%2Fmonaco-diff-editor.component.ts%40MonacoDiffEditorComponent&t=1780289682692 @ http://c4c.localhost:4200/@vite/client:509
[44348574ms] [ERROR] Failed to load resource: net::ERR_NETWORK_CHANGED @ http://c4c.localhost:4200/@fs/Users/peleg.katz/Desktop/cx-web-workspace/libs/teams-shared/src/lib/shared/components/monaco-diff-editor-footer/@ng/component?c=%2FUsers%2Fpeleg.katz%2FDesktop%2Fcx-web-workspace%2Flibs%2Fteams-shared%2Fsrc%2Flib%2Fshared%2Fcomponents%2Fmonaco-diff-editor-footer%2Fmonaco-diff-editor-footer.component.ts%40MonacoDiffEditorFooterComponent&t=1780289682692:0
[44348574ms] [ERROR] TypeError: Failed to fetch dynamically imported module: http://c4c.localhost:4200/@fs/Users/peleg.katz/Desktop/cx-web-workspace/libs/teams-shared/src/lib/shared/components/monaco-diff-editor-footer/@ng/component?c=%2FUsers%2Fpeleg.katz%2FDesktop%2Fcx-web-workspace%2Flibs%2Fteams-shared%2Fsrc%2Flib%2Fshared%2Fcomponents%2Fmonaco-diff-editor-footer%2Fmonaco-diff-editor-footer.component.ts%40MonacoDiffEditorFooterComponent&t=1780289682692 @ http://c4c.localhost:4200/@vite/client:509
[44348574ms] [ERROR] Failed to load resource: net::ERR_NETWORK_CHANGED @ http://c4c.localhost:4200/@fs/Users/peleg.katz/Desktop/cx-web-workspace/libs/teams-shared/src/lib/shared/components/monaco-diff-editor-toolbar/@ng/component?c=%2FUsers%2Fpeleg.katz%2FDesktop%2Fcx-web-workspace%2Flibs%2Fteams-shared%2Fsrc%2Flib%2Fshared%2Fcomponents%2Fmonaco-diff-editor-toolbar%2Fmonaco-diff-editor-toolbar-wrapper.component.ts%40MonacoDiffEditorToolbarWrapperComponent&t=1780289682693:0
[44348574ms] [ERROR] TypeError: Failed to fetch dynamically imported module: http://c4c.localhost:4200/@fs/Users/peleg.katz/Desktop/cx-web-workspace/libs/teams-shared/src/lib/shared/components/monaco-diff-editor-toolbar/@ng/component?c=%2FUsers%2Fpeleg.katz%2FDesktop%2Fcx-web-workspace%2Flibs%2Fteams-shared%2Fsrc%2Flib%2Fshared%2Fcomponents%2Fmonaco-diff-editor-toolbar%2Fmonaco-diff-editor-toolbar-wrapper.component.ts%40MonacoDiffEditorToolbarWrapperComponent&t=1780289682693 @ http://c4c.localhost:4200/@vite/client:509
[44348574ms] [ERROR] Failed to load resource: net::ERR_NETWORK_CHANGED @ http://c4c.localhost:4200/@fs/Users/peleg.katz/Desktop/cx-web-workspace/libs/teams-shared/src/lib/shared/components/monaco-editor-search/@ng/component?c=%2FUsers%2Fpeleg.katz%2FDesktop%2Fcx-web-workspace%2Flibs%2Fteams-shared%2Fsrc%2Flib%2Fshared%2Fcomponents%2Fmonaco-editor-search%2Fmonaco-editor-search.component.ts%40MonacoEditorSearchComponent&t=1780289682693:0
[44348574ms] [ERROR] TypeError: Failed to fetch dynamically imported module: http://c4c.localhost:4200/@fs/Users/peleg.katz/Desktop/cx-web-workspace/libs/teams-shared/src/lib/shared/components/monaco-editor-search/@ng/component?c=%2FUsers%2Fpeleg.katz%2FDesktop%2Fcx-web-workspace%2Flibs%2Fteams-shared%2Fsrc%2Flib%2Fshared%2Fcomponents%2Fmonaco-editor-search%2Fmonaco-editor-search.component.ts%40MonacoEditorSearchComponent&t=1780289682693 @ http://c4c.localhost:4200/@vite/client:509
[44348574ms] [ERROR] Failed to load resource: net::ERR_NETWORK_CHANGED @ http://c4c.localhost:4200/@fs/Users/peleg.katz/Desktop/cx-web-workspace/libs/teams-shared/src/lib/shared/components/monaco-diff-editor-toolbar/@ng/component?c=%2FUsers%2Fpeleg.katz%2FDesktop%2Fcx-web-workspace%2Flibs%2Fteams-shared%2Fsrc%2Flib%2Fshared%2Fcomponents%2Fmonaco-diff-editor-toolbar%2Fmonaco-diff-editor-toolbar.component.ts%40MonacoDiffEditorToolbarComponent&t=1780289682694:0
[44348574ms] [ERROR] TypeError: Failed to fetch dynamically imported module: http://c4c.localhost:4200/@fs/Users/peleg.katz/Desktop/cx-web-workspace/libs/teams-shared/src/lib/shared/components/monaco-diff-editor-toolbar/@ng/component?c=%2FUsers%2Fpeleg.katz%2FDesktop%2Fcx-web-workspace%2Flibs%2Fteams-shared%2Fsrc%2Flib%2Fshared%2Fcomponents%2Fmonaco-diff-editor-toolbar%2Fmonaco-diff-editor-toolbar.component.ts%40MonacoDiffEditorToolbarComponent&t=1780289682694 @ http://c4c.localhost:4200/@vite/client:509
[44348574ms] [ERROR] Failed to load resource: net::ERR_NETWORK_CHANGED @ http://c4c.localhost:4200/@fs/Users/peleg.katz/Desktop/cx-web-workspace/libs/teams-shared/src/lib/shared/components/monaco-editor-toolbar/@ng/component?c=%2FUsers%2Fpeleg.katz%2FDesktop%2Fcx-web-workspace%2Flibs%2Fteams-shared%2Fsrc%2Flib%2Fshared%2Fcomponents%2Fmonaco-editor-toolbar%2Fmonaco-editor-toolbar.component.ts%40MonacoEditorToolbarComponent&t=1780289682694:0
[44348574ms] [ERROR] TypeError: Failed to fetch dynamically imported module: http://c4c.localhost:4200/@fs/Users/peleg.katz/Desktop/cx-web-workspace/libs/teams-shared/src/lib/shared/components/monaco-editor-toolbar/@ng/component?c=%2FUsers%2Fpeleg.katz%2FDesktop%2Fcx-web-workspace%2Flibs%2Fteams-shared%2Fsrc%2Flib%2Fshared%2Fcomponents%2Fmonaco-editor-toolbar%2Fmonaco-editor-toolbar.component.ts%40MonacoEditorToolbarComponent&t=1780289682694 @ http://c4c.localhost:4200/@vite/client:509
[44348574ms] [ERROR] Failed to load resource: net::ERR_NETWORK_CHANGED @ http://c4c.localhost:4200/@fs/Users/peleg.katz/Desktop/cx-web-workspace/libs/teams-shared/src/lib/shared/components/sidebar-filter-header/@ng/component?c=%2FUsers%2Fpeleg.katz%2FDesktop%2Fcx-web-workspace%2Flibs%2Fteams-shared%2Fsrc%2Flib%2Fshared%2Fcomponents%2Fsidebar-filter-header%2Fsidebar-filter-header.component.ts%40SidebarFilterHeaderComponent&t=1780289682695:0
[44348574ms] [ERROR] TypeError: Failed to fetch dynamically imported module: http://c4c.localhost:4200/@fs/Users/peleg.katz/Desktop/cx-web-workspace/libs/teams-shared/src/lib/shared/components/sidebar-filter-header/@ng/component?c=%2FUsers%2Fpeleg.katz%2FDesktop%2Fcx-web-workspace%2Flibs%2Fteams-shared%2Fsrc%2Flib%2Fshared%2Fcomponents%2Fsidebar-filter-header%2Fsidebar-filter-header.component.ts%40SidebarFilterHeaderComponent&t=1780289682695 @ http://c4c.localhost:4200/@vite/client:509
[44348574ms] [ERROR] Failed to load resource: net::ERR_NETWORK_CHANGED @ http://c4c.localhost:4200/@fs/Users/peleg.katz/Desktop/cx-web-workspace/libs/teams-shared/src/lib/shared/components/stepper/@ng/component?c=%2FUsers%2Fpeleg.katz%2FDesktop%2Fcx-web-workspace%2Flibs%2Fteams-shared%2Fsrc%2Flib%2Fshared%2Fcomponents%2Fstepper%2Fstepper.component.ts%40StepperComponent&t=1780289682695:0
[44348575ms] [ERROR] TypeError: Failed to fetch dynamically imported module: http://c4c.localhost:4200/@fs/Users/peleg.katz/Desktop/cx-web-workspace/libs/teams-shared/src/lib/shared/components/stepper/@ng/component?c=%2FUsers%2Fpeleg.katz%2FDesktop%2Fcx-web-workspace%2Flibs%2Fteams-shared%2Fsrc%2Flib%2Fshared%2Fcomponents%2Fstepper%2Fstepper.component.ts%40StepperComponent&t=1780289682695 @ http://c4c.localhost:4200/@vite/client:509
[44348575ms] [ERROR] Failed to load resource: net::ERR_NETWORK_CHANGED @ http://c4c.localhost:4200/@fs/Users/peleg.katz/Desktop/cx-web-workspace/libs/teams-shared/src/lib/columns-wizard/components/column-list-item/@ng/component?c=%2FUsers%2Fpeleg.katz%2FDesktop%2Fcx-web-workspace%2Flibs%2Fteams-shared%2Fsrc%2Flib%2Fcolumns-wizard%2Fcomponents%2Fcolumn-list-item%2Fcolumn-list-item.component.ts%40ColumnListItemComponent&t=1780289682696:0
[44348575ms] [ERROR] Failed to load resource: net::ERR_NETWORK_CHANGED @ http://c4c.localhost:4200/@fs/Users/peleg.katz/Desktop/cx-web-workspace/libs/teams-shared/src/lib/columns-wizard/components/columns-header/@ng/component?c=%2FUsers%2Fpeleg.katz%2FDesktop%2Fcx-web-workspace%2Flibs%2Fteams-shared%2Fsrc%2Flib%2Fcolumns-wizard%2Fcomponents%2Fcolumns-header%2Fcolumns-header.component.ts%40ColumnsHeaderComponent&t=1780289682696:0
[44348575ms] [ERROR] Failed to load resource: net::ERR_NETWORK_CHANGED @ http://c4c.localhost:4200/@fs/Users/peleg.katz/Desktop/cx-web-workspace/libs/teams-shared/src/lib/columns-wizard/components/selected-column-list/@ng/component?c=%2FUsers%2Fpeleg.katz%2FDesktop%2Fcx-web-workspace%2Flibs%2Fteams-shared%2Fsrc%2Flib%2Fcolumns-wizard%2Fcomponents%2Fselected-column-list%2Fselected-column-list.component.ts%40SelectedColumnListComponent&t=1780289682697:0
[44348575ms] [ERROR] TypeError: Failed to fetch dynamically imported module: http://c4c.localhost:4200/@fs/Users/peleg.katz/Desktop/cx-web-workspace/libs/teams-shared/src/lib/columns-wizard/components/column-list-item/@ng/component?c=%2FUsers%2Fpeleg.katz%2FDesktop%2Fcx-web-workspace%2Flibs%2Fteams-shared%2Fsrc%2Flib%2Fcolumns-wizard%2Fcomponents%2Fcolumn-list-item%2Fcolumn-list-item.component.ts%40ColumnListItemComponent&t=1780289682696 @ http://c4c.localhost:4200/@vite/client:509
[44348575ms] [ERROR] TypeError: Failed to fetch dynamically imported module: http://c4c.localhost:4200/@fs/Users/peleg.katz/Desktop/cx-web-workspace/libs/teams-shared/src/lib/columns-wizard/components/columns-header/@ng/component?c=%2FUsers%2Fpeleg.katz%2FDesktop%2Fcx-web-workspace%2Flibs%2Fteams-shared%2Fsrc%2Flib%2Fcolumns-wizard%2Fcomponents%2Fcolumns-header%2Fcolumns-header.component.ts%40ColumnsHeaderComponent&t=1780289682696 @ http://c4c.localhost:4200/@vite/client:509
[44348575ms] [ERROR] TypeError: Failed to fetch dynamically imported module: http://c4c.localhost:4200/@fs/Users/peleg.katz/Desktop/cx-web-workspace/libs/teams-shared/src/lib/columns-wizard/components/selected-column-list/@ng/component?c=%2FUsers%2Fpeleg.katz%2FDesktop%2Fcx-web-workspace%2Flibs%2Fteams-shared%2Fsrc%2Flib%2Fcolumns-wizard%2Fcomponents%2Fselected-column-list%2Fselected-column-list.component.ts%40SelectedColumnListComponent&t=1780289682697 @ http://c4c.localhost:4200/@vite/client:509
[44348575ms] [ERROR] Failed to load resource: net::ERR_NETWORK_CHANGED @ http://c4c.localhost:4200/@fs/Users/peleg.katz/Desktop/cx-web-workspace/libs/teams-shared/src/lib/columns-wizard/@ng/component?c=%2FUsers%2Fpeleg.katz%2FDesktop%2Fcx-web-workspace%2Flibs%2Fteams-shared%2Fsrc%2Flib%2Fcolumns-wizard%2Fcolumns-wizard.component.ts%40ColumnsWizardComponent&t=1780289682697:0
[44348575ms] [ERROR] Failed to load resource: net::ERR_NETWORK_CHANGED @ http://c4c.localhost:4200/@fs/Users/peleg.katz/Desktop/cx-web-workspace/libs/olly/src/lib/components/chat-history/@ng/component?c=%2FUsers%2Fpeleg.katz%2FDesktop%2Fcx-web-workspace%2Flibs%2Folly%2Fsrc%2Flib%2Fcomponents%2Fchat-history%2Fchat-history.component.ts%40OllyChatHistoryComponent&t=1780289682698:0
[44348575ms] [ERROR] Failed to load resource: net::ERR_NETWORK_CHANGED @ http://c4c.localhost:4200/@fs/Users/peleg.katz/Desktop/cx-web-workspace/libs/olly/src/lib/components/drawer/@ng/component?c=%2FUsers%2Fpeleg.katz%2FDesktop%2Fcx-web-workspace%2Flibs%2Folly%2Fsrc%2Flib%2Fcomponents%2Fdrawer%2Folly-drawer-content.component.ts%40OllyDrawerContentComponent&t=1780289682698:0
[44348575ms] [ERROR] TypeError: Failed to fetch dynamically imported module: http://c4c.localhost:4200/@fs/Users/peleg.katz/Desktop/cx-web-workspace/libs/teams-shared/src/lib/columns-wizard/@ng/component?c=%2FUsers%2Fpeleg.katz%2FDesktop%2Fcx-web-workspace%2Flibs%2Fteams-shared%2Fsrc%2Flib%2Fcolumns-wizard%2Fcolumns-wizard.component.ts%40ColumnsWizardComponent&t=1780289682697 @ http://c4c.localhost:4200/@vite/client:509
[44348575ms] [ERROR] Failed to load resource: net::ERR_NETWORK_CHANGED @ http://c4c.localhost:4200/@fs/Users/peleg.katz/Desktop/cx-web-workspace/libs/olly/src/lib/components/ask-button/@ng/component?c=%2FUsers%2Fpeleg.katz%2FDesktop%2Fcx-web-workspace%2Flibs%2Folly%2Fsrc%2Flib%2Fcomponents%2Fask-button%2Folly-ask-button.component.ts%40OllyAskButtonComponent&t=1780289682699:0
[44348576ms] [ERROR] TypeError: Failed to fetch dynamically imported module: http://c4c.localhost:4200/@fs/Users/peleg.katz/Desktop/cx-web-workspace/libs/olly/src/lib/components/chat-history/@ng/component?c=%2FUsers%2Fpeleg.katz%2FDesktop%2Fcx-web-workspace%2Flibs%2Folly%2Fsrc%2Flib%2Fcomponents%2Fchat-history%2Fchat-history.component.ts%40OllyChatHistoryComponent&t=1780289682698 @ http://c4c.localhost:4200/@vite/client:509
[44348576ms] [ERROR] TypeError: Failed to fetch dynamically imported module: http://c4c.localhost:4200/@fs/Users/peleg.katz/Desktop/cx-web-workspace/libs/olly/src/lib/components/drawer/@ng/component?c=%2FUsers%2Fpeleg.katz%2FDesktop%2Fcx-web-workspace%2Flibs%2Folly%2Fsrc%2Flib%2Fcomponents%2Fdrawer%2Folly-drawer-content.component.ts%40OllyDrawerContentComponent&t=1780289682698 @ http://c4c.localhost:4200/@vite/client:509
[44348576ms] [ERROR] Failed to load resource: net::ERR_NETWORK_CHANGED @ http://c4c.localhost:4200/@fs/Users/peleg.katz/Desktop/cx-web-workspace/libs/editors/src/query-editor/@ng/component?c=%2FUsers%2Fpeleg.katz%2FDesktop%2Fcx-web-workspace%2Flibs%2Feditors%2Fsrc%2Fquery-editor%2Fquery-editor.component.ts%40QueryEditorComponent&t=1780289682699:0
[44348576ms] [ERROR] TypeError: Failed to fetch dynamically imported module: http://c4c.localhost:4200/@fs/Users/peleg.katz/Desktop/cx-web-workspace/libs/olly/src/lib/components/ask-button/@ng/component?c=%2FUsers%2Fpeleg.katz%2FDesktop%2Fcx-web-workspace%2Flibs%2Folly%2Fsrc%2Flib%2Fcomponents%2Fask-button%2Folly-ask-button.component.ts%40OllyAskButtonComponent&t=1780289682699 @ http://c4c.localhost:4200/@vite/client:509
[44348576ms] [ERROR] Failed to load resource: net::ERR_NETWORK_CHANGED @ http://c4c.localhost:4200/@fs/Users/peleg.katz/Desktop/cx-web-workspace/libs/editors/src/new-dataprime-editor/@ng/component?c=%2FUsers%2Fpeleg.katz%2FDesktop%2Fcx-web-workspace%2Flibs%2Feditors%2Fsrc%2Fnew-dataprime-editor%2Fnew-dataprime-editor.component.ts%40NewDataprimeEditorComponent&t=1780289682700:0
[44348576ms] [ERROR] Failed to load resource: net::ERR_NETWORK_CHANGED @ http://c4c.localhost:4200/@fs/Users/peleg.katz/Desktop/cx-web-workspace/libs/editors/src/dataprime-editor-wrapper/dataprime-editor-wrapper-quick-doc/@ng/component?c=%2FUsers%2Fpeleg.katz%2FDesktop%2Fcx-web-workspace%2Flibs%2Feditors%2Fsrc%2Fdataprime-editor-wrapper%2Fdataprime-editor-wrapper-quick-doc%2Fdataprime-editor-wrapper-quick-doc.component.ts%40DataprimeEditorWrapperQuickDocComponent&t=1780289682701:0
[44348576ms] [ERROR] Failed to load resource: net::ERR_NETWORK_CHANGED @ http://c4c.localhost:4200/@fs/Users/peleg.katz/Desktop/cx-web-workspace/libs/editors/src/dataprime-editor-wrapper/@ng/component?c=%2FUsers%2Fpeleg.katz%2FDesktop%2Fcx-web-workspace%2Flibs%2Feditors%2Fsrc%2Fdataprime-editor-wrapper%2Fdataprime-editor-wrapper.component.ts%40DataprimeEditorWrapperComponent&t=1780289682701:0
[44348576ms] [ERROR] Failed to load resource: net::ERR_NETWORK_CHANGED @ http://c4c.localhost:4200/@fs/Users/peleg.katz/Desktop/cx-web-workspace/libs/editors/src/promql-editor/promql-editor-suggestion-details/@ng/component?c=%2FUsers%2Fpeleg.katz%2FDesktop%2Fcx-web-workspace%2Flibs%2Feditors%2Fsrc%2Fpromql-editor%2Fpromql-editor-suggestion-details%2Fpromql-editor-metric-labels.component.ts%40PromQLEditorMetricLabelsComponent&t=1780289682702:0
[44348576ms] [ERROR] TypeError: Failed to fetch dynamically imported module: http://c4c.localhost:4200/@fs/Users/peleg.katz/Desktop/cx-web-workspace/libs/editors/src/query-editor/@ng/component?c=%2FUsers%2Fpeleg.katz%2FDesktop%2Fcx-web-workspace%2Flibs%2Feditors%2Fsrc%2Fquery-editor%2Fquery-editor.component.ts%40QueryEditorComponent&t=1780289682699 @ http://c4c.localhost:4200/@vite/client:509
[44348576ms] [ERROR] Failed to load resource: net::ERR_NETWORK_CHANGED @ http://c4c.localhost:4200/@fs/Users/peleg.katz/Desktop/cx-web-workspace/libs/editors/src/promql-editor/@ng/component?c=%2FUsers%2Fpeleg.katz%2FDesktop%2Fcx-web-workspace%2Flibs%2Feditors%2Fsrc%2Fpromql-editor%2Fpromql-editor.component.ts%40PromQLEditorComponent&t=1780289682702:0
[44348576ms] [ERROR] Failed to load resource: net::ERR_NETWORK_CHANGED @ http://c4c.localhost:4200/@fs/Users/peleg.katz/Desktop/cx-web-workspace/libs/editors/src/lucene-editor/@ng/component?c=%2FUsers%2Fpeleg.katz%2FDesktop%2Fcx-web-workspace%2Flibs%2Feditors%2Fsrc%2Flucene-editor%2Flucene-editor.component.ts%40LuceneEditorComponent&t=1780289682747:0
[44348576ms] [ERROR] TypeError: Failed to fetch dynamically imported module: http://c4c.localhost:4200/@fs/Users/peleg.katz/Desktop/cx-web-workspace/libs/editors/src/new-dataprime-editor/@ng/component?c=%2FUsers%2Fpeleg.katz%2FDesktop%2Fcx-web-workspace%2Flibs%2Feditors%2Fsrc%2Fnew-dataprime-editor%2Fnew-dataprime-editor.component.ts%40NewDataprimeEditorComponent&t=1780289682700 @ http://c4c.localhost:4200/@vite/client:509
[44348576ms] [ERROR] TypeError: Failed to fetch dynamically imported module: http://c4c.localhost:4200/@fs/Users/peleg.katz/Desktop/cx-web-workspace/libs/editors/src/dataprime-editor-wrapper/dataprime-editor-wrapper-quick-doc/@ng/component?c=%2FUsers%2Fpeleg.katz%2FDesktop%2Fcx-web-workspace%2Flibs%2Feditors%2Fsrc%2Fdataprime-editor-wrapper%2Fdataprime-editor-wrapper-quick-doc%2Fdataprime-editor-wrapper-quick-doc.component.ts%40DataprimeEditorWrapperQuickDocComponent&t=1780289682701 @ http://c4c.localhost:4200/@vite/client:509
[44348576ms] [ERROR] TypeError: Failed to fetch dynamically imported module: http://c4c.localhost:4200/@fs/Users/peleg.katz/Desktop/cx-web-workspace/libs/editors/src/dataprime-editor-wrapper/@ng/component?c=%2FUsers%2Fpeleg.katz%2FDesktop%2Fcx-web-workspace%2Flibs%2Feditors%2Fsrc%2Fdataprime-editor-wrapper%2Fdataprime-editor-wrapper.component.ts%40DataprimeEditorWrapperComponent&t=1780289682701 @ http://c4c.localhost:4200/@vite/client:509
[44348576ms] [ERROR] TypeError: Failed to fetch dynamically imported module: http://c4c.localhost:4200/@fs/Users/peleg.katz/Desktop/cx-web-workspace/libs/editors/src/promql-editor/promql-editor-suggestion-details/@ng/component?c=%2FUsers%2Fpeleg.katz%2FDesktop%2Fcx-web-workspace%2Flibs%2Feditors%2Fsrc%2Fpromql-editor%2Fpromql-editor-suggestion-details%2Fpromql-editor-metric-labels.component.ts%40PromQLEditorMetricLabelsComponent&t=1780289682702 @ http://c4c.localhost:4200/@vite/client:509
[44348576ms] [ERROR] Failed to load resource: net::ERR_NETWORK_CHANGED @ http://c4c.localhost:4200/@fs/Users/peleg.katz/Desktop/cx-web-workspace/libs/editors/src/promql-builder/components/button-toggle/@ng/component?c=%2FUsers%2Fpeleg.katz%2FDesktop%2Fcx-web-workspace%2Flibs%2Feditors%2Fsrc%2Fpromql-builder%2Fcomponents%2Fbutton-toggle%2Fbutton-toggle.component.ts%40ButtonToggleComponent&t=1780289682748:0
[44348576ms] [ERROR] TypeError: Failed to fetch dynamically imported module: http://c4c.localhost:4200/@fs/Users/peleg.katz/Desktop/cx-web-workspace/libs/editors/src/promql-editor/@ng/component?c=%2FUsers%2Fpeleg.katz%2FDesktop%2Fcx-web-workspace%2Flibs%2Feditors%2Fsrc%2Fpromql-editor%2Fpromql-editor.component.ts%40PromQLEditorComponent&t=1780289682702 @ http://c4c.localhost:4200/@vite/client:509
[44348576ms] [ERROR] TypeError: Failed to fetch dynamically imported module: http://c4c.localhost:4200/@fs/Users/peleg.katz/Desktop/cx-web-workspace/libs/editors/src/lucene-editor/@ng/component?c=%2FUsers%2Fpeleg.katz%2FDesktop%2Fcx-web-workspace%2Flibs%2Feditors%2Fsrc%2Flucene-editor%2Flucene-editor.component.ts%40LuceneEditorComponent&t=1780289682747 @ http://c4c.localhost:4200/@vite/client:509
[44348576ms] [ERROR] Failed to load resource: net::ERR_NETWORK_CHANGED @ http://c4c.localhost:4200/@fs/Users/peleg.katz/Desktop/cx-web-workspace/libs/editors/src/promql-builder/components/list-item-add-button/@ng/component?c=%2FUsers%2Fpeleg.katz%2FDesktop%2Fcx-web-workspace%2Flibs%2Feditors%2Fsrc%2Fpromql-builder%2Fcomponents%2Flist-item-add-button%2Flist-item-add-button.component.ts%40ListItemAddButtonComponent&t=1780289682748:0
[44348576ms] [ERROR] Failed to load resource: net::ERR_NETWORK_CHANGED @ http://c4c.localhost:4200/@fs/Users/peleg.katz/Desktop/cx-web-workspace/libs/editors/src/promql-builder/components/promql-filter-editor/@ng/component?c=%2FUsers%2Fpeleg.katz%2FDesktop%2Fcx-web-workspace%2Flibs%2Feditors%2Fsrc%2Fpromql-builder%2Fcomponents%2Fpromql-filter-editor%2Fpromql-filter-editor.component.ts%40PromQLFilterEditorComponent&t=1780289682749:0
[44348577ms] [ERROR] Failed to load resource: net::ERR_NETWORK_CHANGED @ http://c4c.localhost:4200/@fs/Users/peleg.katz/Desktop/cx-web-workspace/libs/editors/src/promql-builder/components/promql-filters-list/@ng/component?c=%2FUsers%2Fpeleg.katz%2FDesktop%2Fcx-web-workspace%2Flibs%2Feditors%2Fsrc%2Fpromql-builder%2Fcomponents%2Fpromql-filters-list%2Fpromql-filters-list.component.ts%40PromQLFiltersListComponent&t=1780289682749:0
[44348577ms] [ERROR] TypeError: Failed to fetch dynamically imported module: http://c4c.localhost:4200/@fs/Users/peleg.katz/Desktop/cx-web-workspace/libs/editors/src/promql-builder/components/button-toggle/@ng/component?c=%2FUsers%2Fpeleg.katz%2FDesktop%2Fcx-web-workspace%2Flibs%2Feditors%2Fsrc%2Fpromql-builder%2Fcomponents%2Fbutton-toggle%2Fbutton-toggle.component.ts%40ButtonToggleComponent&t=1780289682748 @ http://c4c.localhost:4200/@vite/client:509
[44348577ms] [ERROR] Failed to load resource: net::ERR_NETWORK_CHANGED @ http://c4c.localhost:4200/@fs/Users/peleg.katz/Desktop/cx-web-workspace/libs/editors/src/promql-builder/components/promql-functions-list/aggregation-menu/@ng/component?c=%2FUsers%2Fpeleg.katz%2FDesktop%2Fcx-web-workspace%2Flibs%2Feditors%2Fsrc%2Fpromql-builder%2Fcomponents%2Fpromql-functions-list%2Faggregation-menu%2Faggregation-menu.component.ts%40AggregationMenuComponent&t=1780289682751:0
[44348577ms] [ERROR] Failed to load resource: net::ERR_NETWORK_CHANGED @ http://c4c.localhost:4200/@fs/Users/peleg.katz/Desktop/cx-web-workspace/libs/editors/src/promql-builder/components/promql-functions-list/count-menu/@ng/component?c=%2FUsers%2Fpeleg.katz%2FDesktop%2Fcx-web-workspace%2Flibs%2Feditors%2Fsrc%2Fpromql-builder%2Fcomponents%2Fpromql-functions-list%2Fcount-menu%2Fcount-menu.component.ts%40CountMenuComponent&t=1780289682751:0
[44348577ms] [ERROR] TypeError: Failed to fetch dynamically imported module: http://c4c.localhost:4200/@fs/Users/peleg.katz/Desktop/cx-web-workspace/libs/editors/src/promql-builder/components/list-item-add-button/@ng/component?c=%2FUsers%2Fpeleg.katz%2FDesktop%2Fcx-web-workspace%2Flibs%2Feditors%2Fsrc%2Fpromql-builder%2Fcomponents%2Flist-item-add-button%2Flist-item-add-button.component.ts%40ListItemAddButtonComponent&t=1780289682748 @ http://c4c.localhost:4200/@vite/client:509
[44348577ms] [ERROR] TypeError: Failed to fetch dynamically imported module: http://c4c.localhost:4200/@fs/Users/peleg.katz/Desktop/cx-web-workspace/libs/editors/src/promql-builder/components/promql-filter-editor/@ng/component?c=%2FUsers%2Fpeleg.katz%2FDesktop%2Fcx-web-workspace%2Flibs%2Feditors%2Fsrc%2Fpromql-builder%2Fcomponents%2Fpromql-filter-editor%2Fpromql-filter-editor.component.ts%40PromQLFilterEditorComponent&t=1780289682749 @ http://c4c.localhost:4200/@vite/client:509
[44348577ms] [ERROR] Failed to load resource: net::ERR_NETWORK_CHANGED @ http://c4c.localhost:4200/@fs/Users/peleg.katz/Desktop/cx-web-workspace/libs/editors/src/promql-builder/components/promql-functions-list/rank-menu/@ng/component?c=%2FUsers%2Fpeleg.katz%2FDesktop%2Fcx-web-workspace%2Flibs%2Feditors%2Fsrc%2Fpromql-builder%2Fcomponents%2Fpromql-functions-list%2Frank-menu%2Frank-menu.component.ts%40RankMenuComponent&t=1780289682751:0
[44348577ms] [ERROR] TypeError: Failed to fetch dynamically imported module: http://c4c.localhost:4200/@fs/Users/peleg.katz/Desktop/cx-web-workspace/libs/editors/src/promql-builder/components/promql-filters-list/@ng/component?c=%2FUsers%2Fpeleg.katz%2FDesktop%2Fcx-web-workspace%2Flibs%2Feditors%2Fsrc%2Fpromql-builder%2Fcomponents%2Fpromql-filters-list%2Fpromql-filters-list.component.ts%40PromQLFiltersListComponent&t=1780289682749 @ http://c4c.localhost:4200/@vite/client:509
[44348577ms] [ERROR] Failed to load resource: net::ERR_NETWORK_CHANGED @ http://c4c.localhost:4200/@fs/Users/peleg.katz/Desktop/cx-web-workspace/libs/editors/src/promql-builder/components/promql-functions-list/rollup-menu/@ng/component?c=%2FUsers%2Fpeleg.katz%2FDesktop%2Fcx-web-workspace%2Flibs%2Feditors%2Fsrc%2Fpromql-builder%2Fcomponents%2Fpromql-functions-list%2Frollup-menu%2Frollup-menu.component.ts%40RollupMenuComponent&t=1780289682751:0
[44348577ms] [ERROR] Failed to load resource: net::ERR_NETWORK_CHANGED @ http://c4c.localhost:4200/@fs/Users/peleg.katz/Desktop/cx-web-workspace/libs/editors/src/promql-builder/components/promql-functions-list/functions-menu/@ng/component?c=%2FUsers%2Fpeleg.katz%2FDesktop%2Fcx-web-workspace%2Flibs%2Feditors%2Fsrc%2Fpromql-builder%2Fcomponents%2Fpromql-functions-list%2Ffunctions-menu%2Ffunctions-menu.component.ts%40FunctionsMenuComponent&t=1780289682752:0
[44348577ms] [ERROR] Failed to load resource: net::ERR_NETWORK_CHANGED @ http://c4c.localhost:4200/@fs/Users/peleg.katz/Desktop/cx-web-workspace/libs/editors/src/promql-builder/components/promql-function-editor/aggregation/@ng/component?c=%2FUsers%2Fpeleg.katz%2FDesktop%2Fcx-web-workspace%2Flibs%2Feditors%2Fsrc%2Fpromql-builder%2Fcomponents%2Fpromql-function-editor%2Faggregation%2Faggregation-editor.component.ts%40AggregationEditorComponent&t=1780289682752:0
[44348577ms] [ERROR] TypeError: Failed to fetch dynamically imported module: http://c4c.localhost:4200/@fs/Users/peleg.katz/Desktop/cx-web-workspace/libs/editors/src/promql-builder/components/promql-functions-list/aggregation-menu/@ng/component?c=%2FUsers%2Fpeleg.katz%2FDesktop%2Fcx-web-workspace%2Flibs%2Feditors%2Fsrc%2Fpromql-builder%2Fcomponents%2Fpromql-functions-list%2Faggregation-menu%2Faggregation-menu.component.ts%40AggregationMenuComponent&t=1780289682751 @ http://c4c.localhost:4200/@vite/client:509
[44348577ms] [ERROR] Failed to load resource: net::ERR_NETWORK_CHANGED @ http://c4c.localhost:4200/@fs/Users/peleg.katz/Desktop/cx-web-workspace/libs/editors/src/promql-builder/components/promql-function-editor/rollup/@ng/component?c=%2FUsers%2Fpeleg.katz%2FDesktop%2Fcx-web-workspace%2Flibs%2Feditors%2Fsrc%2Fpromql-builder%2Fcomponents%2Fpromql-function-editor%2Frollup%2Frollup-editor.component.ts%40RollupEditorComponent&t=1780289682752:0
[44348577ms] [ERROR] TypeError: Failed to fetch dynamically imported module: http://c4c.localhost:4200/@fs/Users/peleg.katz/Desktop/cx-web-workspace/libs/editors/src/promql-builder/components/promql-functions-list/count-menu/@ng/component?c=%2FUsers%2Fpeleg.katz%2FDesktop%2Fcx-web-workspace%2Flibs%2Feditors%2Fsrc%2Fpromql-builder%2Fcomponents%2Fpromql-functions-list%2Fcount-menu%2Fcount-menu.component.ts%40CountMenuComponent&t=1780289682751 @ http://c4c.localhost:4200/@vite/client:509
[44348577ms] [ERROR] TypeError: Failed to fetch dynamically imported module: http://c4c.localhost:4200/@fs/Users/peleg.katz/Desktop/cx-web-workspace/libs/editors/src/promql-builder/components/promql-functions-list/rank-menu/@ng/component?c=%2FUsers%2Fpeleg.katz%2FDesktop%2Fcx-web-workspace%2Flibs%2Feditors%2Fsrc%2Fpromql-builder%2Fcomponents%2Fpromql-functions-list%2Frank-menu%2Frank-menu.component.ts%40RankMenuComponent&t=1780289682751 @ http://c4c.localhost:4200/@vite/client:509
[44348577ms] [ERROR] Failed to load resource: net::ERR_NETWORK_CHANGED @ http://c4c.localhost:4200/@fs/Users/peleg.katz/Desktop/cx-web-workspace/libs/editors/src/promql-builder/components/promql-function-editor/transformation/@ng/component?c=%2FUsers%2Fpeleg.katz%2FDesktop%2Fcx-web-workspace%2Flibs%2Feditors%2Fsrc%2Fpromql-builder%2Fcomponents%2Fpromql-function-editor%2Ftransformation%2Ftransform-editor.component.ts%40TransformEditorComponent&t=1780289682753:0
[44348577ms] [ERROR] TypeError: Failed to fetch dynamically imported module: http://c4c.localhost:4200/@fs/Users/peleg.katz/Desktop/cx-web-workspace/libs/editors/src/promql-builder/components/promql-functions-list/rollup-menu/@ng/component?c=%2FUsers%2Fpeleg.katz%2FDesktop%2Fcx-web-workspace%2Flibs%2Feditors%2Fsrc%2Fpromql-builder%2Fcomponents%2Fpromql-functions-list%2Frollup-menu%2Frollup-menu.component.ts%40RollupMenuComponent&t=1780289682751 @ http://c4c.localhost:4200/@vite/client:509
[44348577ms] [ERROR] TypeError: Failed to fetch dynamically imported module: http://c4c.localhost:4200/@fs/Users/peleg.katz/Desktop/cx-web-workspace/libs/editors/src/promql-builder/components/promql-functions-list/functions-menu/@ng/component?c=%2FUsers%2Fpeleg.katz%2FDesktop%2Fcx-web-workspace%2Flibs%2Feditors%2Fsrc%2Fpromql-builder%2Fcomponents%2Fpromql-functions-list%2Ffunctions-menu%2Ffunctions-menu.component.ts%40FunctionsMenuComponent&t=1780289682752 @ http://c4c.localhost:4200/@vite/client:509
[44348577ms] [ERROR] TypeError: Failed to fetch dynamically imported module: http://c4c.localhost:4200/@fs/Users/peleg.katz/Desktop/cx-web-workspace/libs/editors/src/promql-builder/components/promql-function-editor/aggregation/@ng/component?c=%2FUsers%2Fpeleg.katz%2FDesktop%2Fcx-web-workspace%2Flibs%2Feditors%2Fsrc%2Fpromql-builder%2Fcomponents%2Fpromql-function-editor%2Faggregation%2Faggregation-editor.component.ts%40AggregationEditorComponent&t=1780289682752 @ http://c4c.localhost:4200/@vite/client:509
[44348578ms] [ERROR] TypeError: Failed to fetch dynamically imported module: http://c4c.localhost:4200/@fs/Users/peleg.katz/Desktop/cx-web-workspace/libs/editors/src/promql-builder/components/promql-function-editor/rollup/@ng/component?c=%2FUsers%2Fpeleg.katz%2FDesktop%2Fcx-web-workspace%2Flibs%2Feditors%2Fsrc%2Fpromql-builder%2Fcomponents%2Fpromql-function-editor%2Frollup%2Frollup-editor.component.ts%40RollupEditorComponent&t=1780289682752 @ http://c4c.localhost:4200/@vite/client:509
[44348578ms] [ERROR] Failed to load resource: net::ERR_NETWORK_CHANGED @ http://c4c.localhost:4200/@fs/Users/peleg.katz/Desktop/cx-web-workspace/libs/editors/src/promql-builder/components/promql-function-editor/@ng/component?c=%2FUsers%2Fpeleg.katz%2FDesktop%2Fcx-web-workspace%2Flibs%2Feditors%2Fsrc%2Fpromql-builder%2Fcomponents%2Fpromql-function-editor%2Fpromql-function-editor.component.ts%40PromQLFunctionEditorComponent&t=1780289682753:0
[44348578ms] [ERROR] TypeError: Failed to fetch dynamically imported module: http://c4c.localhost:4200/@fs/Users/peleg.katz/Desktop/cx-web-workspace/libs/editors/src/promql-builder/components/promql-function-editor/transformation/@ng/component?c=%2FUsers%2Fpeleg.katz%2FDesktop%2Fcx-web-workspace%2Flibs%2Feditors%2Fsrc%2Fpromql-builder%2Fcomponents%2Fpromql-function-editor%2Ftransformation%2Ftransform-editor.component.ts%40TransformEditorComponent&t=1780289682753 @ http://c4c.localhost:4200/@vite/client:509
[44348578ms] [ERROR] Failed to load resource: net::ERR_NETWORK_CHANGED @ http://c4c.localhost:4200/@fs/Users/peleg.katz/Desktop/cx-web-workspace/libs/editors/src/promql-builder/components/promql-functions-list/@ng/component?c=%2FUsers%2Fpeleg.katz%2FDesktop%2Fcx-web-workspace%2Flibs%2Feditors%2Fsrc%2Fpromql-builder%2Fcomponents%2Fpromql-functions-list%2Fpromql-functions-list.component.ts%40PromQLFunctionsListComponent&t=1780289682753:0
[44348578ms] [ERROR] TypeError: Failed to fetch dynamically imported module: http://c4c.localhost:4200/@fs/Users/peleg.katz/Desktop/cx-web-workspace/libs/editors/src/promql-builder/components/promql-function-editor/@ng/component?c=%2FUsers%2Fpeleg.katz%2FDesktop%2Fcx-web-workspace%2Flibs%2Feditors%2Fsrc%2Fpromql-builder%2Fcomponents%2Fpromql-function-editor%2Fpromql-function-editor.component.ts%40PromQLFunctionEditorComponent&t=1780289682753 @ http://c4c.localhost:4200/@vite/client:509
[44348578ms] [ERROR] Failed to load resource: net::ERR_NETWORK_CHANGED @ http://c4c.localhost:4200/@fs/Users/peleg.katz/Desktop/cx-web-workspace/libs/editors/src/promql-builder/components/promql-metric-select/promql-metric-details-tooltip/@ng/component?c=%2FUsers%2Fpeleg.katz%2FDesktop%2Fcx-web-workspace%2Flibs%2Feditors%2Fsrc%2Fpromql-builder%2Fcomponents%2Fpromql-metric-select%2Fpromql-metric-details-tooltip%2Fpromql-metric-details-tooltip.component.ts%40PromQLMetricDetailsTooltipComponent&t=1780289682754:0
[44348578ms] [ERROR] TypeError: Failed to fetch dynamically imported module: http://c4c.localhost:4200/@fs/Users/peleg.katz/Desktop/cx-web-workspace/libs/editors/src/promql-builder/components/promql-functions-list/@ng/component?c=%2FUsers%2Fpeleg.katz%2FDesktop%2Fcx-web-workspace%2Flibs%2Feditors%2Fsrc%2Fpromql-builder%2Fcomponents%2Fpromql-functions-list%2Fpromql-functions-list.component.ts%40PromQLFunctionsListComponent&t=1780289682753 @ http://c4c.localhost:4200/@vite/client:509
[44348578ms] [ERROR] TypeError: Failed to fetch dynamically imported module: http://c4c.localhost:4200/@fs/Users/peleg.katz/Desktop/cx-web-workspace/libs/editors/src/promql-builder/components/promql-metric-select/promql-metric-details-tooltip/@ng/component?c=%2FUsers%2Fpeleg.katz%2FDesktop%2Fcx-web-workspace%2Flibs%2Feditors%2Fsrc%2Fpromql-builder%2Fcomponents%2Fpromql-metric-select%2Fpromql-metric-details-tooltip%2Fpromql-metric-details-tooltip.component.ts%40PromQLMetricDetailsTooltipComponent&t=1780289682754 @ http://c4c.localhost:4200/@vite/client:509
[44348578ms] [ERROR] Failed to load resource: net::ERR_NETWORK_CHANGED @ http://c4c.localhost:4200/@fs/Users/peleg.katz/Desktop/cx-web-workspace/libs/editors/src/promql-builder/components/promql-metric-select/@ng/component?c=%2FUsers%2Fpeleg.katz%2FDesktop%2Fcx-web-workspace%2Flibs%2Feditors%2Fsrc%2Fpromql-builder%2Fcomponents%2Fpromql-metric-select%2Fpromql-metric-select.component.ts%40PromQLMetricSelectComponent&t=1780289682754:0
[44348578ms] [ERROR] Failed to load resource: net::ERR_NETWORK_CHANGED @ http://c4c.localhost:4200/@fs/Users/peleg.katz/Desktop/cx-web-workspace/libs/editors/src/promql-builder/components/query-type-toggle/@ng/component?c=%2FUsers%2Fpeleg.katz%2FDesktop%2Fcx-web-workspace%2Flibs%2Feditors%2Fsrc%2Fpromql-builder%2Fcomponents%2Fquery-type-toggle%2Fquery-type-toggle.component.ts%40QueryTypeToggleComponent&t=1780289682754:0
[44348578ms] [ERROR] TypeError: Failed to fetch dynamically imported module: http://c4c.localhost:4200/@fs/Users/peleg.katz/Desktop/cx-web-workspace/libs/editors/src/promql-builder/components/promql-metric-select/@ng/component?c=%2FUsers%2Fpeleg.katz%2FDesktop%2Fcx-web-workspace%2Flibs%2Feditors%2Fsrc%2Fpromql-builder%2Fcomponents%2Fpromql-metric-select%2Fpromql-metric-select.component.ts%40PromQLMetricSelectComponent&t=1780289682754 @ http://c4c.localhost:4200/@vite/client:509
[44348578ms] [ERROR] TypeError: Failed to fetch dynamically imported module: http://c4c.localhost:4200/@fs/Users/peleg.katz/Desktop/cx-web-workspace/libs/editors/src/promql-builder/components/query-type-toggle/@ng/component?c=%2FUsers%2Fpeleg.katz%2FDesktop%2Fcx-web-workspace%2Flibs%2Feditors%2Fsrc%2Fpromql-builder%2Fcomponents%2Fquery-type-toggle%2Fquery-type-toggle.component.ts%40QueryTypeToggleComponent&t=1780289682754 @ http://c4c.localhost:4200/@vite/client:509
[44348578ms] [ERROR] Failed to load resource: net::ERR_NETWORK_CHANGED @ http://c4c.localhost:4200/@fs/Users/peleg.katz/Desktop/cx-web-workspace/libs/editors/src/promql-builder/components/range-query-aggregation-select/@ng/component?c=%2FUsers%2Fpeleg.katz%2FDesktop%2Fcx-web-workspace%2Flibs%2Feditors%2Fsrc%2Fpromql-builder%2Fcomponents%2Frange-query-aggregation-select%2Frange-query-aggregation-select.component.ts%40RangeQueryAggregationSelectComponent&t=1780289682754:0
[44348578ms] [ERROR] Failed to load resource: net::ERR_NETWORK_CHANGED @ http://c4c.localhost:4200/@fs/Users/peleg.katz/Desktop/cx-web-workspace/libs/editors/src/promql-builder/components/promql-builder-body/@ng/component?c=%2FUsers%2Fpeleg.katz%2FDesktop%2Fcx-web-workspace%2Flibs%2Feditors%2Fsrc%2Fpromql-builder%2Fcomponents%2Fpromql-builder-body%2Fpromql-builder-body.component.ts%40PromqlBuilderBodyComponent&t=1780289682755:0
[44348578ms] [ERROR] Failed to load resource: net::ERR_NETWORK_CHANGED @ http://c4c.localhost:4200/@fs/Users/peleg.katz/Desktop/cx-web-workspace/libs/editors/src/promql-builder/components/promql-editor-body/@ng/component?c=%2FUsers%2Fpeleg.katz%2FDesktop%2Fcx-web-workspace%2Flibs%2Feditors%2Fsrc%2Fpromql-builder%2Fcomponents%2Fpromql-editor-body%2Fpromql-editor-body.component.ts%40PromqlEditorBodyComponent&t=1780289682755:0
[44348578ms] [ERROR] TypeError: Failed to fetch dynamically imported module: http://c4c.localhost:4200/@fs/Users/peleg.katz/Desktop/cx-web-workspace/libs/editors/src/promql-builder/components/range-query-aggregation-select/@ng/component?c=%2FUsers%2Fpeleg.katz%2FDesktop%2Fcx-web-workspace%2Flibs%2Feditors%2Fsrc%2Fpromql-builder%2Fcomponents%2Frange-query-aggregation-select%2Frange-query-aggregation-select.component.ts%40RangeQueryAggregationSelectComponent&t=1780289682754 @ http://c4c.localhost:4200/@vite/client:509
[44348578ms] [ERROR] TypeError: Failed to fetch dynamically imported module: http://c4c.localhost:4200/@fs/Users/peleg.katz/Desktop/cx-web-workspace/libs/editors/src/promql-builder/components/promql-builder-body/@ng/component?c=%2FUsers%2Fpeleg.katz%2FDesktop%2Fcx-web-workspace%2Flibs%2Feditors%2Fsrc%2Fpromql-builder%2Fcomponents%2Fpromql-builder-body%2Fpromql-builder-body.component.ts%40PromqlBuilderBodyComponent&t=1780289682755 @ http://c4c.localhost:4200/@vite/client:509
[44348579ms] [ERROR] TypeError: Failed to fetch dynamically imported module: http://c4c.localhost:4200/@fs/Users/peleg.katz/Desktop/cx-web-workspace/libs/editors/src/promql-builder/components/promql-editor-body/@ng/component?c=%2FUsers%2Fpeleg.katz%2FDesktop%2Fcx-web-workspace%2Flibs%2Feditors%2Fsrc%2Fpromql-builder%2Fcomponents%2Fpromql-editor-body%2Fpromql-editor-body.component.ts%40PromqlEditorBodyComponent&t=1780289682755 @ http://c4c.localhost:4200/@vite/client:509
[44348579ms] [ERROR] Failed to load resource: net::ERR_NETWORK_CHANGED @ http://c4c.localhost:4200/@fs/Users/peleg.katz/Desktop/cx-web-workspace/libs/editors/src/promql-builder/@ng/component?c=%2FUsers%2Fpeleg.katz%2FDesktop%2Fcx-web-workspace%2Flibs%2Feditors%2Fsrc%2Fpromql-builder%2Fpromql-builder.component.ts%40PromQLBuilderComponent&t=1780289682756:0
[44348579ms] [ERROR] Failed to load resource: net::ERR_NETWORK_CHANGED @ http://c4c.localhost:4200/@fs/Users/peleg.katz/Desktop/cx-web-workspace/libs/editors/src/dpxl-editor/@ng/component?c=%2FUsers%2Fpeleg.katz%2FDesktop%2Fcx-web-workspace%2Flibs%2Feditors%2Fsrc%2Fdpxl-editor%2Fdpxl-editor.component.ts%40DpxlEditorComponent&t=1780289682759:0
[44348579ms] [ERROR] TypeError: Failed to fetch dynamically imported module: http://c4c.localhost:4200/@fs/Users/peleg.katz/Desktop/cx-web-workspace/libs/editors/src/promql-builder/@ng/component?c=%2FUsers%2Fpeleg.katz%2FDesktop%2Fcx-web-workspace%2Flibs%2Feditors%2Fsrc%2Fpromql-builder%2Fpromql-builder.component.ts%40PromQLBuilderComponent&t=1780289682756 @ http://c4c.localhost:4200/@vite/client:509
[44348579ms] [ERROR] Failed to load resource: net::ERR_NETWORK_CHANGED @ http://c4c.localhost:4200/@fs/Users/peleg.katz/Desktop/cx-web-workspace/libs/editors/src/new-lucene-editor/@ng/component?c=%2FUsers%2Fpeleg.katz%2FDesktop%2Fcx-web-workspace%2Flibs%2Feditors%2Fsrc%2Fnew-lucene-editor%2Fnew-lucene-editor.component.ts%40NewLuceneEditorComponent&t=1780289682759:0
[44348579ms] [ERROR] TypeError: Failed to fetch dynamically imported module: http://c4c.localhost:4200/@fs/Users/peleg.katz/Desktop/cx-web-workspace/libs/editors/src/dpxl-editor/@ng/component?c=%2FUsers%2Fpeleg.katz%2FDesktop%2Fcx-web-workspace%2Flibs%2Feditors%2Fsrc%2Fdpxl-editor%2Fdpxl-editor.component.ts%40DpxlEditorComponent&t=1780289682759 @ http://c4c.localhost:4200/@vite/client:509
[44348579ms] [ERROR] Failed to load resource: net::ERR_NETWORK_CHANGED @ http://c4c.localhost:4200/@fs/Users/peleg.katz/Desktop/cx-web-workspace/libs/editors/src/cx-lucene-editor/@ng/component?c=%2FUsers%2Fpeleg.katz%2FDesktop%2Fcx-web-workspace%2Flibs%2Feditors%2Fsrc%2Fcx-lucene-editor%2Fcx-lucene-editor.component.ts%40CxLuceneEditorComponent&t=1780289682760:0
[44348579ms] [ERROR] Failed to load resource: net::ERR_NETWORK_CHANGED @ http://c4c.localhost:4200/@fs/Users/peleg.katz/Desktop/cx-web-workspace/libs/editors/src/cx-lucene-editor/custom-autocomplete/@ng/component?c=%2FUsers%2Fpeleg.katz%2FDesktop%2Fcx-web-workspace%2Flibs%2Feditors%2Fsrc%2Fcx-lucene-editor%2Fcustom-autocomplete%2Flucene-custom-autocomplete.component.ts%40LuceneCustomAutocompleteComponent&t=1780289682760:0
[44348579ms] [ERROR] Failed to load resource: net::ERR_NETWORK_CHANGED @ http://c4c.localhost:4200/@fs/Users/peleg.katz/Desktop/cx-web-workspace/libs/editors/src/promql-editor/legacy/@ng/component?c=%2FUsers%2Fpeleg.katz%2FDesktop%2Fcx-web-workspace%2Flibs%2Feditors%2Fsrc%2Fpromql-editor%2Flegacy%2Fpromql-editor.component.ts%40PromqlEditorLegacyComponent&t=1780289682771:0
[44348579ms] [ERROR] TypeError: Failed to fetch dynamically imported module: http://c4c.localhost:4200/@fs/Users/peleg.katz/Desktop/cx-web-workspace/libs/editors/src/new-lucene-editor/@ng/component?c=%2FUsers%2Fpeleg.katz%2FDesktop%2Fcx-web-workspace%2Flibs%2Feditors%2Fsrc%2Fnew-lucene-editor%2Fnew-lucene-editor.component.ts%40NewLuceneEditorComponent&t=1780289682759 @ http://c4c.localhost:4200/@vite/client:509
[44348579ms] [ERROR] TypeError: Failed to fetch dynamically imported module: http://c4c.localhost:4200/@fs/Users/peleg.katz/Desktop/cx-web-workspace/libs/editors/src/cx-lucene-editor/@ng/component?c=%2FUsers%2Fpeleg.katz%2FDesktop%2Fcx-web-workspace%2Flibs%2Feditors%2Fsrc%2Fcx-lucene-editor%2Fcx-lucene-editor.component.ts%40CxLuceneEditorComponent&t=1780289682760 @ http://c4c.localhost:4200/@vite/client:509
[44348579ms] [ERROR] TypeError: Failed to fetch dynamically imported module: http://c4c.localhost:4200/@fs/Users/peleg.katz/Desktop/cx-web-workspace/libs/editors/src/cx-lucene-editor/custom-autocomplete/@ng/component?c=%2FUsers%2Fpeleg.katz%2FDesktop%2Fcx-web-workspace%2Flibs%2Feditors%2Fsrc%2Fcx-lucene-editor%2Fcustom-autocomplete%2Flucene-custom-autocomplete.component.ts%40LuceneCustomAutocompleteComponent&t=1780289682760 @ http://c4c.localhost:4200/@vite/client:509
[44348579ms] [ERROR] Failed to load resource: net::ERR_NETWORK_CHANGED @ http://c4c.localhost:4200/@fs/Users/peleg.katz/Desktop/cx-web-workspace/libs/editors/src/yaml-editor/components/yaml-editor-toolbar/@ng/component?c=%2FUsers%2Fpeleg.katz%2FDesktop%2Fcx-web-workspace%2Flibs%2Feditors%2Fsrc%2Fyaml-editor%2Fcomponents%2Fyaml-editor-toolbar%2Fyaml-editor-toolbar.component.ts%40YAMLEditorToolbarComponent&t=1780289682773:0
[44348579ms] [ERROR] Failed to load resource: net::ERR_NETWORK_CHANGED @ http://c4c.localhost:4200/@fs/Users/peleg.katz/Desktop/cx-web-workspace/libs/editors/src/yaml-editor/components/yaml-editor-footer/@ng/component?c=%2FUsers%2Fpeleg.katz%2FDesktop%2Fcx-web-workspace%2Flibs%2Feditors%2Fsrc%2Fyaml-editor%2Fcomponents%2Fyaml-editor-footer%2Fyaml-editor-footer.component.ts%40YAMLEditorFooterComponent&t=1780289682773:0
[44348579ms] [ERROR] TypeError: Failed to fetch dynamically imported module: http://c4c.localhost:4200/@fs/Users/peleg.katz/Desktop/cx-web-workspace/libs/editors/src/promql-editor/legacy/@ng/component?c=%2FUsers%2Fpeleg.katz%2FDesktop%2Fcx-web-workspace%2Flibs%2Feditors%2Fsrc%2Fpromql-editor%2Flegacy%2Fpromql-editor.component.ts%40PromqlEditorLegacyComponent&t=1780289682771 @ http://c4c.localhost:4200/@vite/client:509
[44348580ms] [ERROR] Failed to load resource: net::ERR_NETWORK_CHANGED @ http://c4c.localhost:4200/@fs/Users/peleg.katz/Desktop/cx-web-workspace/libs/editors/src/yaml-editor/@ng/component?c=%2FUsers%2Fpeleg.katz%2FDesktop%2Fcx-web-workspace%2Flibs%2Feditors%2Fsrc%2Fyaml-editor%2Fyaml-editor.component.ts%40YAMLEditorComponent&t=1780289682774:0
[44348580ms] [ERROR] TypeError: Failed to fetch dynamically imported module: http://c4c.localhost:4200/@fs/Users/peleg.katz/Desktop/cx-web-workspace/libs/editors/src/yaml-editor/components/yaml-editor-toolbar/@ng/component?c=%2FUsers%2Fpeleg.katz%2FDesktop%2Fcx-web-workspace%2Flibs%2Feditors%2Fsrc%2Fyaml-editor%2Fcomponents%2Fyaml-editor-toolbar%2Fyaml-editor-toolbar.component.ts%40YAMLEditorToolbarComponent&t=1780289682773 @ http://c4c.localhost:4200/@vite/client:509
[44348580ms] [ERROR] Failed to load resource: net::ERR_NETWORK_CHANGED @ http://c4c.localhost:4200/@fs/Users/peleg.katz/Desktop/cx-web-workspace/libs/editors/src/yaml-editor/components/yaml-input/@ng/component?c=%2FUsers%2Fpeleg.katz%2FDesktop%2Fcx-web-workspace%2Flibs%2Feditors%2Fsrc%2Fyaml-editor%2Fcomponents%2Fyaml-input%2Fyaml-input.component.ts%40YAMLInputComponent&t=1780289682774:0
[44348580ms] [ERROR] TypeError: Failed to fetch dynamically imported module: http://c4c.localhost:4200/@fs/Users/peleg.katz/Desktop/cx-web-workspace/libs/editors/src/yaml-editor/components/yaml-editor-footer/@ng/component?c=%2FUsers%2Fpeleg.katz%2FDesktop%2Fcx-web-workspace%2Flibs%2Feditors%2Fsrc%2Fyaml-editor%2Fcomponents%2Fyaml-editor-footer%2Fyaml-editor-footer.component.ts%40YAMLEditorFooterComponent&t=1780289682773 @ http://c4c.localhost:4200/@vite/client:509
[44348580ms] [ERROR] Failed to load resource: net::ERR_NETWORK_CHANGED @ http://c4c.localhost:4200/@fs/Users/peleg.katz/Desktop/cx-web-workspace/libs/query-builder/lucene/src/lib/ui/lucene-builder-disabled-tooltip/@ng/component?c=%2FUsers%2Fpeleg.katz%2FDesktop%2Fcx-web-workspace%2Flibs%2Fquery-builder%2Flucene%2Fsrc%2Flib%2Fui%2Flucene-builder-disabled-tooltip%2Flucene-builder-disabled-tooltip.component.ts%40LuceneBuilderDisabledTooltipComponent&t=1780289682774:0
[44348580ms] [ERROR] Failed to load resource: net::ERR_NETWORK_CHANGED @ http://c4c.localhost:4200/@fs/Users/peleg.katz/Desktop/cx-web-workspace/libs/query-builder/lucene/src/lib/ui/lucene-builder-shortcuts-tooltip/@ng/component?c=%2FUsers%2Fpeleg.katz%2FDesktop%2Fcx-web-workspace%2Flibs%2Fquery-builder%2Flucene%2Fsrc%2Flib%2Fui%2Flucene-builder-shortcuts-tooltip%2Flucene-builder-shortcuts-tooltip.component.ts%40LuceneBuilderShortcutsTooltipComponent&t=1780289682775:0
[44348580ms] [ERROR] Failed to load resource: net::ERR_NETWORK_CHANGED @ http://c4c.localhost:4200/@fs/Users/peleg.katz/Desktop/cx-web-workspace/libs/query-builder/lucene/src/lib/components/lucene-query-builder-wrapper/@ng/component?c=%2FUsers%2Fpeleg.katz%2FDesktop%2Fcx-web-workspace%2Flibs%2Fquery-builder%2Flucene%2Fsrc%2Flib%2Fcomponents%2Flucene-query-builder-wrapper%2Flucene-query-builder-wrapper.component.ts%40LuceneQueryBuilderWrapperComponent&t=1780289682776:0
[44348580ms] [ERROR] Failed to load resource: net::ERR_NETWORK_CHANGED @ http://c4c.localhost:4200/@fs/Users/peleg.katz/Desktop/cx-web-workspace/libs/query-builder/lucene/src/lib/components/lucene-chip-builder/@ng/component?c=%2FUsers%2Fpeleg.katz%2FDesktop%2Fcx-web-workspace%2Flibs%2Fquery-builder%2Flucene%2Fsrc%2Flib%2Fcomponents%2Flucene-chip-builder%2Flucene-chip-builder.component.ts%40LuceneChipBuilderComponent&t=1780289682777:0
[44348580ms] [ERROR] Failed to load resource: net::ERR_NETWORK_CHANGED @ http://c4c.localhost:4200/@fs/Users/peleg.katz/Desktop/cx-web-workspace/libs/query-builder/lucene/src/lib/components/lucene-builder-editor-toggle/@ng/component?c=%2FUsers%2Fpeleg.katz%2FDesktop%2Fcx-web-workspace%2Flibs%2Fquery-builder%2Flucene%2Fsrc%2Flib%2Fcomponents%2Flucene-builder-editor-toggle%2Flucene-builder-editor-toggle.component.ts%40LuceneBuilderEditorToggleComponent&t=1780289682778:0
[44348580ms] [ERROR] TypeError: Failed to fetch dynamically imported module: http://c4c.localhost:4200/@fs/Users/peleg.katz/Desktop/cx-web-workspace/libs/editors/src/yaml-editor/@ng/component?c=%2FUsers%2Fpeleg.katz%2FDesktop%2Fcx-web-workspace%2Flibs%2Feditors%2Fsrc%2Fyaml-editor%2Fyaml-editor.component.ts%40YAMLEditorComponent&t=1780289682774 @ http://c4c.localhost:4200/@vite/client:509
[44348580ms] [ERROR] Failed to load resource: net::ERR_NETWORK_CHANGED @ http://c4c.localhost:4200/@fs/Users/peleg.katz/Desktop/cx-web-workspace/libs/infrastructure-explorer/src/lib/shared/components/renderer/empty-renderer/@ng/component?c=%2FUsers%2Fpeleg.katz%2FDesktop%2Fcx-web-workspace%2Flibs%2Finfrastructure-explorer%2Fsrc%2Flib%2Fshared%2Fcomponents%2Frenderer%2Fempty-renderer%2Fempty-renderer.component.ts%40EmptyRendererComponent&t=1780289682780:0
[44348580ms] [ERROR] TypeError: Failed to fetch dynamically imported module: http://c4c.localhost:4200/@fs/Users/peleg.katz/Desktop/cx-web-workspace/libs/editors/src/yaml-editor/components/yaml-input/@ng/component?c=%2FUsers%2Fpeleg.katz%2FDesktop%2Fcx-web-workspace%2Flibs%2Feditors%2Fsrc%2Fyaml-editor%2Fcomponents%2Fyaml-input%2Fyaml-input.component.ts%40YAMLInputComponent&t=1780289682774 @ http://c4c.localhost:4200/@vite/client:509
[44348580ms] [ERROR] TypeError: Failed to fetch dynamically imported module: http://c4c.localhost:4200/@fs/Users/peleg.katz/Desktop/cx-web-workspace/libs/query-builder/lucene/src/lib/ui/lucene-builder-disabled-tooltip/@ng/component?c=%2FUsers%2Fpeleg.katz%2FDesktop%2Fcx-web-workspace%2Flibs%2Fquery-builder%2Flucene%2Fsrc%2Flib%2Fui%2Flucene-builder-disabled-tooltip%2Flucene-builder-disabled-tooltip.component.ts%40LuceneBuilderDisabledTooltipComponent&t=1780289682774 @ http://c4c.localhost:4200/@vite/client:509
[44348580ms] [ERROR] Failed to load resource: net::ERR_NETWORK_CHANGED @ http://c4c.localhost:4200/@fs/Users/peleg.katz/Desktop/cx-web-workspace/libs/infrastructure-explorer/src/lib/shared/components/renderer/infra-trendline-value-tooltip/@ng/component?c=%2FUsers%2Fpeleg.katz%2FDesktop%2Fcx-web-workspace%2Flibs%2Finfrastructure-explorer%2Fsrc%2Flib%2Fshared%2Fcomponents%2Frenderer%2Finfra-trendline-value-tooltip%2Finfra-trendline-value-tooltip.component.ts%40InfraTrendlineValueTooltipComponent&t=1780289682780:0
[44348580ms] [ERROR] TypeError: Failed to fetch dynamically imported module: http://c4c.localhost:4200/@fs/Users/peleg.katz/Desktop/cx-web-workspace/libs/query-builder/lucene/src/lib/ui/lucene-builder-shortcuts-tooltip/@ng/component?c=%2FUsers%2Fpeleg.katz%2FDesktop%2Fcx-web-workspace%2Flibs%2Fquery-builder%2Flucene%2Fsrc%2Flib%2Fui%2Flucene-builder-shortcuts-tooltip%2Flucene-builder-shortcuts-tooltip.component.ts%40LuceneBuilderShortcutsTooltipComponent&t=1780289682775 @ http://c4c.localhost:4200/@vite/client:509
[44348580ms] [ERROR] TypeError: Failed to fetch dynamically imported module: http://c4c.localhost:4200/@fs/Users/peleg.katz/Desktop/cx-web-workspace/libs/query-builder/lucene/src/lib/components/lucene-query-builder-wrapper/@ng/component?c=%2FUsers%2Fpeleg.katz%2FDesktop%2Fcx-web-workspace%2Flibs%2Fquery-builder%2Flucene%2Fsrc%2Flib%2Fcomponents%2Flucene-query-builder-wrapper%2Flucene-query-builder-wrapper.component.ts%40LuceneQueryBuilderWrapperComponent&t=1780289682776 @ http://c4c.localhost:4200/@vite/client:509
[44348580ms] [ERROR] TypeError: Failed to fetch dynamically imported module: http://c4c.localhost:4200/@fs/Users/peleg.katz/Desktop/cx-web-workspace/libs/query-builder/lucene/src/lib/components/lucene-chip-builder/@ng/component?c=%2FUsers%2Fpeleg.katz%2FDesktop%2Fcx-web-workspace%2Flibs%2Fquery-builder%2Flucene%2Fsrc%2Flib%2Fcomponents%2Flucene-chip-builder%2Flucene-chip-builder.component.ts%40LuceneChipBuilderComponent&t=1780289682777 @ http://c4c.localhost:4200/@vite/client:509
[44348580ms] [ERROR] TypeError: Failed to fetch dynamically imported module: http://c4c.localhost:4200/@fs/Users/peleg.katz/Desktop/cx-web-workspace/libs/query-builder/lucene/src/lib/components/lucene-builder-editor-toggle/@ng/component?c=%2FUsers%2Fpeleg.katz%2FDesktop%2Fcx-web-workspace%2Flibs%2Fquery-builder%2Flucene%2Fsrc%2Flib%2Fcomponents%2Flucene-builder-editor-toggle%2Flucene-builder-editor-toggle.component.ts%40LuceneBuilderEditorToggleComponent&t=1780289682778 @ http://c4c.localhost:4200/@vite/client:509
[44348580ms] [ERROR] Failed to load resource: net::ERR_NETWORK_CHANGED @ http://c4c.localhost:4200/@fs/Users/peleg.katz/Desktop/cx-web-workspace/libs/infrastructure-explorer/src/lib/shared/components/renderer/cell/age-renderer-cell/@ng/component?c=%2FUsers%2Fpeleg.katz%2FDesktop%2Fcx-web-workspace%2Flibs%2Finfrastructure-explorer%2Fsrc%2Flib%2Fshared%2Fcomponents%2Frenderer%2Fcell%2Fage-renderer-cell%2Fage-renderer-cell.component.ts%40AgeRendererCellComponent&t=1780289682781:0
[44348581ms] [ERROR] TypeError: Failed to fetch dynamically imported module: http://c4c.localhost:4200/@fs/Users/peleg.katz/Desktop/cx-web-workspace/libs/infrastructure-explorer/src/lib/shared/components/renderer/empty-renderer/@ng/component?c=%2FUsers%2Fpeleg.katz%2FDesktop%2Fcx-web-workspace%2Flibs%2Finfrastructure-explorer%2Fsrc%2Flib%2Fshared%2Fcomponents%2Frenderer%2Fempty-renderer%2Fempty-renderer.component.ts%40EmptyRendererComponent&t=1780289682780 @ http://c4c.localhost:4200/@vite/client:509
[44348581ms] [ERROR] Failed to load resource: net::ERR_NETWORK_CHANGED @ http://c4c.localhost:4200/@fs/Users/peleg.katz/Desktop/cx-web-workspace/libs/infrastructure-explorer/src/lib/shared/components/renderer/cell/icon-renderer-cell/@ng/component?c=%2FUsers%2Fpeleg.katz%2FDesktop%2Fcx-web-workspace%2Flibs%2Finfrastructure-explorer%2Fsrc%2Flib%2Fshared%2Fcomponents%2Frenderer%2Fcell%2Ficon-renderer-cell%2Ficon-renderer-cell.component.ts%40IconRendererCellComponent&t=1780289682781:0
[44348581ms] [ERROR] Failed to load resource: net::ERR_NETWORK_CHANGED @ http://c4c.localhost:4200/@fs/Users/peleg.katz/Desktop/cx-web-workspace/libs/infrastructure-explorer/src/lib/shared/components/renderer/cell/number-renderer-cell/@ng/component?c=%2FUsers%2Fpeleg.katz%2FDesktop%2Fcx-web-workspace%2Flibs%2Finfrastructure-explorer%2Fsrc%2Flib%2Fshared%2Fcomponents%2Frenderer%2Fcell%2Fnumber-renderer-cell%2Fnumber-renderer-cell.component.ts%40NumberRendererCellComponent&t=1780289682781:0
[44348581ms] [ERROR] Failed to load resource: net::ERR_NETWORK_CHANGED @ http://c4c.localhost:4200/@fs/Users/peleg.katz/Desktop/cx-web-workspace/libs/infrastructure-explorer/src/lib/shared/components/catalog-drilldown-header-title/@ng/component?c=%2FUsers%2Fpeleg.katz%2FDesktop%2Fcx-web-workspace%2Flibs%2Finfrastructure-explorer%2Fsrc%2Flib%2Fshared%2Fcomponents%2Fcatalog-drilldown-header-title%2Fcatalog-drilldown-header-title.component.ts%40CatalogDrilldownHeaderTitleComponent&t=1780289682783:0
[44348581ms] [ERROR] Failed to load resource: net::ERR_NETWORK_CHANGED @ http://c4c.localhost:4200/oniguruma-028da4b9.wasm:0
[44348581ms] [ERROR] TypeError: Failed to fetch
    at http://c4c.localhost:4200/@fs/Users/peleg.katz/Desktop/cx-web-workspace/node_modules/.vite/web-app-oxc/deps/zone__js.js?v=c8e720dd:1863:28
    at proto.<computed> (http://c4c.localhost:4200/@fs/Users/peleg.katz/Desktop/cx-web-workspace/node_modules/.vite/web-app-oxc/deps/zone__js.js?v=c8e720dd:677:12)
    at fetchArrayBuffer (http://c4c.localhost:4200/@fs/Users/peleg.katz/Desktop/cx-web-workspace/libs/dataprime/src/utils/dataprime-wasm-loader.ts:38:20)
    at fetchUint8Array (http://c4c.localhost:4200/@fs/Users/peleg.katz/Desktop/cx-web-workspace/libs/dataprime/src/utils/dataprime-wasm-loader.ts:44:35)
    at loadOniguruma (http://c4c.localhost:4200/@fs/Users/peleg.katz/Desktop/cx-web-workspace/libs/dataprime/src/utils/dataprime-wasm-loader.ts:34:23)
    at loadLuceneDataPrimeWasm (http://c4c.localhost:4200/@fs/Users/peleg.katz/Desktop/cx-web-workspace/libs/dataprime/src/utils/dataprime-wasm-loader.ts:18:26)
    at http://c4c.localhost:4200/@fs/Users/peleg.katz/Desktop/cx-web-workspace/libs/infrastructure-explorer/src/lib/shared/utils/dataprime.utils.ts:6:48 @ http://c4c.localhost:4200/@vite/client:509
[44348581ms] [ERROR] TypeError: Failed to fetch dynamically imported module: http://c4c.localhost:4200/@fs/Users/peleg.katz/Desktop/cx-web-workspace/libs/infrastructure-explorer/src/lib/shared/components/renderer/infra-trendline-value-tooltip/@ng/component?c=%2FUsers%2Fpeleg.katz%2FDesktop%2Fcx-web-workspace%2Flibs%2Finfrastructure-explorer%2Fsrc%2Flib%2Fshared%2Fcomponents%2Frenderer%2Finfra-trendline-value-tooltip%2Finfra-trendline-value-tooltip.component.ts%40InfraTrendlineValueTooltipComponent&t=1780289682780 @ http://c4c.localhost:4200/@vite/client:509
[44348581ms] [ERROR] Failed to load resource: net::ERR_NETWORK_CHANGED @ http://c4c.localhost:4200/@fs/Users/peleg.katz/Desktop/cx-web-workspace/libs/infrastructure-explorer/src/lib/shared/components/catalog-search/@ng/component?c=%2FUsers%2Fpeleg.katz%2FDesktop%2Fcx-web-workspace%2Flibs%2Finfrastructure-explorer%2Fsrc%2Flib%2Fshared%2Fcomponents%2Fcatalog-search%2Fcatalog-search.abstract.component.ts%40CatalogSearchAbstractComponent&t=1780289682826:0
[44348581ms] [ERROR] Failed to load resource: net::ERR_NETWORK_CHANGED @ http://c4c.localhost:4200/@fs/Users/peleg.katz/Desktop/cx-web-workspace/libs/infrastructure-explorer/src/lib/shared/components/drilldown-section-wrapper/@ng/component?c=%2FUsers%2Fpeleg.katz%2FDesktop%2Fcx-web-workspace%2Flibs%2Finfrastructure-explorer%2Fsrc%2Flib%2Fshared%2Fcomponents%2Fdrilldown-section-wrapper%2Fdrilldown-section-wrapper.component.ts%40DrilldownSectionWrapperComponent&t=1780289682827:0
[44348581ms] [ERROR] Failed to load resource: net::ERR_NETWORK_CHANGED @ http://c4c.localhost:4200/@fs/Users/peleg.katz/Desktop/cx-web-workspace/libs/infrastructure-explorer/src/lib/shared/components/empty-data/@ng/component?c=%2FUsers%2Fpeleg.katz%2FDesktop%2Fcx-web-workspace%2Flibs%2Finfrastructure-explorer%2Fsrc%2Flib%2Fshared%2Fcomponents%2Fempty-data%2Fempty-data.component.ts%40EmptyDataComponent&t=1780289682827:0
[44348581ms] [ERROR] Failed to load resource: net::ERR_NETWORK_CHANGED @ http://c4c.localhost:4200/@fs/Users/peleg.katz/Desktop/cx-web-workspace/libs/infrastructure-explorer/src/lib/shared/components/info-header/@ng/component?c=%2FUsers%2Fpeleg.katz%2FDesktop%2Fcx-web-workspace%2Flibs%2Finfrastructure-explorer%2Fsrc%2Flib%2Fshared%2Fcomponents%2Finfo-header%2Finfo-header.component.ts%40InfoHeaderComponent&t=1780289682828:0
[44348581ms] [ERROR] TypeError: Failed to fetch dynamically imported module: http://c4c.localhost:4200/@fs/Users/peleg.katz/Desktop/cx-web-workspace/libs/infrastructure-explorer/src/lib/shared/components/renderer/cell/age-renderer-cell/@ng/component?c=%2FUsers%2Fpeleg.katz%2FDesktop%2Fcx-web-workspace%2Flibs%2Finfrastructure-explorer%2Fsrc%2Flib%2Fshared%2Fcomponents%2Frenderer%2Fcell%2Fage-renderer-cell%2Fage-renderer-cell.component.ts%40AgeRendererCellComponent&t=1780289682781 @ http://c4c.localhost:4200/@vite/client:509
[44348581ms] [ERROR] Failed to load resource: net::ERR_NETWORK_CHANGED @ http://c4c.localhost:4200/@fs/Users/peleg.katz/Desktop/cx-web-workspace/libs/infrastructure-explorer/src/lib/shared/components/integration-banner/@ng/component?c=%2FUsers%2Fpeleg.katz%2FDesktop%2Fcx-web-workspace%2Flibs%2Finfrastructure-explorer%2Fsrc%2Flib%2Fshared%2Fcomponents%2Fintegration-banner%2Fintegration-banner.component.ts%40IntegrationBannerComponent&t=1780289682828:0
[44348581ms] [ERROR] TypeError: Failed to fetch dynamically imported module: http://c4c.localhost:4200/@fs/Users/peleg.katz/Desktop/cx-web-workspace/libs/infrastructure-explorer/src/lib/shared/components/renderer/cell/icon-renderer-cell/@ng/component?c=%2FUsers%2Fpeleg.katz%2FDesktop%2Fcx-web-workspace%2Flibs%2Finfrastructure-explorer%2Fsrc%2Flib%2Fshared%2Fcomponents%2Frenderer%2Fcell%2Ficon-renderer-cell%2Ficon-renderer-cell.component.ts%40IconRendererCellComponent&t=1780289682781 @ http://c4c.localhost:4200/@vite/client:509
[44348581ms] [ERROR] TypeError: Failed to fetch dynamically imported module: http://c4c.localhost:4200/@fs/Users/peleg.katz/Desktop/cx-web-workspace/libs/infrastructure-explorer/src/lib/shared/components/renderer/cell/number-renderer-cell/@ng/component?c=%2FUsers%2Fpeleg.katz%2FDesktop%2Fcx-web-workspace%2Flibs%2Finfrastructure-explorer%2Fsrc%2Flib%2Fshared%2Fcomponents%2Frenderer%2Fcell%2Fnumber-renderer-cell%2Fnumber-renderer-cell.component.ts%40NumberRendererCellComponent&t=1780289682781 @ http://c4c.localhost:4200/@vite/client:509
[44348581ms] [ERROR] Failed to load resource: net::ERR_NETWORK_CHANGED @ http://c4c.localhost:4200/@fs/Users/peleg.katz/Desktop/cx-web-workspace/libs/infrastructure-explorer/src/lib/shared/components/renderer/cell/chip-renderer-cell/@ng/component?c=%2FUsers%2Fpeleg.katz%2FDesktop%2Fcx-web-workspace%2Flibs%2Finfrastructure-explorer%2Fsrc%2Flib%2Fshared%2Fcomponents%2Frenderer%2Fcell%2Fchip-renderer-cell%2Fchip-renderer-cell.component.ts%40ChipRendererCellComponent&t=1780289682829:0
[44348581ms] [ERROR] Failed to load resource: net::ERR_NETWORK_CHANGED @ http://c4c.localhost:4200/@fs/Users/peleg.katz/Desktop/cx-web-workspace/libs/infrastructure-explorer/src/lib/shared/components/renderer/cell/health-indicator-renderer-cell/@ng/component?c=%2FUsers%2Fpeleg.katz%2FDesktop%2Fcx-web-workspace%2Flibs%2Finfrastructure-explorer%2Fsrc%2Flib%2Fshared%2Fcomponents%2Frenderer%2Fcell%2Fhealth-indicator-renderer-cell%2Fhealth-indicator-renderer-cell.component.ts%40HealthIndicatorCellComponent&t=1780289682829:0
[44348581ms] [ERROR] TypeError: Failed to fetch dynamically imported module: http://c4c.localhost:4200/@fs/Users/peleg.katz/Desktop/cx-web-workspace/libs/infrastructure-explorer/src/lib/shared/components/catalog-drilldown-header-title/@ng/component?c=%2FUsers%2Fpeleg.katz%2FDesktop%2Fcx-web-workspace%2Flibs%2Finfrastructure-explorer%2Fsrc%2Flib%2Fshared%2Fcomponents%2Fcatalog-drilldown-header-title%2Fcatalog-drilldown-header-title.component.ts%40CatalogDrilldownHeaderTitleComponent&t=1780289682783 @ http://c4c.localhost:4200/@vite/client:509
[44348582ms] [ERROR] Failed to load resource: net::ERR_NETWORK_CHANGED @ http://c4c.localhost:4200/@fs/Users/peleg.katz/Desktop/cx-web-workspace/libs/infrastructure-explorer/src/lib/shared/components/renderer/cell/ratio-renderer-cell/@ng/component?c=%2FUsers%2Fpeleg.katz%2FDesktop%2Fcx-web-workspace%2Flibs%2Finfrastructure-explorer%2Fsrc%2Flib%2Fshared%2Fcomponents%2Frenderer%2Fcell%2Fratio-renderer-cell%2Fratio-renderer-cell.component.ts%40RatioRendererCellComponent&t=1780289682830:0
[44348582ms] [ERROR] Failed to load resource: net::ERR_NETWORK_CHANGED @ http://c4c.localhost:4200/@fs/Users/peleg.katz/Desktop/cx-web-workspace/libs/infrastructure-explorer/src/lib/shared/components/renderer/cell/text-renderer-cell/@ng/component?c=%2FUsers%2Fpeleg.katz%2FDesktop%2Fcx-web-workspace%2Flibs%2Finfrastructure-explorer%2Fsrc%2Flib%2Fshared%2Fcomponents%2Frenderer%2Fcell%2Ftext-renderer-cell%2Ftext-renderer-cell.component.ts%40TextRendererCellComponent&t=1780289682830:0
[44348582ms] [ERROR] Failed to load resource: net::ERR_NETWORK_CHANGED @ http://c4c.localhost:4200/@fs/Users/peleg.katz/Desktop/cx-web-workspace/libs/infrastructure-explorer/src/lib/shared/components/renderer/cell/percentage-bar-renderer-cell/@ng/component?c=%2FUsers%2Fpeleg.katz%2FDesktop%2Fcx-web-workspace%2Flibs%2Finfrastructure-explorer%2Fsrc%2Flib%2Fshared%2Fcomponents%2Frenderer%2Fcell%2Fpercentage-bar-renderer-cell%2Fpercentage-bar-renderer-cell.component.ts%40PercentageBarRendererCellComponent&t=1780289682830:0
[44348582ms] [ERROR] Failed to load resource: net::ERR_NETWORK_CHANGED @ http://c4c.localhost:4200/@fs/Users/peleg.katz/Desktop/cx-web-workspace/libs/infrastructure-explorer/src/lib/shared/components/renderer/cell/timestamp-renderer-cell/@ng/component?c=%2FUsers%2Fpeleg.katz%2FDesktop%2Fcx-web-workspace%2Flibs%2Finfrastructure-explorer%2Fsrc%2Flib%2Fshared%2Fcomponents%2Frenderer%2Fcell%2Ftimestamp-renderer-cell%2Ftimestamp-renderer-cell.component.ts%40TimestampRendererCellComponent&t=1780289682830:0
[44348582ms] [ERROR] TypeError: Failed to fetch dynamically imported module: http://c4c.localhost:4200/@fs/Users/peleg.katz/Desktop/cx-web-workspace/libs/infrastructure-explorer/src/lib/shared/components/catalog-search/@ng/component?c=%2FUsers%2Fpeleg.katz%2FDesktop%2Fcx-web-workspace%2Flibs%2Finfrastructure-explorer%2Fsrc%2Flib%2Fshared%2Fcomponents%2Fcatalog-search%2Fcatalog-search.abstract.component.ts%40CatalogSearchAbstractComponent&t=1780289682826 @ http://c4c.localhost:4200/@vite/client:509
[44348582ms] [ERROR] Failed to load resource: net::ERR_NETWORK_CHANGED @ http://c4c.localhost:4200/@fs/Users/peleg.katz/Desktop/cx-web-workspace/libs/infrastructure-explorer/src/lib/shared/components/renderer/cell/unit-renderer-cell/@ng/component?c=%2FUsers%2Fpeleg.katz%2FDesktop%2Fcx-web-workspace%2Flibs%2Finfrastructure-explorer%2Fsrc%2Flib%2Fshared%2Fcomponents%2Frenderer%2Fcell%2Funit-renderer-cell%2Funit-renderer-cell.component.ts%40UnitRendererCellComponent&t=1780289682831:0
[44348582ms] [ERROR] TypeError: Failed to fetch dynamically imported module: http://c4c.localhost:4200/@fs/Users/peleg.katz/Desktop/cx-web-workspace/libs/infrastructure-explorer/src/lib/shared/components/drilldown-section-wrapper/@ng/component?c=%2FUsers%2Fpeleg.katz%2FDesktop%2Fcx-web-workspace%2Flibs%2Finfrastructure-explorer%2Fsrc%2Flib%2Fshared%2Fcomponents%2Fdrilldown-section-wrapper%2Fdrilldown-section-wrapper.component.ts%40DrilldownSectionWrapperComponent&t=1780289682827 @ http://c4c.localhost:4200/@vite/client:509
[44348582ms] [ERROR] TypeError: Failed to fetch dynamically imported module: http://c4c.localhost:4200/@fs/Users/peleg.katz/Desktop/cx-web-workspace/libs/infrastructure-explorer/src/lib/shared/components/empty-data/@ng/component?c=%2FUsers%2Fpeleg.katz%2FDesktop%2Fcx-web-workspace%2Flibs%2Finfrastructure-explorer%2Fsrc%2Flib%2Fshared%2Fcomponents%2Fempty-data%2Fempty-data.component.ts%40EmptyDataComponent&t=1780289682827 @ http://c4c.localhost:4200/@vite/client:509
[44348582ms] [ERROR] TypeError: Failed to fetch dynamically imported module: http://c4c.localhost:4200/@fs/Users/peleg.katz/Desktop/cx-web-workspace/libs/infrastructure-explorer/src/lib/shared/components/info-header/@ng/component?c=%2FUsers%2Fpeleg.katz%2FDesktop%2Fcx-web-workspace%2Flibs%2Finfrastructure-explorer%2Fsrc%2Flib%2Fshared%2Fcomponents%2Finfo-header%2Finfo-header.component.ts%40InfoHeaderComponent&t=1780289682828 @ http://c4c.localhost:4200/@vite/client:509
[44348582ms] [ERROR] Failed to load resource: net::ERR_NETWORK_CHANGED @ http://c4c.localhost:4200/@fs/Users/peleg.katz/Desktop/cx-web-workspace/libs/infrastructure-explorer/src/lib/shared/components/renderer/cell/actions-menu-cell/@ng/component?c=%2FUsers%2Fpeleg.katz%2FDesktop%2Fcx-web-workspace%2Flibs%2Finfrastructure-explorer%2Fsrc%2Flib%2Fshared%2Fcomponents%2Frenderer%2Fcell%2Factions-menu-cell%2Factions-menu-renderer-cell.component.ts%40ActionsMenuRendererCellComponent&t=1780289682831:0
[44348582ms] [ERROR] TypeError: Failed to fetch dynamically imported module: http://c4c.localhost:4200/@fs/Users/peleg.katz/Desktop/cx-web-workspace/libs/infrastructure-explorer/src/lib/shared/components/integration-banner/@ng/component?c=%2FUsers%2Fpeleg.katz%2FDesktop%2Fcx-web-workspace%2Flibs%2Finfrastructure-explorer%2Fsrc%2Flib%2Fshared%2Fcomponents%2Fintegration-banner%2Fintegration-banner.component.ts%40IntegrationBannerComponent&t=1780289682828 @ http://c4c.localhost:4200/@vite/client:509
[44348582ms] [ERROR] Failed to load resource: net::ERR_NETWORK_CHANGED @ http://c4c.localhost:4200/@fs/Users/peleg.katz/Desktop/cx-web-workspace/libs/infrastructure-explorer/src/lib/shared/components/renderer/live/@ng/component?c=%2FUsers%2Fpeleg.katz%2FDesktop%2Fcx-web-workspace%2Flibs%2Finfrastructure-explorer%2Fsrc%2Flib%2Fshared%2Fcomponents%2Frenderer%2Flive%2Flive-status.component.ts%40LiveStatusComponent&t=1780289682831:0
[44348582ms] [ERROR] Failed to load resource: net::ERR_NETWORK_CHANGED @ http://c4c.localhost:4200/@fs/Users/peleg.katz/Desktop/cx-web-workspace/libs/infrastructure-explorer/src/lib/shared/components/renderer/group-renderer/@ng/component?c=%2FUsers%2Fpeleg.katz%2FDesktop%2Fcx-web-workspace%2Flibs%2Finfrastructure-explorer%2Fsrc%2Flib%2Fshared%2Fcomponents%2Frenderer%2Fgroup-renderer%2Fbase-group-renderer.component.ts%40BaseGroupRendererComponent&t=1780289682832:0
[44348582ms] [ERROR] Failed to load resource: net::ERR_NETWORK_CHANGED @ http://c4c.localhost:4200/@fs/Users/peleg.katz/Desktop/cx-web-workspace/libs/infrastructure-explorer/src/lib/shared/components/renderer/group-renderer/@ng/component?c=%2FUsers%2Fpeleg.katz%2FDesktop%2Fcx-web-workspace%2Flibs%2Finfrastructure-explorer%2Fsrc%2Flib%2Fshared%2Fcomponents%2Frenderer%2Fgroup-renderer%2Fgroup-renderer.component.ts%40GroupCellRendererComponent&t=1780289682832:0
[44348582ms] [ERROR] Failed to load resource: net::ERR_NETWORK_CHANGED @ http://c4c.localhost:4200/@fs/Users/peleg.katz/Desktop/cx-web-workspace/libs/infrastructure-explorer/src/lib/shared/components/subnavigation/navigation-item/@ng/component?c=%2FUsers%2Fpeleg.katz%2FDesktop%2Fcx-web-workspace%2Flibs%2Finfrastructure-explorer%2Fsrc%2Flib%2Fshared%2Fcomponents%2Fsubnavigation%2Fnavigation-item%2Fnavigation-item.component.ts%40NavigationItemComponent&t=1780289682832:0
[44348582ms] [ERROR] Failed to load resource: net::ERR_NETWORK_CHANGED @ http://c4c.localhost:4200/@fs/Users/peleg.katz/Desktop/cx-web-workspace/libs/infrastructure-explorer/src/lib/shared/components/subnavigation/@ng/component?c=%2FUsers%2Fpeleg.katz%2FDesktop%2Fcx-web-workspace%2Flibs%2Finfrastructure-explorer%2Fsrc%2Flib%2Fshared%2Fcomponents%2Fsubnavigation%2Fsubnavigation.component.ts%40SubnavigationComponent&t=1780289682833:0
[44348582ms] [ERROR] Failed to load resource: net::ERR_NETWORK_CHANGED @ http://c4c.localhost:4200/@fs/Users/peleg.katz/Desktop/cx-web-workspace/libs/infrastructure-explorer/src/lib/shared/components/widget/@ng/component?c=%2FUsers%2Fpeleg.katz%2FDesktop%2Fcx-web-workspace%2Flibs%2Finfrastructure-explorer%2Fsrc%2Flib%2Fshared%2Fcomponents%2Fwidget%2Fwidget-wrapper.component.ts%40WidgetWrapperComponent&t=1780289682833:0
[44348582ms] [ERROR] Failed to load resource: net::ERR_NETWORK_CHANGED @ http://c4c.localhost:4200/@fs/Users/peleg.katz/Desktop/cx-web-workspace/libs/infrastructure-explorer/src/lib/shared/components/renderer/status-detailed-tooltip/@ng/component?c=%2FUsers%2Fpeleg.katz%2FDesktop%2Fcx-web-workspace%2Flibs%2Finfrastructure-explorer%2Fsrc%2Flib%2Fshared%2Fcomponents%2Frenderer%2Fstatus-detailed-tooltip%2Fstatus-detailed-tooltip.component.ts%40StatusDetailedTooltipComponent&t=1780289682834:0
[44348582ms] [ERROR] TypeError: Failed to fetch dynamically imported module: http://c4c.localhost:4200/@fs/Users/peleg.katz/Desktop/cx-web-workspace/libs/infrastructure-explorer/src/lib/shared/components/renderer/cell/chip-renderer-cell/@ng/component?c=%2FUsers%2Fpeleg.katz%2FDesktop%2Fcx-web-workspace%2Flibs%2Finfrastructure-explorer%2Fsrc%2Flib%2Fshared%2Fcomponents%2Frenderer%2Fcell%2Fchip-renderer-cell%2Fchip-renderer-cell.component.ts%40ChipRendererCellComponent&t=1780289682829 @ http://c4c.localhost:4200/@vite/client:509
[44348582ms] [ERROR] TypeError: Failed to fetch dynamically imported module: http://c4c.localhost:4200/@fs/Users/peleg.katz/Desktop/cx-web-workspace/libs/infrastructure-explorer/src/lib/shared/components/renderer/cell/health-indicator-renderer-cell/@ng/component?c=%2FUsers%2Fpeleg.katz%2FDesktop%2Fcx-web-workspace%2Flibs%2Finfrastructure-explorer%2Fsrc%2Flib%2Fshared%2Fcomponents%2Frenderer%2Fcell%2Fhealth-indicator-renderer-cell%2Fhealth-indicator-renderer-cell.component.ts%40HealthIndicatorCellComponent&t=1780289682829 @ http://c4c.localhost:4200/@vite/client:509
[44348582ms] [ERROR] TypeError: Failed to fetch dynamically imported module: http://c4c.localhost:4200/@fs/Users/peleg.katz/Desktop/cx-web-workspace/libs/infrastructure-explorer/src/lib/shared/components/renderer/cell/ratio-renderer-cell/@ng/component?c=%2FUsers%2Fpeleg.katz%2FDesktop%2Fcx-web-workspace%2Flibs%2Finfrastructure-explorer%2Fsrc%2Flib%2Fshared%2Fcomponents%2Frenderer%2Fcell%2Fratio-renderer-cell%2Fratio-renderer-cell.component.ts%40RatioRendererCellComponent&t=1780289682830 @ http://c4c.localhost:4200/@vite/client:509
[44348582ms] [ERROR] TypeError: Failed to fetch dynamically imported module: http://c4c.localhost:4200/@fs/Users/peleg.katz/Desktop/cx-web-workspace/libs/infrastructure-explorer/src/lib/shared/components/renderer/cell/text-renderer-cell/@ng/component?c=%2FUsers%2Fpeleg.katz%2FDesktop%2Fcx-web-workspace%2Flibs%2Finfrastructure-explorer%2Fsrc%2Flib%2Fshared%2Fcomponents%2Frenderer%2Fcell%2Ftext-renderer-cell%2Ftext-renderer-cell.component.ts%40TextRendererCellComponent&t=1780289682830 @ http://c4c.localhost:4200/@vite/client:509
[44348582ms] [ERROR] TypeError: Failed to fetch dynamically imported module: http://c4c.localhost:4200/@fs/Users/peleg.katz/Desktop/cx-web-workspace/libs/infrastructure-explorer/src/lib/shared/components/renderer/cell/percentage-bar-renderer-cell/@ng/component?c=%2FUsers%2Fpeleg.katz%2FDesktop%2Fcx-web-workspace%2Flibs%2Finfrastructure-explorer%2Fsrc%2Flib%2Fshared%2Fcomponents%2Frenderer%2Fcell%2Fpercentage-bar-renderer-cell%2Fpercentage-bar-renderer-cell.component.ts%40PercentageBarRendererCellComponent&t=1780289682830 @ http://c4c.localhost:4200/@vite/client:509
[44348583ms] [ERROR] TypeError: Failed to fetch dynamically imported module: http://c4c.localhost:4200/@fs/Users/peleg.katz/Desktop/cx-web-workspace/libs/infrastructure-explorer/src/lib/shared/components/renderer/cell/timestamp-renderer-cell/@ng/component?c=%2FUsers%2Fpeleg.katz%2FDesktop%2Fcx-web-workspace%2Flibs%2Finfrastructure-explorer%2Fsrc%2Flib%2Fshared%2Fcomponents%2Frenderer%2Fcell%2Ftimestamp-renderer-cell%2Ftimestamp-renderer-cell.component.ts%40TimestampRendererCellComponent&t=1780289682830 @ http://c4c.localhost:4200/@vite/client:509
[44348583ms] [ERROR] TypeError: Failed to fetch dynamically imported module: http://c4c.localhost:4200/@fs/Users/peleg.katz/Desktop/cx-web-workspace/libs/infrastructure-explorer/src/lib/shared/components/renderer/cell/unit-renderer-cell/@ng/component?c=%2FUsers%2Fpeleg.katz%2FDesktop%2Fcx-web-workspace%2Flibs%2Finfrastructure-explorer%2Fsrc%2Flib%2Fshared%2Fcomponents%2Frenderer%2Fcell%2Funit-renderer-cell%2Funit-renderer-cell.component.ts%40UnitRendererCellComponent&t=1780289682831 @ http://c4c.localhost:4200/@vite/client:509
[44348583ms] [ERROR] Failed to load resource: net::ERR_NETWORK_CHANGED @ http://c4c.localhost:4200/@fs/Users/peleg.katz/Desktop/cx-web-workspace/libs/infrastructure-explorer/src/lib/shared/components/renderer/cell/status-renderer-cell/@ng/component?c=%2FUsers%2Fpeleg.katz%2FDesktop%2Fcx-web-workspace%2Flibs%2Finfrastructure-explorer%2Fsrc%2Flib%2Fshared%2Fcomponents%2Frenderer%2Fcell%2Fstatus-renderer-cell%2Fstatus-renderer-cell.component.ts%40StatusRendererCellComponent&t=1780289682834:0
[44348583ms] [ERROR] Failed to load resource: net::ERR_NETWORK_CHANGED @ http://c4c.localhost:4200/@fs/Users/peleg.katz/Desktop/cx-web-workspace/libs/infrastructure-explorer/src/lib/pages/catalog/catalog-grid-toolbar/@ng/component?c=%2FUsers%2Fpeleg.katz%2FDesktop%2Fcx-web-workspace%2Flibs%2Finfrastructure-explorer%2Fsrc%2Flib%2Fpages%2Fcatalog%2Fcatalog-grid-toolbar%2Fcatalog-grid-toolbar.component.ts%40CatalogGridToolbarComponent&t=1780289682836:0
[44348583ms] [ERROR] Failed to load resource: net::ERR_NETWORK_CHANGED @ http://c4c.localhost:4200/@fs/Users/peleg.katz/Desktop/cx-web-workspace/libs/infrastructure-explorer/src/lib/pages/catalog/catalog-grid/catalog-grid-empty-state/@ng/component?c=%2FUsers%2Fpeleg.katz%2FDesktop%2Fcx-web-workspace%2Flibs%2Finfrastructure-explorer%2Fsrc%2Flib%2Fpages%2Fcatalog%2Fcatalog-grid%2Fcatalog-grid-empty-state%2Fcatalog-grid-empty-state.component.ts%40CatalogGridEmptyStateComponent&t=1780289682836:0
[44348583ms] [ERROR] Failed to load resource: net::ERR_NETWORK_CHANGED @ http://c4c.localhost:4200/@fs/Users/peleg.katz/Desktop/cx-web-workspace/libs/infrastructure-explorer/src/lib/shared/components/renderer/trendline-skeleton-cell/@ng/component?c=%2FUsers%2Fpeleg.katz%2FDesktop%2Fcx-web-workspace%2Flibs%2Finfrastructure-explorer%2Fsrc%2Flib%2Fshared%2Fcomponents%2Frenderer%2Ftrendline-skeleton-cell%2Ftrendline-skeleton-cell.component.ts%40TrendlineSkeletonCellComponent&t=1780289682836:0
[44348583ms] [ERROR] TypeError: Failed to fetch dynamically imported module: http://c4c.localhost:4200/@fs/Users/peleg.katz/Desktop/cx-web-workspace/libs/infrastructure-explorer/src/lib/shared/components/renderer/cell/actions-menu-cell/@ng/component?c=%2FUsers%2Fpeleg.katz%2FDesktop%2Fcx-web-workspace%2Flibs%2Finfrastructure-explorer%2Fsrc%2Flib%2Fshared%2Fcomponents%2Frenderer%2Fcell%2Factions-menu-cell%2Factions-menu-renderer-cell.component.ts%40ActionsMenuRendererCellComponent&t=1780289682831 @ http://c4c.localhost:4200/@vite/client:509
[44348583ms] [ERROR] TypeError: Failed to fetch dynamically imported module: http://c4c.localhost:4200/@fs/Users/peleg.katz/Desktop/cx-web-workspace/libs/infrastructure-explorer/src/lib/shared/components/renderer/live/@ng/component?c=%2FUsers%2Fpeleg.katz%2FDesktop%2Fcx-web-workspace%2Flibs%2Finfrastructure-explorer%2Fsrc%2Flib%2Fshared%2Fcomponents%2Frenderer%2Flive%2Flive-status.component.ts%40LiveStatusComponent&t=1780289682831 @ http://c4c.localhost:4200/@vite/client:509
[44348583ms] [ERROR] TypeError: Failed to fetch dynamically imported module: http://c4c.localhost:4200/@fs/Users/peleg.katz/Desktop/cx-web-workspace/libs/infrastructure-explorer/src/lib/shared/components/renderer/group-renderer/@ng/component?c=%2FUsers%2Fpeleg.katz%2FDesktop%2Fcx-web-workspace%2Flibs%2Finfrastructure-explorer%2Fsrc%2Flib%2Fshared%2Fcomponents%2Frenderer%2Fgroup-renderer%2Fbase-group-renderer.component.ts%40BaseGroupRendererComponent&t=1780289682832 @ http://c4c.localhost:4200/@vite/client:509
[44348583ms] [ERROR] TypeError: Failed to fetch dynamically imported module: http://c4c.localhost:4200/@fs/Users/peleg.katz/Desktop/cx-web-workspace/libs/infrastructure-explorer/src/lib/shared/components/renderer/group-renderer/@ng/component?c=%2FUsers%2Fpeleg.katz%2FDesktop%2Fcx-web-workspace%2Flibs%2Finfrastructure-explorer%2Fsrc%2Flib%2Fshared%2Fcomponents%2Frenderer%2Fgroup-renderer%2Fgroup-renderer.component.ts%40GroupCellRendererComponent&t=1780289682832 @ http://c4c.localhost:4200/@vite/client:509
[44348583ms] [ERROR] Failed to load resource: net::ERR_NETWORK_CHANGED @ http://c4c.localhost:4200/@fs/Users/peleg.katz/Desktop/cx-web-workspace/libs/infrastructure-explorer/src/lib/pages/catalog/catalog-grid/@ng/component?c=%2FUsers%2Fpeleg.katz%2FDesktop%2Fcx-web-workspace%2Flibs%2Finfrastructure-explorer%2Fsrc%2Flib%2Fpages%2Fcatalog%2Fcatalog-grid%2Fcatalog-trendline-cell-renderer.component.ts%40CatalogTrendlineCellRendererComponent&t=1780289682837:0
[44348583ms] [ERROR] TypeError: Failed to fetch dynamically imported module: http://c4c.localhost:4200/@fs/Users/peleg.katz/Desktop/cx-web-workspace/libs/infrastructure-explorer/src/lib/shared/components/subnavigation/navigation-item/@ng/component?c=%2FUsers%2Fpeleg.katz%2FDesktop%2Fcx-web-workspace%2Flibs%2Finfrastructure-explorer%2Fsrc%2Flib%2Fshared%2Fcomponents%2Fsubnavigation%2Fnavigation-item%2Fnavigation-item.component.ts%40NavigationItemComponent&t=1780289682832 @ http://c4c.localhost:4200/@vite/client:509
[44348583ms] [ERROR] Failed to load resource: net::ERR_NETWORK_CHANGED @ http://c4c.localhost:4200/@fs/Users/peleg.katz/Desktop/cx-web-workspace/libs/infrastructure-explorer/src/lib/pages/catalog/catalog-grid/@ng/component?c=%2FUsers%2Fpeleg.katz%2FDesktop%2Fcx-web-workspace%2Flibs%2Finfrastructure-explorer%2Fsrc%2Flib%2Fpages%2Fcatalog%2Fcatalog-grid%2Fcatalog-grid.component.ts%40CatalogGridComponent&t=1780289682837:0
[44348583ms] [ERROR] TypeError: Failed to fetch dynamically imported module: http://c4c.localhost:4200/@fs/Users/peleg.katz/Desktop/cx-web-workspace/libs/infrastructure-explorer/src/lib/shared/components/subnavigation/@ng/component?c=%2FUsers%2Fpeleg.katz%2FDesktop%2Fcx-web-workspace%2Flibs%2Finfrastructure-explorer%2Fsrc%2Flib%2Fshared%2Fcomponents%2Fsubnavigation%2Fsubnavigation.component.ts%40SubnavigationComponent&t=1780289682833 @ http://c4c.localhost:4200/@vite/client:509
[44348583ms] [ERROR] TypeError: Failed to fetch dynamically imported module: http://c4c.localhost:4200/@fs/Users/peleg.katz/Desktop/cx-web-workspace/libs/infrastructure-explorer/src/lib/shared/components/widget/@ng/component?c=%2FUsers%2Fpeleg.katz%2FDesktop%2Fcx-web-workspace%2Flibs%2Finfrastructure-explorer%2Fsrc%2Flib%2Fshared%2Fcomponents%2Fwidget%2Fwidget-wrapper.component.ts%40WidgetWrapperComponent&t=1780289682833 @ http://c4c.localhost:4200/@vite/client:509
[44348583ms] [ERROR] Failed to load resource: net::ERR_NETWORK_CHANGED @ http://c4c.localhost:4200/@fs/Users/peleg.katz/Desktop/cx-web-workspace/libs/infrastructure-explorer/src/lib/pages/catalog/catalog-sidebar/catalog-sidebar-filters/@ng/component?c=%2FUsers%2Fpeleg.katz%2FDesktop%2Fcx-web-workspace%2Flibs%2Finfrastructure-explorer%2Fsrc%2Flib%2Fpages%2Fcatalog%2Fcatalog-sidebar%2Fcatalog-sidebar-filters%2Fcatalog-sidebar-filters.component.ts%40CatalogSidebarFiltersComponent&t=1780289682837:0
[44348583ms] [ERROR] TypeError: Failed to fetch dynamically imported module: http://c4c.localhost:4200/@fs/Users/peleg.katz/Desktop/cx-web-workspace/libs/infrastructure-explorer/src/lib/shared/components/renderer/status-detailed-tooltip/@ng/component?c=%2FUsers%2Fpeleg.katz%2FDesktop%2Fcx-web-workspace%2Flibs%2Finfrastructure-explorer%2Fsrc%2Flib%2Fshared%2Fcomponents%2Frenderer%2Fstatus-detailed-tooltip%2Fstatus-detailed-tooltip.component.ts%40StatusDetailedTooltipComponent&t=1780289682834 @ http://c4c.localhost:4200/@vite/client:509
[44348584ms] [ERROR] Failed to load resource: net::ERR_NETWORK_CHANGED @ http://c4c.localhost:4200/@fs/Users/peleg.katz/Desktop/cx-web-workspace/libs/infrastructure-explorer/src/lib/pages/catalog/catalog-sidebar/@ng/component?c=%2FUsers%2Fpeleg.katz%2FDesktop%2Fcx-web-workspace%2Flibs%2Finfrastructure-explorer%2Fsrc%2Flib%2Fpages%2Fcatalog%2Fcatalog-sidebar%2Fcatalog-sidebar.component.ts%40CatalogSidebarComponent&t=1780289682838:0
[44348584ms] [ERROR] Failed to load resource: net::ERR_NETWORK_CHANGED @ http://c4c.localhost:4200/@fs/Users/peleg.katz/Desktop/cx-web-workspace/libs/policy-based-access-control/src/lib/components/info-tooltip/@ng/component?c=%2FUsers%2Fpeleg.katz%2FDesktop%2Fcx-web-workspace%2Flibs%2Fpolicy-based-access-control%2Fsrc%2Flib%2Fcomponents%2Finfo-tooltip%2Finfo-tooltip.component.ts%40InfoLinkComponent&t=1780289682839:0
[44348584ms] [ERROR] Failed to load resource: net::ERR_NETWORK_CHANGED @ http://c4c.localhost:4200/@fs/Users/peleg.katz/Desktop/cx-web-workspace/libs/policy-based-access-control/src/lib/components/allowed-actions/@ng/component?c=%2FUsers%2Fpeleg.katz%2FDesktop%2Fcx-web-workspace%2Flibs%2Fpolicy-based-access-control%2Fsrc%2Flib%2Fcomponents%2Fallowed-actions%2Fallowed-actions.component.ts%40AllowedActionsComponent&t=1780289682839:0
[44348584ms] [ERROR] Failed to load resource: net::ERR_NETWORK_CHANGED @ http://c4c.localhost:4200/@fs/Users/peleg.katz/Desktop/cx-web-workspace/libs/policy-based-access-control/src/lib/components/exception-rule-empty-state/@ng/component?c=%2FUsers%2Fpeleg.katz%2FDesktop%2Fcx-web-workspace%2Flibs%2Fpolicy-based-access-control%2Fsrc%2Flib%2Fcomponents%2Fexception-rule-empty-state%2Fexception-rule-empty-state.component.ts%40ExceptionRuleEmptyStateComponent&t=1780289682839:0
[44348584ms] [ERROR] Failed to load resource: net::ERR_NETWORK_CHANGED @ http://c4c.localhost:4200/@fs/Users/peleg.katz/Desktop/cx-web-workspace/libs/policy-based-access-control/src/lib/components/exception-rule/@ng/component?c=%2FUsers%2Fpeleg.katz%2FDesktop%2Fcx-web-workspace%2Flibs%2Fpolicy-based-access-control%2Fsrc%2Flib%2Fcomponents%2Fexception-rule%2Fexception-rule.component.ts%40ExceptionRuleComponent&t=1780289682839:0
[44348584ms] [ERROR] Failed to load resource: net::ERR_NETWORK_CHANGED @ http://c4c.localhost:4200/@fs/Users/peleg.katz/Desktop/cx-web-workspace/libs/policy-based-access-control/src/lib/components/access-policy-form/@ng/component?c=%2FUsers%2Fpeleg.katz%2FDesktop%2Fcx-web-workspace%2Flibs%2Fpolicy-based-access-control%2Fsrc%2Flib%2Fcomponents%2Faccess-policy-form%2Faccess-policy-form.component.ts%40AccessPolicyFormComponent&t=1780289682840:0
[44348584ms] [ERROR] TypeError: Failed to fetch dynamically imported module: http://c4c.localhost:4200/@fs/Users/peleg.katz/Desktop/cx-web-workspace/libs/infrastructure-explorer/src/lib/shared/components/renderer/cell/status-renderer-cell/@ng/component?c=%2FUsers%2Fpeleg.katz%2FDesktop%2Fcx-web-workspace%2Flibs%2Finfrastructure-explorer%2Fsrc%2Flib%2Fshared%2Fcomponents%2Frenderer%2Fcell%2Fstatus-renderer-cell%2Fstatus-renderer-cell.component.ts%40StatusRendererCellComponent&t=1780289682834 @ http://c4c.localhost:4200/@vite/client:509
[44348584ms] [ERROR] Failed to load resource: net::ERR_NETWORK_CHANGED @ http://c4c.localhost:4200/@fs/Users/peleg.katz/Desktop/cx-web-workspace/libs/policy-based-access-control/src/lib/components/v2/access-policy-form-reset-dialog/@ng/component?c=%2FUsers%2Fpeleg.katz%2FDesktop%2Fcx-web-workspace%2Flibs%2Fpolicy-based-access-control%2Fsrc%2Flib%2Fcomponents%2Fv2%2Faccess-policy-form-reset-dialog%2Faccess-policy-form-reset-dialog.component.ts%40AccessPolicyFormResetDialogComponent&t=1780289682840:0
[44348584ms] [ERROR] TypeError: Failed to fetch dynamically imported module: http://c4c.localhost:4200/@fs/Users/peleg.katz/Desktop/cx-web-workspace/libs/infrastructure-explorer/src/lib/pages/catalog/catalog-grid-toolbar/@ng/component?c=%2FUsers%2Fpeleg.katz%2FDesktop%2Fcx-web-workspace%2Flibs%2Finfrastructure-explorer%2Fsrc%2Flib%2Fpages%2Fcatalog%2Fcatalog-grid-toolbar%2Fcatalog-grid-toolbar.component.ts%40CatalogGridToolbarComponent&t=1780289682836 @ http://c4c.localhost:4200/@vite/client:509
[44348584ms] [ERROR] Failed to load resource: net::ERR_NETWORK_CHANGED @ http://c4c.localhost:4200/@fs/Users/peleg.katz/Desktop/cx-web-workspace/libs/policy-based-access-control/src/lib/components/v2/access-policy-form-header/@ng/component?c=%2FUsers%2Fpeleg.katz%2FDesktop%2Fcx-web-workspace%2Flibs%2Fpolicy-based-access-control%2Fsrc%2Flib%2Fcomponents%2Fv2%2Faccess-policy-form-header%2Faccess-policy-form-header.component.ts%40AccessPolicyFormHeaderComponent&t=1780289682840:0
[44348584ms] [ERROR] TypeError: Failed to fetch dynamically imported module: http://c4c.localhost:4200/@fs/Users/peleg.katz/Desktop/cx-web-workspace/libs/infrastructure-explorer/src/lib/pages/catalog/catalog-grid/catalog-grid-empty-state/@ng/component?c=%2FUsers%2Fpeleg.katz%2FDesktop%2Fcx-web-workspace%2Flibs%2Finfrastructure-explorer%2Fsrc%2Flib%2Fpages%2Fcatalog%2Fcatalog-grid%2Fcatalog-grid-empty-state%2Fcatalog-grid-empty-state.component.ts%40CatalogGridEmptyStateComponent&t=1780289682836 @ http://c4c.localhost:4200/@vite/client:509
[44348584ms] [ERROR] Failed to load resource: net::ERR_NETWORK_CHANGED @ http://c4c.localhost:4200/@fs/Users/peleg.katz/Desktop/cx-web-workspace/libs/policy-based-access-control/src/lib/components/v2/access-policy-select-trigger/@ng/component?c=%2FUsers%2Fpeleg.katz%2FDesktop%2Fcx-web-workspace%2Flibs%2Fpolicy-based-access-control%2Fsrc%2Flib%2Fcomponents%2Fv2%2Faccess-policy-select-trigger%2Faccess-policy-select-trigger.component.ts%40AccessPolicySelectTriggerComponent&t=1780289682841:0
[44348584ms] [ERROR] TypeError: Failed to fetch dynamically imported module: http://c4c.localhost:4200/@fs/Users/peleg.katz/Desktop/cx-web-workspace/libs/infrastructure-explorer/src/lib/shared/components/renderer/trendline-skeleton-cell/@ng/component?c=%2FUsers%2Fpeleg.katz%2FDesktop%2Fcx-web-workspace%2Flibs%2Finfrastructure-explorer%2Fsrc%2Flib%2Fshared%2Fcomponents%2Frenderer%2Ftrendline-skeleton-cell%2Ftrendline-skeleton-cell.component.ts%40TrendlineSkeletonCellComponent&t=1780289682836 @ http://c4c.localhost:4200/@vite/client:509
[44348584ms] [ERROR] Failed to load resource: net::ERR_NETWORK_CHANGED @ http://c4c.localhost:4200/@fs/Users/peleg.katz/Desktop/cx-web-workspace/libs/policy-based-access-control/src/lib/components/v2/access-policy-form-basic-section/@ng/component?c=%2FUsers%2Fpeleg.katz%2FDesktop%2Fcx-web-workspace%2Flibs%2Fpolicy-based-access-control%2Fsrc%2Flib%2Fcomponents%2Fv2%2Faccess-policy-form-basic-section%2Faccess-policy-form-basic-section.component.ts%40AccessPolicyFormBasicSectionComponent&t=1780289682841:0
[44348584ms] [ERROR] Failed to load resource: net::ERR_NETWORK_CHANGED @ http://c4c.localhost:4200/@fs/Users/peleg.katz/Desktop/cx-web-workspace/libs/policy-based-access-control/src/lib/components/v2/access-policy-form-target-groups-section/@ng/component?c=%2FUsers%2Fpeleg.katz%2FDesktop%2Fcx-web-workspace%2Flibs%2Fpolicy-based-access-control%2Fsrc%2Flib%2Fcomponents%2Fv2%2Faccess-policy-form-target-groups-section%2Faccess-policy-form-target-groups-section.component.ts%40AccessPolicyFormTargetGroupsSectionComponent&t=1780289682842:0
[44348584ms] [ERROR] Failed to load resource: net::ERR_NETWORK_CHANGED @ http://c4c.localhost:4200/@fs/Users/peleg.katz/Desktop/cx-web-workspace/libs/policy-based-access-control/src/lib/components/v2/access-policy-form-general-access-section/@ng/component?c=%2FUsers%2Fpeleg.katz%2FDesktop%2Fcx-web-workspace%2Flibs%2Fpolicy-based-access-control%2Fsrc%2Flib%2Fcomponents%2Fv2%2Faccess-policy-form-general-access-section%2Faccess-policy-form-general-access-section.component.ts%40AccessPolicyFormGeneralAccessSectionComponent&t=1780289682843:0
[44348584ms] [ERROR] Failed to load resource: net::ERR_NETWORK_CHANGED @ http://c4c.localhost:4200/@fs/Users/peleg.katz/Desktop/cx-web-workspace/libs/policy-based-access-control/src/lib/components/v2/access-policy-form-v2/@ng/component?c=%2FUsers%2Fpeleg.katz%2FDesktop%2Fcx-web-workspace%2Flibs%2Fpolicy-based-access-control%2Fsrc%2Flib%2Fcomponents%2Fv2%2Faccess-policy-form-v2%2Faccess-policy-form-v2.component.ts%40AccessPolicyFormV2Component&t=1780289682843:0
[44348584ms] [ERROR] Failed to load resource: net::ERR_NETWORK_CHANGED @ http://c4c.localhost:4200/@fs/Users/peleg.katz/Desktop/cx-web-workspace/libs/policy-based-access-control/src/lib/components/access-policy-additional-infos-dataset/@ng/component?c=%2FUsers%2Fpeleg.katz%2FDesktop%2Fcx-web-workspace%2Flibs%2Fpolicy-based-access-control%2Fsrc%2Flib%2Fcomponents%2Faccess-policy-additional-infos-dataset%2Faccess-policy-additional-infos-dataset.ts%40AccessPolicyAdditionalInfosDatasetComponent&t=1780289682843:0
[44348584ms] [ERROR] TypeError: Failed to fetch dynamically imported module: http://c4c.localhost:4200/@fs/Users/peleg.katz/Desktop/cx-web-workspace/libs/infrastructure-explorer/src/lib/pages/catalog/catalog-grid/@ng/component?c=%2FUsers%2Fpeleg.katz%2FDesktop%2Fcx-web-workspace%2Flibs%2Finfrastructure-explorer%2Fsrc%2Flib%2Fpages%2Fcatalog%2Fcatalog-grid%2Fcatalog-trendline-cell-renderer.component.ts%40CatalogTrendlineCellRendererComponent&t=1780289682837 @ http://c4c.localhost:4200/@vite/client:509
[44348584ms] [ERROR] TypeError: Failed to fetch dynamically imported module: http://c4c.localhost:4200/@fs/Users/peleg.katz/Desktop/cx-web-workspace/libs/infrastructure-explorer/src/lib/pages/catalog/catalog-grid/@ng/component?c=%2FUsers%2Fpeleg.katz%2FDesktop%2Fcx-web-workspace%2Flibs%2Finfrastructure-explorer%2Fsrc%2Flib%2Fpages%2Fcatalog%2Fcatalog-grid%2Fcatalog-grid.component.ts%40CatalogGridComponent&t=1780289682837 @ http://c4c.localhost:4200/@vite/client:509
[44348584ms] [ERROR] TypeError: Failed to fetch dynamically imported module: http://c4c.localhost:4200/@fs/Users/peleg.katz/Desktop/cx-web-workspace/libs/infrastructure-explorer/src/lib/pages/catalog/catalog-sidebar/catalog-sidebar-filters/@ng/component?c=%2FUsers%2Fpeleg.katz%2FDesktop%2Fcx-web-workspace%2Flibs%2Finfrastructure-explorer%2Fsrc%2Flib%2Fpages%2Fcatalog%2Fcatalog-sidebar%2Fcatalog-sidebar-filters%2Fcatalog-sidebar-filters.component.ts%40CatalogSidebarFiltersComponent&t=1780289682837 @ http://c4c.localhost:4200/@vite/client:509
[44348584ms] [ERROR] TypeError: Failed to fetch dynamically imported module: http://c4c.localhost:4200/@fs/Users/peleg.katz/Desktop/cx-web-workspace/libs/infrastructure-explorer/src/lib/pages/catalog/catalog-sidebar/@ng/component?c=%2FUsers%2Fpeleg.katz%2FDesktop%2Fcx-web-workspace%2Flibs%2Finfrastructure-explorer%2Fsrc%2Flib%2Fpages%2Fcatalog%2Fcatalog-sidebar%2Fcatalog-sidebar.component.ts%40CatalogSidebarComponent&t=1780289682838 @ http://c4c.localhost:4200/@vite/client:509
[44348584ms] [ERROR] TypeError: Failed to fetch dynamically imported module: http://c4c.localhost:4200/@fs/Users/peleg.katz/Desktop/cx-web-workspace/libs/policy-based-access-control/src/lib/components/info-tooltip/@ng/component?c=%2FUsers%2Fpeleg.katz%2FDesktop%2Fcx-web-workspace%2Flibs%2Fpolicy-based-access-control%2Fsrc%2Flib%2Fcomponents%2Finfo-tooltip%2Finfo-tooltip.component.ts%40InfoLinkComponent&t=1780289682839 @ http://c4c.localhost:4200/@vite/client:509
[44348584ms] [ERROR] TypeError: Failed to fetch dynamically imported module: http://c4c.localhost:4200/@fs/Users/peleg.katz/Desktop/cx-web-workspace/libs/policy-based-access-control/src/lib/components/allowed-actions/@ng/component?c=%2FUsers%2Fpeleg.katz%2FDesktop%2Fcx-web-workspace%2Flibs%2Fpolicy-based-access-control%2Fsrc%2Flib%2Fcomponents%2Fallowed-actions%2Fallowed-actions.component.ts%40AllowedActionsComponent&t=1780289682839 @ http://c4c.localhost:4200/@vite/client:509
[44348585ms] [ERROR] TypeError: Failed to fetch dynamically imported module: http://c4c.localhost:4200/@fs/Users/peleg.katz/Desktop/cx-web-workspace/libs/policy-based-access-control/src/lib/components/exception-rule-empty-state/@ng/component?c=%2FUsers%2Fpeleg.katz%2FDesktop%2Fcx-web-workspace%2Flibs%2Fpolicy-based-access-control%2Fsrc%2Flib%2Fcomponents%2Fexception-rule-empty-state%2Fexception-rule-empty-state.component.ts%40ExceptionRuleEmptyStateComponent&t=1780289682839 @ http://c4c.localhost:4200/@vite/client:509
[44348585ms] [ERROR] TypeError: Failed to fetch dynamically imported module: http://c4c.localhost:4200/@fs/Users/peleg.katz/Desktop/cx-web-workspace/libs/policy-based-access-control/src/lib/components/exception-rule/@ng/component?c=%2FUsers%2Fpeleg.katz%2FDesktop%2Fcx-web-workspace%2Flibs%2Fpolicy-based-access-control%2Fsrc%2Flib%2Fcomponents%2Fexception-rule%2Fexception-rule.component.ts%40ExceptionRuleComponent&t=1780289682839 @ http://c4c.localhost:4200/@vite/client:509
[44348585ms] [ERROR] TypeError: Failed to fetch dynamically imported module: http://c4c.localhost:4200/@fs/Users/peleg.katz/Desktop/cx-web-workspace/libs/policy-based-access-control/src/lib/components/access-policy-form/@ng/component?c=%2FUsers%2Fpeleg.katz%2FDesktop%2Fcx-web-workspace%2Flibs%2Fpolicy-based-access-control%2Fsrc%2Flib%2Fcomponents%2Faccess-policy-form%2Faccess-policy-form.component.ts%40AccessPolicyFormComponent&t=1780289682840 @ http://c4c.localhost:4200/@vite/client:509
[44348585ms] [ERROR] Failed to load resource: net::ERR_NETWORK_CHANGED @ http://c4c.localhost:4200/@fs/Users/peleg.katz/Desktop/cx-web-workspace/libs/save-view/src/lib/create-folder-popup/@ng/component?c=%2FUsers%2Fpeleg.katz%2FDesktop%2Fcx-web-workspace%2Flibs%2Fsave-view%2Fsrc%2Flib%2Fcreate-folder-popup%2Fcreate-folder-popup.component.ts%40CreateFolderPopupComponent&t=1780289682844:0
[44348585ms] [ERROR] Failed to load resource: net::ERR_NETWORK_CHANGED @ http://c4c.localhost:4200/@fs/Users/peleg.katz/Desktop/cx-web-workspace/libs/save-view/src/lib/drawer-top-action/@ng/component?c=%2FUsers%2Fpeleg.katz%2FDesktop%2Fcx-web-workspace%2Flibs%2Fsave-view%2Fsrc%2Flib%2Fdrawer-top-action%2Fdrawer-top-action.component.ts%40DrawerTopActionComponent&t=1780289682844:0
[44348585ms] [ERROR] Failed to load resource: net::ERR_NETWORK_CHANGED @ http://c4c.localhost:4200/@fs/Users/peleg.katz/Desktop/cx-web-workspace/libs/save-view/src/lib/@ng/component?c=%2FUsers%2Fpeleg.katz%2FDesktop%2Fcx-web-workspace%2Flibs%2Fsave-view%2Fsrc%2Flib%2Fsave-view.component.ts%40SaveViewComponent&t=1780289682845:0
[44348585ms] [ERROR] TypeError: Failed to fetch dynamically imported module: http://c4c.localhost:4200/@fs/Users/peleg.katz/Desktop/cx-web-workspace/libs/policy-based-access-control/src/lib/components/v2/access-policy-form-reset-dialog/@ng/component?c=%2FUsers%2Fpeleg.katz%2FDesktop%2Fcx-web-workspace%2Flibs%2Fpolicy-based-access-control%2Fsrc%2Flib%2Fcomponents%2Fv2%2Faccess-policy-form-reset-dialog%2Faccess-policy-form-reset-dialog.component.ts%40AccessPolicyFormResetDialogComponent&t=1780289682840 @ http://c4c.localhost:4200/@vite/client:509
[44348585ms] [ERROR] TypeError: Failed to fetch dynamically imported module: http://c4c.localhost:4200/@fs/Users/peleg.katz/Desktop/cx-web-workspace/libs/policy-based-access-control/src/lib/components/v2/access-policy-form-header/@ng/component?c=%2FUsers%2Fpeleg.katz%2FDesktop%2Fcx-web-workspace%2Flibs%2Fpolicy-based-access-control%2Fsrc%2Flib%2Fcomponents%2Fv2%2Faccess-policy-form-header%2Faccess-policy-form-header.component.ts%40AccessPolicyFormHeaderComponent&t=1780289682840 @ http://c4c.localhost:4200/@vite/client:509
[44348585ms] [ERROR] Failed to load resource: net::ERR_NETWORK_CHANGED @ http://c4c.localhost:4200/@fs/Users/peleg.katz/Desktop/cx-web-workspace/libs/save-view/src/lib/saved-views-panel/saved-views-node/@ng/component?c=%2FUsers%2Fpeleg.katz%2FDesktop%2Fcx-web-workspace%2Flibs%2Fsave-view%2Fsrc%2Flib%2Fsaved-views-panel%2Fsaved-views-node%2Fsaved-views-node.component.ts%40SavedViewsNodeComponent&t=1780289682846:0
[44348585ms] [ERROR] TypeError: Failed to fetch dynamically imported module: http://c4c.localhost:4200/@fs/Users/peleg.katz/Desktop/cx-web-workspace/libs/policy-based-access-control/src/lib/components/v2/access-policy-select-trigger/@ng/component?c=%2FUsers%2Fpeleg.katz%2FDesktop%2Fcx-web-workspace%2Flibs%2Fpolicy-based-access-control%2Fsrc%2Flib%2Fcomponents%2Fv2%2Faccess-policy-select-trigger%2Faccess-policy-select-trigger.component.ts%40AccessPolicySelectTriggerComponent&t=1780289682841 @ http://c4c.localhost:4200/@vite/client:509
[44348585ms] [ERROR] Failed to load resource: net::ERR_NETWORK_CHANGED @ http://c4c.localhost:4200/@fs/Users/peleg.katz/Desktop/cx-web-workspace/libs/save-view/src/lib/saved-views-panel/saved-view-delete-dialog/@ng/component?c=%2FUsers%2Fpeleg.katz%2FDesktop%2Fcx-web-workspace%2Flibs%2Fsave-view%2Fsrc%2Flib%2Fsaved-views-panel%2Fsaved-view-delete-dialog%2Fsaved-view-delete-dialog.component.ts%40SavedViewDeleteDialogComponent&t=1780289682846:0
[44348585ms] [ERROR] TypeError: Failed to fetch dynamically imported module: http://c4c.localhost:4200/@fs/Users/peleg.katz/Desktop/cx-web-workspace/libs/policy-based-access-control/src/lib/components/v2/access-policy-form-basic-section/@ng/component?c=%2FUsers%2Fpeleg.katz%2FDesktop%2Fcx-web-workspace%2Flibs%2Fpolicy-based-access-control%2Fsrc%2Flib%2Fcomponents%2Fv2%2Faccess-policy-form-basic-section%2Faccess-policy-form-basic-section.component.ts%40AccessPolicyFormBasicSectionComponent&t=1780289682841 @ http://c4c.localhost:4200/@vite/client:509
[44348585ms] [ERROR] TypeError: Failed to fetch dynamically imported module: http://c4c.localhost:4200/@fs/Users/peleg.katz/Desktop/cx-web-workspace/libs/policy-based-access-control/src/lib/components/v2/access-policy-form-target-groups-section/@ng/component?c=%2FUsers%2Fpeleg.katz%2FDesktop%2Fcx-web-workspace%2Flibs%2Fpolicy-based-access-control%2Fsrc%2Flib%2Fcomponents%2Fv2%2Faccess-policy-form-target-groups-section%2Faccess-policy-form-target-groups-section.component.ts%40AccessPolicyFormTargetGroupsSectionComponent&t=1780289682842 @ http://c4c.localhost:4200/@vite/client:509
[44348585ms] [ERROR] Failed to load resource: net::ERR_NETWORK_CHANGED @ http://c4c.localhost:4200/@fs/Users/peleg.katz/Desktop/cx-web-workspace/libs/save-view/src/lib/saved-views-panel/saved-views-tree/@ng/component?c=%2FUsers%2Fpeleg.katz%2FDesktop%2Fcx-web-workspace%2Flibs%2Fsave-view%2Fsrc%2Flib%2Fsaved-views-panel%2Fsaved-views-tree%2Fsaved-views-tree.component.ts%40CxSavedViewsTreeComponent&t=1780289682847:0
[44348585ms] [ERROR] TypeError: Failed to fetch dynamically imported module: http://c4c.localhost:4200/@fs/Users/peleg.katz/Desktop/cx-web-workspace/libs/policy-based-access-control/src/lib/components/v2/access-policy-form-general-access-section/@ng/component?c=%2FUsers%2Fpeleg.katz%2FDesktop%2Fcx-web-workspace%2Flibs%2Fpolicy-based-access-control%2Fsrc%2Flib%2Fcomponents%2Fv2%2Faccess-policy-form-general-access-section%2Faccess-policy-form-general-access-section.component.ts%40AccessPolicyFormGeneralAccessSectionComponent&t=1780289682843 @ http://c4c.localhost:4200/@vite/client:509
[44348585ms] [ERROR] TypeError: Failed to fetch dynamically imported module: http://c4c.localhost:4200/@fs/Users/peleg.katz/Desktop/cx-web-workspace/libs/policy-based-access-control/src/lib/components/v2/access-policy-form-v2/@ng/component?c=%2FUsers%2Fpeleg.katz%2FDesktop%2Fcx-web-workspace%2Flibs%2Fpolicy-based-access-control%2Fsrc%2Flib%2Fcomponents%2Fv2%2Faccess-policy-form-v2%2Faccess-policy-form-v2.component.ts%40AccessPolicyFormV2Component&t=1780289682843 @ http://c4c.localhost:4200/@vite/client:509
[44348585ms] [ERROR] Failed to load resource: net::ERR_NETWORK_CHANGED @ http://c4c.localhost:4200/@fs/Users/peleg.katz/Desktop/cx-web-workspace/libs/save-view/src/lib/saved-views-panel/view-list-section/@ng/component?c=%2FUsers%2Fpeleg.katz%2FDesktop%2Fcx-web-workspace%2Flibs%2Fsave-view%2Fsrc%2Flib%2Fsaved-views-panel%2Fview-list-section%2Fview-list-section.component.ts%40ViewListSectionComponent&t=1780289682848:0
[44348585ms] [ERROR] TypeError: Failed to fetch dynamically imported module: http://c4c.localhost:4200/@fs/Users/peleg.katz/Desktop/cx-web-workspace/libs/policy-based-access-control/src/lib/components/access-policy-additional-infos-dataset/@ng/component?c=%2FUsers%2Fpeleg.katz%2FDesktop%2Fcx-web-workspace%2Flibs%2Fpolicy-based-access-control%2Fsrc%2Flib%2Fcomponents%2Faccess-policy-additional-infos-dataset%2Faccess-policy-additional-infos-dataset.ts%40AccessPolicyAdditionalInfosDatasetComponent&t=1780289682843 @ http://c4c.localhost:4200/@vite/client:509
[44348586ms] [ERROR] Failed to load resource: net::ERR_NETWORK_CHANGED @ http://c4c.localhost:4200/@fs/Users/peleg.katz/Desktop/cx-web-workspace/libs/save-view/src/lib/saved-views-panel/@ng/component?c=%2FUsers%2Fpeleg.katz%2FDesktop%2Fcx-web-workspace%2Flibs%2Fsave-view%2Fsrc%2Flib%2Fsaved-views-panel%2Fsaved-views-panel.component.ts%40SavedViewsPanelComponent&t=1780289682848:0
[44348586ms] [ERROR] Failed to load resource: net::ERR_NETWORK_CHANGED @ http://c4c.localhost:4200/@fs/Users/peleg.katz/Desktop/cx-web-workspace/libs/save-view/src/lib/saved-views-panel/@ng/component?c=%2FUsers%2Fpeleg.katz%2FDesktop%2Fcx-web-workspace%2Flibs%2Fsave-view%2Fsrc%2Flib%2Fsaved-views-panel%2Fsaved-views-panel-dialog.component.ts%40SavedViewsPanelDialogComponent&t=1780289682849:0
[44348586ms] [ERROR] Failed to load resource: net::ERR_NETWORK_CHANGED @ http://c4c.localhost:4200/@fs/Users/peleg.katz/Desktop/cx-web-workspace/libs/save-view/src/lib/save-view-confirmation-dialog/@ng/component?c=%2FUsers%2Fpeleg.katz%2FDesktop%2Fcx-web-workspace%2Flibs%2Fsave-view%2Fsrc%2Flib%2Fsave-view-confirmation-dialog%2Fsave-view-confirmation-dialog.component.ts%40SaveViewConfirmationDialogComponent&t=1780289682849:0
[44348586ms] [ERROR] Failed to load resource: net::ERR_NETWORK_CHANGED @ http://c4c.localhost:4200/@fs/Users/peleg.katz/Desktop/cx-web-workspace/libs/infrastructure-explorer/src/lib/features/infra-saved-views/components/infra-save-view-confirmation-dialog/@ng/component?c=%2FUsers%2Fpeleg.katz%2FDesktop%2Fcx-web-workspace%2Flibs%2Finfrastructure-explorer%2Fsrc%2Flib%2Ffeatures%2Finfra-saved-views%2Fcomponents%2Finfra-save-view-confirmation-dialog%2Finfra-save-view-confirmation-dialog.component.ts%40InfraSaveViewConfirmationDialogComponent&t=1780289682849:0
[44348586ms] [ERROR] Failed to load resource: net::ERR_NETWORK_CHANGED @ http://c4c.localhost:4200/@fs/Users/peleg.katz/Desktop/cx-web-workspace/libs/infrastructure-explorer/src/lib/features/infra-saved-views/components/infra-catalog-header-save-view-button/@ng/component?c=%2FUsers%2Fpeleg.katz%2FDesktop%2Fcx-web-workspace%2Flibs%2Finfrastructure-explorer%2Fsrc%2Flib%2Ffeatures%2Finfra-saved-views%2Fcomponents%2Finfra-catalog-header-save-view-button%2Finfra-catalog-header-save-view-button.component.ts%40InfraCatalogHeaderSaveViewButtonComponent&t=1780289682850:0
[44348586ms] [ERROR] Failed to load resource: net::ERR_NETWORK_CHANGED @ http://c4c.localhost:4200/@fs/Users/peleg.katz/Desktop/cx-web-workspace/libs/infrastructure-explorer/src/lib/features/infra-saved-views/components/infra-catalog-saved-views-panel/@ng/component?c=%2FUsers%2Fpeleg.katz%2FDesktop%2Fcx-web-workspace%2Flibs%2Finfrastructure-explorer%2Fsrc%2Flib%2Ffeatures%2Finfra-saved-views%2Fcomponents%2Finfra-catalog-saved-views-panel%2Finfra-catalog-saved-views-panel.component.ts%40InfraCatalogSavedViewsPanelComponent&t=1780289682852:0
[44348586ms] [ERROR] Failed to load resource: net::ERR_NETWORK_CHANGED @ http://c4c.localhost:4200/@fs/Users/peleg.katz/Desktop/cx-web-workspace/libs/infrastructure-explorer/src/lib/features/infra-saved-views/components/infra-catalog-header-saved-views-title/@ng/component?c=%2FUsers%2Fpeleg.katz%2FDesktop%2Fcx-web-workspace%2Flibs%2Finfrastructure-explorer%2Fsrc%2Flib%2Ffeatures%2Finfra-saved-views%2Fcomponents%2Finfra-catalog-header-saved-views-title%2Finfra-catalog-header-saved-views-title.component.ts%40InfraCatalogHeaderSavedViewsTitleComponent&t=1780289682852:0
[44348586ms] [ERROR] TypeError: Failed to fetch dynamically imported module: http://c4c.localhost:4200/@fs/Users/peleg.katz/Desktop/cx-web-workspace/libs/save-view/src/lib/create-folder-popup/@ng/component?c=%2FUsers%2Fpeleg.katz%2FDesktop%2Fcx-web-workspace%2Flibs%2Fsave-view%2Fsrc%2Flib%2Fcreate-folder-popup%2Fcreate-folder-popup.component.ts%40CreateFolderPopupComponent&t=1780289682844 @ http://c4c.localhost:4200/@vite/client:509
[44348586ms] [ERROR] TypeError: Failed to fetch dynamically imported module: http://c4c.localhost:4200/@fs/Users/peleg.katz/Desktop/cx-web-workspace/libs/save-view/src/lib/drawer-top-action/@ng/component?c=%2FUsers%2Fpeleg.katz%2FDesktop%2Fcx-web-workspace%2Flibs%2Fsave-view%2Fsrc%2Flib%2Fdrawer-top-action%2Fdrawer-top-action.component.ts%40DrawerTopActionComponent&t=1780289682844 @ http://c4c.localhost:4200/@vite/client:509
[44348586ms] [ERROR] TypeError: Failed to fetch dynamically imported module: http://c4c.localhost:4200/@fs/Users/peleg.katz/Desktop/cx-web-workspace/libs/save-view/src/lib/@ng/component?c=%2FUsers%2Fpeleg.katz%2FDesktop%2Fcx-web-workspace%2Flibs%2Fsave-view%2Fsrc%2Flib%2Fsave-view.component.ts%40SaveViewComponent&t=1780289682845 @ http://c4c.localhost:4200/@vite/client:509
[44348586ms] [ERROR] Failed to load resource: net::ERR_NETWORK_CHANGED @ http://c4c.localhost:4200/@fs/Users/peleg.katz/Desktop/cx-web-workspace/libs/infrastructure-explorer/src/lib/pages/catalog/catalog-header/@ng/component?c=%2FUsers%2Fpeleg.katz%2FDesktop%2Fcx-web-workspace%2Flibs%2Finfrastructure-explorer%2Fsrc%2Flib%2Fpages%2Fcatalog%2Fcatalog-header%2Fcatalog-header.component.ts%40CatalogHeaderComponent&t=1780289682852:0
[44348586ms] [ERROR] Failed to load resource: net::ERR_NETWORK_CHANGED @ http://c4c.localhost:4200/@fs/Users/peleg.katz/Desktop/cx-web-workspace/libs/infrastructure-explorer/src/lib/pages/catalog/catalog-search/@ng/component?c=%2FUsers%2Fpeleg.katz%2FDesktop%2Fcx-web-workspace%2Flibs%2Finfrastructure-explorer%2Fsrc%2Flib%2Fpages%2Fcatalog%2Fcatalog-search%2Fcatalog-search.component.ts%40CatalogSearchComponent&t=1780289682853:0
[44348586ms] [ERROR] Failed to load resource: net::ERR_NETWORK_CHANGED @ http://c4c.localhost:4200/@fs/Users/peleg.katz/Desktop/cx-web-workspace/libs/cx-ui/page-header/src/lib/@ng/component?c=%2FUsers%2Fpeleg.katz%2FDesktop%2Fcx-web-workspace%2Flibs%2Fcx-ui%2Fpage-header%2Fsrc%2Flib%2Fpage-header.ts%40CxuiPageHeader&t=1780289682854:0
[44348586ms] [ERROR] TypeError: Failed to fetch dynamically imported module: http://c4c.localhost:4200/@fs/Users/peleg.katz/Desktop/cx-web-workspace/libs/save-view/src/lib/saved-views-panel/saved-views-node/@ng/component?c=%2FUsers%2Fpeleg.katz%2FDesktop%2Fcx-web-workspace%2Flibs%2Fsave-view%2Fsrc%2Flib%2Fsaved-views-panel%2Fsaved-views-node%2Fsaved-views-node.component.ts%40SavedViewsNodeComponent&t=1780289682846 @ http://c4c.localhost:4200/@vite/client:509
[44348586ms] [ERROR] Failed to load resource: net::ERR_NETWORK_CHANGED @ http://c4c.localhost:4200/@fs/Users/peleg.katz/Desktop/cx-web-workspace/libs/metric-explorer/src/lib/tabs/tab-header/@ng/component?c=%2FUsers%2Fpeleg.katz%2FDesktop%2Fcx-web-workspace%2Flibs%2Fmetric-explorer%2Fsrc%2Flib%2Ftabs%2Ftab-header%2Fmetric-tab-header.component.ts%40MetricTabHeaderComponent&t=1780289682854:0
[44348586ms] [ERROR] TypeError: Failed to fetch dynamically imported module: http://c4c.localhost:4200/@fs/Users/peleg.katz/Desktop/cx-web-workspace/libs/save-view/src/lib/saved-views-panel/saved-view-delete-dialog/@ng/component?c=%2FUsers%2Fpeleg.katz%2FDesktop%2Fcx-web-workspace%2Flibs%2Fsave-view%2Fsrc%2Flib%2Fsaved-views-panel%2Fsaved-view-delete-dialog%2Fsaved-view-delete-dialog.component.ts%40SavedViewDeleteDialogComponent&t=1780289682846 @ http://c4c.localhost:4200/@vite/client:509
[44348586ms] [ERROR] TypeError: Failed to fetch dynamically imported module: http://c4c.localhost:4200/@fs/Users/peleg.katz/Desktop/cx-web-workspace/libs/save-view/src/lib/saved-views-panel/saved-views-tree/@ng/component?c=%2FUsers%2Fpeleg.katz%2FDesktop%2Fcx-web-workspace%2Flibs%2Fsave-view%2Fsrc%2Flib%2Fsaved-views-panel%2Fsaved-views-tree%2Fsaved-views-tree.component.ts%40CxSavedViewsTreeComponent&t=1780289682847 @ http://c4c.localhost:4200/@vite/client:509
[44348586ms] [ERROR] Failed to load resource: net::ERR_NETWORK_CHANGED @ http://c4c.localhost:4200/@fs/Users/peleg.katz/Desktop/cx-web-workspace/libs/dashboards-legacy/src/components/forms/color-select/color-select-input/@ng/component?c=%2FUsers%2Fpeleg.katz%2FDesktop%2Fcx-web-workspace%2Flibs%2Fdashboards-legacy%2Fsrc%2Fcomponents%2Fforms%2Fcolor-select%2Fcolor-select-input%2Fcolor-select-input.component.ts%40ColorSelectInputComponent&t=1780289682855:0
[44348586ms] [ERROR] TypeError: Failed to fetch dynamically imported module: http://c4c.localhost:4200/@fs/Users/peleg.katz/Desktop/cx-web-workspace/libs/save-view/src/lib/saved-views-panel/view-list-section/@ng/component?c=%2FUsers%2Fpeleg.katz%2FDesktop%2Fcx-web-workspace%2Flibs%2Fsave-view%2Fsrc%2Flib%2Fsaved-views-panel%2Fview-list-section%2Fview-list-section.component.ts%40ViewListSectionComponent&t=1780289682848 @ http://c4c.localhost:4200/@vite/client:509
[44348586ms] [ERROR] Failed to load resource: net::ERR_NETWORK_CHANGED @ http://c4c.localhost:4200/@fs/Users/peleg.katz/Desktop/cx-web-workspace/libs/dashboards-legacy/src/components/forms/color-select/color-select-option/@ng/component?c=%2FUsers%2Fpeleg.katz%2FDesktop%2Fcx-web-workspace%2Flibs%2Fdashboards-legacy%2Fsrc%2Fcomponents%2Fforms%2Fcolor-select%2Fcolor-select-option%2Fcolor-select-option.component.ts%40ColorSelectOptionComponent&t=1780289682855:0
[44348586ms] [ERROR] TypeError: Failed to fetch dynamically imported module: http://c4c.localhost:4200/@fs/Users/peleg.katz/Desktop/cx-web-workspace/libs/save-view/src/lib/saved-views-panel/@ng/component?c=%2FUsers%2Fpeleg.katz%2FDesktop%2Fcx-web-workspace%2Flibs%2Fsave-view%2Fsrc%2Flib%2Fsaved-views-panel%2Fsaved-views-panel.component.ts%40SavedViewsPanelComponent&t=1780289682848 @ http://c4c.localhost:4200/@vite/client:509
[44348586ms] [ERROR] TypeError: Failed to fetch dynamically imported module: http://c4c.localhost:4200/@fs/Users/peleg.katz/Desktop/cx-web-workspace/libs/save-view/src/lib/saved-views-panel/@ng/component?c=%2FUsers%2Fpeleg.katz%2FDesktop%2Fcx-web-workspace%2Flibs%2Fsave-view%2Fsrc%2Flib%2Fsaved-views-panel%2Fsaved-views-panel-dialog.component.ts%40SavedViewsPanelDialogComponent&t=1780289682849 @ http://c4c.localhost:4200/@vite/client:509
[44348586ms] [ERROR] Failed to load resource: net::ERR_NETWORK_CHANGED @ http://c4c.localhost:4200/@fs/Users/peleg.katz/Desktop/cx-web-workspace/libs/dashboards-legacy/src/components/forms/color-select/color-gradient-select/@ng/component?c=%2FUsers%2Fpeleg.katz%2FDesktop%2Fcx-web-workspace%2Flibs%2Fdashboards-legacy%2Fsrc%2Fcomponents%2Fforms%2Fcolor-select%2Fcolor-gradient-select%2Fcolor-gradient-select.component.ts%40ColorGradientSelectComponent&t=1780289682856:0
[44348586ms] [ERROR] TypeError: Failed to fetch dynamically imported module: http://c4c.localhost:4200/@fs/Users/peleg.katz/Desktop/cx-web-workspace/libs/save-view/src/lib/save-view-confirmation-dialog/@ng/component?c=%2FUsers%2Fpeleg.katz%2FDesktop%2Fcx-web-workspace%2Flibs%2Fsave-view%2Fsrc%2Flib%2Fsave-view-confirmation-dialog%2Fsave-view-confirmation-dialog.component.ts%40SaveViewConfirmationDialogComponent&t=1780289682849 @ http://c4c.localhost:4200/@vite/client:509
[44348587ms] [ERROR] TypeError: Failed to fetch dynamically imported module: http://c4c.localhost:4200/@fs/Users/peleg.katz/Desktop/cx-web-workspace/libs/infrastructure-explorer/src/lib/features/infra-saved-views/components/infra-save-view-confirmation-dialog/@ng/component?c=%2FUsers%2Fpeleg.katz%2FDesktop%2Fcx-web-workspace%2Flibs%2Finfrastructure-explorer%2Fsrc%2Flib%2Ffeatures%2Finfra-saved-views%2Fcomponents%2Finfra-save-view-confirmation-dialog%2Finfra-save-view-confirmation-dialog.component.ts%40InfraSaveViewConfirmationDialogComponent&t=1780289682849 @ http://c4c.localhost:4200/@vite/client:509
[44348587ms] [ERROR] TypeError: Failed to fetch dynamically imported module: http://c4c.localhost:4200/@fs/Users/peleg.katz/Desktop/cx-web-workspace/libs/infrastructure-explorer/src/lib/features/infra-saved-views/components/infra-catalog-header-save-view-button/@ng/component?c=%2FUsers%2Fpeleg.katz%2FDesktop%2Fcx-web-workspace%2Flibs%2Finfrastructure-explorer%2Fsrc%2Flib%2Ffeatures%2Finfra-saved-views%2Fcomponents%2Finfra-catalog-header-save-view-button%2Finfra-catalog-header-save-view-button.component.ts%40InfraCatalogHeaderSaveViewButtonComponent&t=1780289682850 @ http://c4c.localhost:4200/@vite/client:509
[44348587ms] [ERROR] TypeError: Failed to fetch dynamically imported module: http://c4c.localhost:4200/@fs/Users/peleg.katz/Desktop/cx-web-workspace/libs/infrastructure-explorer/src/lib/features/infra-saved-views/components/infra-catalog-saved-views-panel/@ng/component?c=%2FUsers%2Fpeleg.katz%2FDesktop%2Fcx-web-workspace%2Flibs%2Finfrastructure-explorer%2Fsrc%2Flib%2Ffeatures%2Finfra-saved-views%2Fcomponents%2Finfra-catalog-saved-views-panel%2Finfra-catalog-saved-views-panel.component.ts%40InfraCatalogSavedViewsPanelComponent&t=1780289682852 @ http://c4c.localhost:4200/@vite/client:509
[44348587ms] [ERROR] TypeError: Failed to fetch dynamically imported module: http://c4c.localhost:4200/@fs/Users/peleg.katz/Desktop/cx-web-workspace/libs/infrastructure-explorer/src/lib/features/infra-saved-views/components/infra-catalog-header-saved-views-title/@ng/component?c=%2FUsers%2Fpeleg.katz%2FDesktop%2Fcx-web-workspace%2Flibs%2Finfrastructure-explorer%2Fsrc%2Flib%2Ffeatures%2Finfra-saved-views%2Fcomponents%2Finfra-catalog-header-saved-views-title%2Finfra-catalog-header-saved-views-title.component.ts%40InfraCatalogHeaderSavedViewsTitleComponent&t=1780289682852 @ http://c4c.localhost:4200/@vite/client:509
[44348587ms] [ERROR] TypeError: Failed to fetch dynamically imported module: http://c4c.localhost:4200/@fs/Users/peleg.katz/Desktop/cx-web-workspace/libs/infrastructure-explorer/src/lib/pages/catalog/catalog-header/@ng/component?c=%2FUsers%2Fpeleg.katz%2FDesktop%2Fcx-web-workspace%2Flibs%2Finfrastructure-explorer%2Fsrc%2Flib%2Fpages%2Fcatalog%2Fcatalog-header%2Fcatalog-header.component.ts%40CatalogHeaderComponent&t=1780289682852 @ http://c4c.localhost:4200/@vite/client:509
[44348587ms] [ERROR] TypeError: Failed to fetch dynamically imported module: http://c4c.localhost:4200/@fs/Users/peleg.katz/Desktop/cx-web-workspace/libs/infrastructure-explorer/src/lib/pages/catalog/catalog-search/@ng/component?c=%2FUsers%2Fpeleg.katz%2FDesktop%2Fcx-web-workspace%2Flibs%2Finfrastructure-explorer%2Fsrc%2Flib%2Fpages%2Fcatalog%2Fcatalog-search%2Fcatalog-search.component.ts%40CatalogSearchComponent&t=1780289682853 @ http://c4c.localhost:4200/@vite/client:509
[44348587ms] [ERROR] TypeError: Failed to fetch dynamically imported module: http://c4c.localhost:4200/@fs/Users/peleg.katz/Desktop/cx-web-workspace/libs/cx-ui/page-header/src/lib/@ng/component?c=%2FUsers%2Fpeleg.katz%2FDesktop%2Fcx-web-workspace%2Flibs%2Fcx-ui%2Fpage-header%2Fsrc%2Flib%2Fpage-header.ts%40CxuiPageHeader&t=1780289682854 @ http://c4c.localhost:4200/@vite/client:509
[44348587ms] [ERROR] TypeError: Failed to fetch dynamically imported module: http://c4c.localhost:4200/@fs/Users/peleg.katz/Desktop/cx-web-workspace/libs/metric-explorer/src/lib/tabs/tab-header/@ng/component?c=%2FUsers%2Fpeleg.katz%2FDesktop%2Fcx-web-workspace%2Flibs%2Fmetric-explorer%2Fsrc%2Flib%2Ftabs%2Ftab-header%2Fmetric-tab-header.component.ts%40MetricTabHeaderComponent&t=1780289682854 @ http://c4c.localhost:4200/@vite/client:509
[44348587ms] [ERROR] TypeError: Failed to fetch dynamically imported module: http://c4c.localhost:4200/@fs/Users/peleg.katz/Desktop/cx-web-workspace/libs/dashboards-legacy/src/components/forms/color-select/color-select-input/@ng/component?c=%2FUsers%2Fpeleg.katz%2FDesktop%2Fcx-web-workspace%2Flibs%2Fdashboards-legacy%2Fsrc%2Fcomponents%2Fforms%2Fcolor-select%2Fcolor-select-input%2Fcolor-select-input.component.ts%40ColorSelectInputComponent&t=1780289682855 @ http://c4c.localhost:4200/@vite/client:509
[44348587ms] [ERROR] TypeError: Failed to fetch dynamically imported module: http://c4c.localhost:4200/@fs/Users/peleg.katz/Desktop/cx-web-workspace/libs/dashboards-legacy/src/components/forms/color-select/color-select-option/@ng/component?c=%2FUsers%2Fpeleg.katz%2FDesktop%2Fcx-web-workspace%2Flibs%2Fdashboards-legacy%2Fsrc%2Fcomponents%2Fforms%2Fcolor-select%2Fcolor-select-option%2Fcolor-select-option.component.ts%40ColorSelectOptionComponent&t=1780289682855 @ http://c4c.localhost:4200/@vite/client:509
[44348587ms] [ERROR] TypeError: Failed to fetch dynamically imported module: http://c4c.localhost:4200/@fs/Users/peleg.katz/Desktop/cx-web-workspace/libs/dashboards-legacy/src/components/forms/color-select/color-gradient-select/@ng/component?c=%2FUsers%2Fpeleg.katz%2FDesktop%2Fcx-web-workspace%2Flibs%2Fdashboards-legacy%2Fsrc%2Fcomponents%2Fforms%2Fcolor-select%2Fcolor-gradient-select%2Fcolor-gradient-select.component.ts%40ColorGradientSelectComponent&t=1780289682856 @ http://c4c.localhost:4200/@vite/client:509
[44348588ms] [ERROR] Failed to load resource: net::ERR_NETWORK_CHANGED @ http://c4c.localhost:4200/@fs/Users/peleg.katz/Desktop/cx-web-workspace/libs/dashboards-legacy/src/components/forms/color-select/color-solid-select/@ng/component?c=%2FUsers%2Fpeleg.katz%2FDesktop%2Fcx-web-workspace%2Flibs%2Fdashboards-legacy%2Fsrc%2Fcomponents%2Fforms%2Fcolor-select%2Fcolor-solid-select%2Fcolor-solid-select.component.ts%40ColorSolidSelectComponent&t=1780289682856:0
[44348589ms] [ERROR] TypeError: Failed to fetch dynamically imported module: http://c4c.localhost:4200/@fs/Users/peleg.katz/Desktop/cx-web-workspace/libs/dashboards-legacy/src/components/forms/color-select/color-solid-select/@ng/component?c=%2FUsers%2Fpeleg.katz%2FDesktop%2Fcx-web-workspace%2Flibs%2Fdashboards-legacy%2Fsrc%2Fcomponents%2Fforms%2Fcolor-select%2Fcolor-solid-select%2Fcolor-solid-select.component.ts%40ColorSolidSelectComponent&t=1780289682856 @ http://c4c.localhost:4200/@vite/client:509
[44348590ms] [ERROR] Failed to load resource: net::ERR_NETWORK_CHANGED @ http://c4c.localhost:4200/@fs/Users/peleg.katz/Desktop/cx-web-workspace/libs/dashboards-legacy/src/components/forms/color-select/color-chip-select/@ng/component?c=%2FUsers%2Fpeleg.katz%2FDesktop%2Fcx-web-workspace%2Flibs%2Fdashboards-legacy%2Fsrc%2Fcomponents%2Fforms%2Fcolor-select%2Fcolor-chip-select%2Fcolor-chip-select.component.ts%40ColorChipSelectComponent&t=1780289682856:0
[44348590ms] [ERROR] TypeError: Failed to fetch dynamically imported module: http://c4c.localhost:4200/@fs/Users/peleg.katz/Desktop/cx-web-workspace/libs/dashboards-legacy/src/components/forms/color-select/color-chip-select/@ng/component?c=%2FUsers%2Fpeleg.katz%2FDesktop%2Fcx-web-workspace%2Flibs%2Fdashboards-legacy%2Fsrc%2Fcomponents%2Fforms%2Fcolor-select%2Fcolor-chip-select%2Fcolor-chip-select.component.ts%40ColorChipSelectComponent&t=1780289682856 @ http://c4c.localhost:4200/@vite/client:509
[44348590ms] [ERROR] Failed to load resource: net::ERR_NETWORK_CHANGED @ http://c4c.localhost:4200/@fs/Users/peleg.katz/Desktop/cx-web-workspace/libs/dashboards-legacy/src/components/forms/date-format-select/@ng/component?c=%2FUsers%2Fpeleg.katz%2FDesktop%2Fcx-web-workspace%2Flibs%2Fdashboards-legacy%2Fsrc%2Fcomponents%2Fforms%2Fdate-format-select%2Fdate-format-select.component.ts%40DateFormatSelectComponent&t=1780289682857:0
[44348590ms] [ERROR] Failed to load resource: net::ERR_NETWORK_CHANGED @ http://c4c.localhost:4200/@fs/Users/peleg.katz/Desktop/cx-web-workspace/libs/dashboards-legacy/src/components/dialogs/send-to-custom-dashboards/@ng/component?c=%2FUsers%2Fpeleg.katz%2FDesktop%2Fcx-web-workspace%2Flibs%2Fdashboards-legacy%2Fsrc%2Fcomponents%2Fdialogs%2Fsend-to-custom-dashboards%2Fsend-to-custom-dashboards-dialog.component.ts%40SendToCustomDashboardsDialogComponent&t=1780289682857:0
[44348590ms] [ERROR] TypeError: Failed to fetch dynamically imported module: http://c4c.localhost:4200/@fs/Users/peleg.katz/Desktop/cx-web-workspace/libs/dashboards-legacy/src/components/forms/date-format-select/@ng/component?c=%2FUsers%2Fpeleg.katz%2FDesktop%2Fcx-web-workspace%2Flibs%2Fdashboards-legacy%2Fsrc%2Fcomponents%2Fforms%2Fdate-format-select%2Fdate-format-select.component.ts%40DateFormatSelectComponent&t=1780289682857 @ http://c4c.localhost:4200/@vite/client:509
[44348590ms] [ERROR] Failed to load resource: net::ERR_NETWORK_CHANGED @ http://c4c.localhost:4200/@fs/Users/peleg.katz/Desktop/cx-web-workspace/libs/dashboards-legacy/src/components/dialogs/rename/@ng/component?c=%2FUsers%2Fpeleg.katz%2FDesktop%2Fcx-web-workspace%2Flibs%2Fdashboards-legacy%2Fsrc%2Fcomponents%2Fdialogs%2Frename%2Frename-dialog.component.ts%40RenameDialogComponent&t=1780289682860:0
[44348591ms] [ERROR] TypeError: Failed to fetch dynamically imported module: http://c4c.localhost:4200/@fs/Users/peleg.katz/Desktop/cx-web-workspace/libs/dashboards-legacy/src/components/dialogs/send-to-custom-dashboards/@ng/component?c=%2FUsers%2Fpeleg.katz%2FDesktop%2Fcx-web-workspace%2Flibs%2Fdashboards-legacy%2Fsrc%2Fcomponents%2Fdialogs%2Fsend-to-custom-dashboards%2Fsend-to-custom-dashboards-dialog.component.ts%40SendToCustomDashboardsDialogComponent&t=1780289682857 @ http://c4c.localhost:4200/@vite/client:509
[44348591ms] [ERROR] TypeError: Failed to fetch dynamically imported module: http://c4c.localhost:4200/@fs/Users/peleg.katz/Desktop/cx-web-workspace/libs/dashboards-legacy/src/components/dialogs/rename/@ng/component?c=%2FUsers%2Fpeleg.katz%2FDesktop%2Fcx-web-workspace%2Flibs%2Fdashboards-legacy%2Fsrc%2Fcomponents%2Fdialogs%2Frename%2Frename-dialog.component.ts%40RenameDialogComponent&t=1780289682860 @ http://c4c.localhost:4200/@vite/client:509
[44348591ms] [ERROR] Failed to load resource: net::ERR_NETWORK_CHANGED @ http://c4c.localhost:4200/@fs/Users/peleg.katz/Desktop/cx-web-workspace/libs/query-builder/metric/src/lib/components/promql-functions-list/functions-menu/@ng/component?c=%2FUsers%2Fpeleg.katz%2FDesktop%2Fcx-web-workspace%2Flibs%2Fquery-builder%2Fmetric%2Fsrc%2Flib%2Fcomponents%2Fpromql-functions-list%2Ffunctions-menu%2Ffunctions-menu.component.ts%40FunctionsMenuComponent&t=1780289682861:0
[44348591ms] [ERROR] TypeError: Failed to fetch dynamically imported module: http://c4c.localhost:4200/@fs/Users/peleg.katz/Desktop/cx-web-workspace/libs/query-builder/metric/src/lib/components/promql-functions-list/functions-menu/@ng/component?c=%2FUsers%2Fpeleg.katz%2FDesktop%2Fcx-web-workspace%2Flibs%2Fquery-builder%2Fmetric%2Fsrc%2Flib%2Fcomponents%2Fpromql-functions-list%2Ffunctions-menu%2Ffunctions-menu.component.ts%40FunctionsMenuComponent&t=1780289682861 @ http://c4c.localhost:4200/@vite/client:509
[44348591ms] [ERROR] Failed to load resource: net::ERR_NETWORK_CHANGED @ http://c4c.localhost:4200/@fs/Users/peleg.katz/Desktop/cx-web-workspace/libs/query-builder/metric/src/lib/components/clause-actions/metric-function-clause-action/@ng/component?c=%2FUsers%2Fpeleg.katz%2FDesktop%2Fcx-web-workspace%2Flibs%2Fquery-builder%2Fmetric%2Fsrc%2Flib%2Fcomponents%2Fclause-actions%2Fmetric-function-clause-action%2Fmetric-function-clause-action.component.ts%40MetricFunctionClauseActionComponent&t=1780289682861:0
[44348591ms] [ERROR] TypeError: Failed to fetch dynamically imported module: http://c4c.localhost:4200/@fs/Users/peleg.katz/Desktop/cx-web-workspace/libs/query-builder/metric/src/lib/components/clause-actions/metric-function-clause-action/@ng/component?c=%2FUsers%2Fpeleg.katz%2FDesktop%2Fcx-web-workspace%2Flibs%2Fquery-builder%2Fmetric%2Fsrc%2Flib%2Fcomponents%2Fclause-actions%2Fmetric-function-clause-action%2Fmetric-function-clause-action.component.ts%40MetricFunctionClauseActionComponent&t=1780289682861 @ http://c4c.localhost:4200/@vite/client:509
[44348591ms] [ERROR] Failed to load resource: net::ERR_NETWORK_CHANGED @ http://c4c.localhost:4200/@fs/Users/peleg.katz/Desktop/cx-web-workspace/libs/query-builder/metric/src/lib/components/clause-actions/metric-filter-clause-action/@ng/component?c=%2FUsers%2Fpeleg.katz%2FDesktop%2Fcx-web-workspace%2Flibs%2Fquery-builder%2Fmetric%2Fsrc%2Flib%2Fcomponents%2Fclause-actions%2Fmetric-filter-clause-action%2Fmetric-filter-clause-action.component.ts%40MetricFilterClauseActionComponent&t=1780289682861:0
[44348591ms] [ERROR] TypeError: Failed to fetch dynamically imported module: http://c4c.localhost:4200/@fs/Users/peleg.katz/Desktop/cx-web-workspace/libs/query-builder/metric/src/lib/components/clause-actions/metric-filter-clause-action/@ng/component?c=%2FUsers%2Fpeleg.katz%2FDesktop%2Fcx-web-workspace%2Flibs%2Fquery-builder%2Fmetric%2Fsrc%2Flib%2Fcomponents%2Fclause-actions%2Fmetric-filter-clause-action%2Fmetric-filter-clause-action.component.ts%40MetricFilterClauseActionComponent&t=1780289682861 @ http://c4c.localhost:4200/@vite/client:509
[44348592ms] [ERROR] Failed to load resource: net::ERR_NETWORK_CHANGED @ http://c4c.localhost:4200/@fs/Users/peleg.katz/Desktop/cx-web-workspace/libs/query-builder/metric/src/lib/components/metric-expression/@ng/component?c=%2FUsers%2Fpeleg.katz%2FDesktop%2Fcx-web-workspace%2Flibs%2Fquery-builder%2Fmetric%2Fsrc%2Flib%2Fcomponents%2Fmetric-expression%2Fmetric-expression.component.ts%40MetricExpressionComponent&t=1780289682862:0
[44348592ms] [ERROR] TypeError: Failed to fetch dynamically imported module: http://c4c.localhost:4200/@fs/Users/peleg.katz/Desktop/cx-web-workspace/libs/query-builder/metric/src/lib/components/metric-expression/@ng/component?c=%2FUsers%2Fpeleg.katz%2FDesktop%2Fcx-web-workspace%2Flibs%2Fquery-builder%2Fmetric%2Fsrc%2Flib%2Fcomponents%2Fmetric-expression%2Fmetric-expression.component.ts%40MetricExpressionComponent&t=1780289682862 @ http://c4c.localhost:4200/@vite/client:509
[44348592ms] [ERROR] Failed to load resource: net::ERR_NETWORK_CHANGED @ http://c4c.localhost:4200/@fs/Users/peleg.katz/Desktop/cx-web-workspace/libs/query-builder/metric/src/lib/components/metric-formula/@ng/component?c=%2FUsers%2Fpeleg.katz%2FDesktop%2Fcx-web-workspace%2Flibs%2Fquery-builder%2Fmetric%2Fsrc%2Flib%2Fcomponents%2Fmetric-formula%2Fmetric-formula.component.ts%40MetricFormulaComponent&t=1780289682862:0
[44348593ms] [ERROR] TypeError: Failed to fetch dynamically imported module: http://c4c.localhost:4200/@fs/Users/peleg.katz/Desktop/cx-web-workspace/libs/query-builder/metric/src/lib/components/metric-formula/@ng/component?c=%2FUsers%2Fpeleg.katz%2FDesktop%2Fcx-web-workspace%2Flibs%2Fquery-builder%2Fmetric%2Fsrc%2Flib%2Fcomponents%2Fmetric-formula%2Fmetric-formula.component.ts%40MetricFormulaComponent&t=1780289682862 @ http://c4c.localhost:4200/@vite/client:509
[44348593ms] [ERROR] Failed to load resource: net::ERR_NETWORK_CHANGED @ http://c4c.localhost:4200/@fs/Users/peleg.katz/Desktop/cx-web-workspace/libs/query-builder/metric/src/lib/components/metric-builder/@ng/component?c=%2FUsers%2Fpeleg.katz%2FDesktop%2Fcx-web-workspace%2Flibs%2Fquery-builder%2Fmetric%2Fsrc%2Flib%2Fcomponents%2Fmetric-builder%2Fmetric-builder.component.ts%40MetricBuilderComponent&t=1780289682863:0
[44348593ms] [ERROR] Failed to load resource: net::ERR_NETWORK_CHANGED @ http://c4c.localhost:4200/@fs/Users/peleg.katz/Desktop/cx-web-workspace/libs/query-builder/metric/src/lib/components/promql-function-editor/aggregation/@ng/component?c=%2FUsers%2Fpeleg.katz%2FDesktop%2Fcx-web-workspace%2Flibs%2Fquery-builder%2Fmetric%2Fsrc%2Flib%2Fcomponents%2Fpromql-function-editor%2Faggregation%2Faggregation-editor.component.ts%40AggregationEditorComponent&t=1780289682863:0
[44348593ms] [ERROR] Failed to load resource: net::ERR_NETWORK_CHANGED @ http://c4c.localhost:4200/@fs/Users/peleg.katz/Desktop/cx-web-workspace/libs/query-builder/metric/src/lib/components/promql-function-editor/rollup/@ng/component?c=%2FUsers%2Fpeleg.katz%2FDesktop%2Fcx-web-workspace%2Flibs%2Fquery-builder%2Fmetric%2Fsrc%2Flib%2Fcomponents%2Fpromql-function-editor%2Frollup%2Frollup-editor.component.ts%40RollupEditorComponent&t=1780289682863:0
[44348593ms] [ERROR] Failed to load resource: net::ERR_NETWORK_CHANGED @ http://c4c.localhost:4200/@fs/Users/peleg.katz/Desktop/cx-web-workspace/libs/query-builder/metric/src/lib/components/promql-function-editor/transformation/@ng/component?c=%2FUsers%2Fpeleg.katz%2FDesktop%2Fcx-web-workspace%2Flibs%2Fquery-builder%2Fmetric%2Fsrc%2Flib%2Fcomponents%2Fpromql-function-editor%2Ftransformation%2Ftransform-editor.component.ts%40TransformEditorComponent&t=1780289682864:0
[44348593ms] [ERROR] Failed to load resource: net::ERR_NETWORK_CHANGED @ http://c4c.localhost:4200/@fs/Users/peleg.katz/Desktop/cx-web-workspace/libs/query-builder/metric/src/lib/components/function-complex-chip/@ng/component?c=%2FUsers%2Fpeleg.katz%2FDesktop%2Fcx-web-workspace%2Flibs%2Fquery-builder%2Fmetric%2Fsrc%2Flib%2Fcomponents%2Ffunction-complex-chip%2Ffunction-complex-chip.component.ts%40FunctionComplexChipComponent&t=1780289682864:0
[44348593ms] [ERROR] Failed to load resource: net::ERR_NETWORK_CHANGED @ http://c4c.localhost:4200/@fs/Users/peleg.katz/Desktop/cx-web-workspace/libs/query-builder/metric/src/lib/components/promql-functions-list/count-menu/@ng/component?c=%2FUsers%2Fpeleg.katz%2FDesktop%2Fcx-web-workspace%2Flibs%2Fquery-builder%2Fmetric%2Fsrc%2Flib%2Fcomponents%2Fpromql-functions-list%2Fcount-menu%2Fcount-menu.component.ts%40CountMenuComponent&t=1780289682864:0
[44348593ms] [ERROR] Failed to load resource: net::ERR_NETWORK_CHANGED @ http://c4c.localhost:4200/@fs/Users/peleg.katz/Desktop/cx-web-workspace/libs/query-builder/metric/src/lib/components/promql-functions-list/transformation-menu/@ng/component?c=%2FUsers%2Fpeleg.katz%2FDesktop%2Fcx-web-workspace%2Flibs%2Fquery-builder%2Fmetric%2Fsrc%2Flib%2Fcomponents%2Fpromql-functions-list%2Ftransformation-menu%2Ftransform-menu.component.ts%40TransformMenuComponent&t=1780289682865:0
[44348593ms] [ERROR] Failed to load resource: net::ERR_NETWORK_CHANGED @ http://c4c.localhost:4200/@fs/Users/peleg.katz/Desktop/cx-web-workspace/libs/query-builder/metric/src/lib/components/promql-functions-list/rollup-menu/@ng/component?c=%2FUsers%2Fpeleg.katz%2FDesktop%2Fcx-web-workspace%2Flibs%2Fquery-builder%2Fmetric%2Fsrc%2Flib%2Fcomponents%2Fpromql-functions-list%2Frollup-menu%2Frollup-menu.component.ts%40RollupMenuComponent&t=1780289682865:0
[44348593ms] [ERROR] Failed to load resource: net::ERR_NETWORK_CHANGED @ http://c4c.localhost:4200/@fs/Users/peleg.katz/Desktop/cx-web-workspace/libs/query-builder/metric/src/lib/components/promql-functions-list/rank-menu/@ng/component?c=%2FUsers%2Fpeleg.katz%2FDesktop%2Fcx-web-workspace%2Flibs%2Fquery-builder%2Fmetric%2Fsrc%2Flib%2Fcomponents%2Fpromql-functions-list%2Frank-menu%2Frank-menu.component.ts%40RankMenuComponent&t=1780289682865:0
[44348593ms] [ERROR] Failed to load resource: net::ERR_NETWORK_CHANGED @ http://c4c.localhost:4200/@fs/Users/peleg.katz/Desktop/cx-web-workspace/libs/query-builder/metric/src/lib/components/promql-functions-list/aggregation-menu/@ng/component?c=%2FUsers%2Fpeleg.katz%2FDesktop%2Fcx-web-workspace%2Flibs%2Fquery-builder%2Fmetric%2Fsrc%2Flib%2Fcomponents%2Fpromql-functions-list%2Faggregation-menu%2Faggregation-menu.component.ts%40AggregationMenuComponent&t=1780289682865:0
[44348593ms] [ERROR] Failed to load resource: net::ERR_NETWORK_CHANGED @ http://c4c.localhost:4200/@fs/Users/peleg.katz/Desktop/cx-web-workspace/libs/metric-explorer/src/lib/components/metric-chart/@ng/component?c=%2FUsers%2Fpeleg.katz%2FDesktop%2Fcx-web-workspace%2Flibs%2Fmetric-explorer%2Fsrc%2Flib%2Fcomponents%2Fmetric-chart%2Fmetric-chart.component.ts%40MetricChartComponent&t=1780289682866:0
[44348593ms] [ERROR] Failed to load resource: net::ERR_NETWORK_CHANGED @ http://c4c.localhost:4200/@fs/Users/peleg.katz/Desktop/cx-web-workspace/libs/metric-explorer/src/lib/components/metric-table/sparkline-cell/@ng/component?c=%2FUsers%2Fpeleg.katz%2FDesktop%2Fcx-web-workspace%2Flibs%2Fmetric-explorer%2Fsrc%2Flib%2Fcomponents%2Fmetric-table%2Fsparkline-cell%2Fsparkline-cell.component.ts%40SparklineCellComponent&t=1780289682867:0
[44348593ms] [ERROR] TypeError: Failed to fetch dynamically imported module: http://c4c.localhost:4200/@fs/Users/peleg.katz/Desktop/cx-web-workspace/libs/query-builder/metric/src/lib/components/metric-builder/@ng/component?c=%2FUsers%2Fpeleg.katz%2FDesktop%2Fcx-web-workspace%2Flibs%2Fquery-builder%2Fmetric%2Fsrc%2Flib%2Fcomponents%2Fmetric-builder%2Fmetric-builder.component.ts%40MetricBuilderComponent&t=1780289682863 @ http://c4c.localhost:4200/@vite/client:509
[44348593ms] [ERROR] Failed to load resource: net::ERR_NETWORK_CHANGED @ http://c4c.localhost:4200/@fs/Users/peleg.katz/Desktop/cx-web-workspace/libs/metric-explorer/src/lib/components/metric-table/highlight-cell/@ng/component?c=%2FUsers%2Fpeleg.katz%2FDesktop%2Fcx-web-workspace%2Flibs%2Fmetric-explorer%2Fsrc%2Flib%2Fcomponents%2Fmetric-table%2Fhighlight-cell%2Fhighlight-cell.component.ts%40HighlightCellComponent&t=1780289682867:0
[44348593ms] [ERROR] Failed to load resource: net::ERR_NETWORK_CHANGED @ http://c4c.localhost:4200/@fs/Users/peleg.katz/Desktop/cx-web-workspace/libs/metric-explorer/src/lib/components/metric-table/@ng/component?c=%2FUsers%2Fpeleg.katz%2FDesktop%2Fcx-web-workspace%2Flibs%2Fmetric-explorer%2Fsrc%2Flib%2Fcomponents%2Fmetric-table%2Fmetric-table.component.ts%40MetricTableComponent&t=1780289682868:0
[44348593ms] [ERROR] TypeError: Failed to fetch dynamically imported module: http://c4c.localhost:4200/@fs/Users/peleg.katz/Desktop/cx-web-workspace/libs/query-builder/metric/src/lib/components/promql-function-editor/aggregation/@ng/component?c=%2FUsers%2Fpeleg.katz%2FDesktop%2Fcx-web-workspace%2Flibs%2Fquery-builder%2Fmetric%2Fsrc%2Flib%2Fcomponents%2Fpromql-function-editor%2Faggregation%2Faggregation-editor.component.ts%40AggregationEditorComponent&t=1780289682863 @ http://c4c.localhost:4200/@vite/client:509
[44348593ms] [ERROR] Failed to load resource: net::ERR_NETWORK_CHANGED @ http://c4c.localhost:4200/@fs/Users/peleg.katz/Desktop/cx-web-workspace/libs/metric-explorer/src/lib/components/drilldown-drawer/drilldown-header/@ng/component?c=%2FUsers%2Fpeleg.katz%2FDesktop%2Fcx-web-workspace%2Flibs%2Fmetric-explorer%2Fsrc%2Flib%2Fcomponents%2Fdrilldown-drawer%2Fdrilldown-header%2Fdrilldown-header.component.ts%40DrilldownHeaderComponent&t=1780289682868:0
[44348593ms] [ERROR] Failed to load resource: net::ERR_NETWORK_CHANGED @ http://c4c.localhost:4200/@fs/Users/peleg.katz/Desktop/cx-web-workspace/libs/metric-explorer/src/lib/components/drilldown-drawer/drilldown-widget/@ng/component?c=%2FUsers%2Fpeleg.katz%2FDesktop%2Fcx-web-workspace%2Flibs%2Fmetric-explorer%2Fsrc%2Flib%2Fcomponents%2Fdrilldown-drawer%2Fdrilldown-widget%2Fdrilldown-widget.component.ts%40DrilldownWidgetComponent&t=1780289682869:0
[44348593ms] [ERROR] TypeError: Failed to fetch dynamically imported module: http://c4c.localhost:4200/@fs/Users/peleg.katz/Desktop/cx-web-workspace/libs/query-builder/metric/src/lib/components/promql-function-editor/rollup/@ng/component?c=%2FUsers%2Fpeleg.katz%2FDesktop%2Fcx-web-workspace%2Flibs%2Fquery-builder%2Fmetric%2Fsrc%2Flib%2Fcomponents%2Fpromql-function-editor%2Frollup%2Frollup-editor.component.ts%40RollupEditorComponent&t=1780289682863 @ http://c4c.localhost:4200/@vite/client:509
[44348593ms] [ERROR] Failed to load resource: net::ERR_NETWORK_CHANGED @ http://c4c.localhost:4200/@fs/Users/peleg.katz/Desktop/cx-web-workspace/libs/metric-explorer/src/lib/components/drilldown-drawer/@ng/component?c=%2FUsers%2Fpeleg.katz%2FDesktop%2Fcx-web-workspace%2Flibs%2Fmetric-explorer%2Fsrc%2Flib%2Fcomponents%2Fdrilldown-drawer%2Fdrilldown-drawer.component.ts%40DrilldownDrawerComponent&t=1780289682869:0
[44348593ms] [ERROR] Failed to load resource: net::ERR_NETWORK_CHANGED @ http://c4c.localhost:4200/@fs/Users/peleg.katz/Desktop/cx-web-workspace/libs/metric-explorer/src/lib/components/query-summary/@ng/component?c=%2FUsers%2Fpeleg.katz%2FDesktop%2Fcx-web-workspace%2Flibs%2Fmetric-explorer%2Fsrc%2Flib%2Fcomponents%2Fquery-summary%2Fquery-summary.component.ts%40QuerySummaryComponent&t=1780289682870:0
[44348593ms] [ERROR] TypeError: Failed to fetch dynamically imported module: http://c4c.localhost:4200/@fs/Users/peleg.katz/Desktop/cx-web-workspace/libs/query-builder/metric/src/lib/components/promql-function-editor/transformation/@ng/component?c=%2FUsers%2Fpeleg.katz%2FDesktop%2Fcx-web-workspace%2Flibs%2Fquery-builder%2Fmetric%2Fsrc%2Flib%2Fcomponents%2Fpromql-function-editor%2Ftransformation%2Ftransform-editor.component.ts%40TransformEditorComponent&t=1780289682864 @ http://c4c.localhost:4200/@vite/client:509
[44348593ms] [ERROR] Failed to load resource: net::ERR_NETWORK_CHANGED @ http://c4c.localhost:4200/@fs/Users/peleg.katz/Desktop/cx-web-workspace/libs/metric-explorer/src/lib/tabs/tab-content/@ng/component?c=%2FUsers%2Fpeleg.katz%2FDesktop%2Fcx-web-workspace%2Flibs%2Fmetric-explorer%2Fsrc%2Flib%2Ftabs%2Ftab-content%2Fmetric-tab-content.component.ts%40MetricTabContentComponent&t=1780289682870:0
[44348593ms] [ERROR] Failed to load resource: net::ERR_NETWORK_CHANGED @ http://c4c.localhost:4200/@fs/Users/peleg.katz/Desktop/cx-web-workspace/libs/metric-explorer/src/lib/metric-explorer/@ng/component?c=%2FUsers%2Fpeleg.katz%2FDesktop%2Fcx-web-workspace%2Flibs%2Fmetric-explorer%2Fsrc%2Flib%2Fmetric-explorer%2Fmetric-explorer.component.ts%40MetricExplorerComponent&t=1780289682871:0
[44348593ms] [ERROR] TypeError: Failed to fetch dynamically imported module: http://c4c.localhost:4200/@fs/Users/peleg.katz/Desktop/cx-web-workspace/libs/query-builder/metric/src/lib/components/function-complex-chip/@ng/component?c=%2FUsers%2Fpeleg.katz%2FDesktop%2Fcx-web-workspace%2Flibs%2Fquery-builder%2Fmetric%2Fsrc%2Flib%2Fcomponents%2Ffunction-complex-chip%2Ffunction-complex-chip.component.ts%40FunctionComplexChipComponent&t=1780289682864 @ http://c4c.localhost:4200/@vite/client:509
[44348594ms] [ERROR] Failed to load resource: net::ERR_NETWORK_CHANGED @ http://c4c.localhost:4200/@fs/Users/peleg.katz/Desktop/cx-web-workspace/libs/infrastructure-explorer/src/lib/shared/components/fair-usage-banner/@ng/component?c=%2FUsers%2Fpeleg.katz%2FDesktop%2Fcx-web-workspace%2Flibs%2Finfrastructure-explorer%2Fsrc%2Flib%2Fshared%2Fcomponents%2Ffair-usage-banner%2Ffair-usage-limit-announcement.component.ts%40FairUsageLimitAnnouncementComponent&t=1780289682871:0
[44348594ms] [ERROR] Failed to load resource: net::ERR_NETWORK_CHANGED @ http://c4c.localhost:4200/@fs/Users/peleg.katz/Desktop/cx-web-workspace/libs/infrastructure-explorer/src/lib/pages/catalog/@ng/component?c=%2FUsers%2Fpeleg.katz%2FDesktop%2Fcx-web-workspace%2Flibs%2Finfrastructure-explorer%2Fsrc%2Flib%2Fpages%2Fcatalog%2Fcatalog-page.component.ts%40CatalogPageComponent&t=1780289682871:0
[44348594ms] [ERROR] TypeError: Failed to fetch dynamically imported module: http://c4c.localhost:4200/@fs/Users/peleg.katz/Desktop/cx-web-workspace/libs/query-builder/metric/src/lib/components/promql-functions-list/count-menu/@ng/component?c=%2FUsers%2Fpeleg.katz%2FDesktop%2Fcx-web-workspace%2Flibs%2Fquery-builder%2Fmetric%2Fsrc%2Flib%2Fcomponents%2Fpromql-functions-list%2Fcount-menu%2Fcount-menu.component.ts%40CountMenuComponent&t=1780289682864 @ http://c4c.localhost:4200/@vite/client:509
[44348594ms] [ERROR] TypeError: Failed to fetch dynamically imported module: http://c4c.localhost:4200/@fs/Users/peleg.katz/Desktop/cx-web-workspace/libs/query-builder/metric/src/lib/components/promql-functions-list/transformation-menu/@ng/component?c=%2FUsers%2Fpeleg.katz%2FDesktop%2Fcx-web-workspace%2Flibs%2Fquery-builder%2Fmetric%2Fsrc%2Flib%2Fcomponents%2Fpromql-functions-list%2Ftransformation-menu%2Ftransform-menu.component.ts%40TransformMenuComponent&t=1780289682865 @ http://c4c.localhost:4200/@vite/client:509
[44348594ms] [ERROR] TypeError: Failed to fetch dynamically imported module: http://c4c.localhost:4200/@fs/Users/peleg.katz/Desktop/cx-web-workspace/libs/query-builder/metric/src/lib/components/promql-functions-list/rollup-menu/@ng/component?c=%2FUsers%2Fpeleg.katz%2FDesktop%2Fcx-web-workspace%2Flibs%2Fquery-builder%2Fmetric%2Fsrc%2Flib%2Fcomponents%2Fpromql-functions-list%2Frollup-menu%2Frollup-menu.component.ts%40RollupMenuComponent&t=1780289682865 @ http://c4c.localhost:4200/@vite/client:509
[44348594ms] [ERROR] TypeError: Failed to fetch dynamically imported module: http://c4c.localhost:4200/@fs/Users/peleg.katz/Desktop/cx-web-workspace/libs/query-builder/metric/src/lib/components/promql-functions-list/rank-menu/@ng/component?c=%2FUsers%2Fpeleg.katz%2FDesktop%2Fcx-web-workspace%2Flibs%2Fquery-builder%2Fmetric%2Fsrc%2Flib%2Fcomponents%2Fpromql-functions-list%2Frank-menu%2Frank-menu.component.ts%40RankMenuComponent&t=1780289682865 @ http://c4c.localhost:4200/@vite/client:509
[44348594ms] [ERROR] TypeError: Failed to fetch dynamically imported module: http://c4c.localhost:4200/@fs/Users/peleg.katz/Desktop/cx-web-workspace/libs/query-builder/metric/src/lib/components/promql-functions-list/aggregation-menu/@ng/component?c=%2FUsers%2Fpeleg.katz%2FDesktop%2Fcx-web-workspace%2Flibs%2Fquery-builder%2Fmetric%2Fsrc%2Flib%2Fcomponents%2Fpromql-functions-list%2Faggregation-menu%2Faggregation-menu.component.ts%40AggregationMenuComponent&t=1780289682865 @ http://c4c.localhost:4200/@vite/client:509
[44348594ms] [ERROR] Failed to load resource: net::ERR_NETWORK_CHANGED @ http://c4c.localhost:4200/@fs/Users/peleg.katz/Desktop/cx-web-workspace/libs/infrastructure-explorer/src/lib/shared/components/resource-health/@ng/component?c=%2FUsers%2Fpeleg.katz%2FDesktop%2Fcx-web-workspace%2Flibs%2Finfrastructure-explorer%2Fsrc%2Flib%2Fshared%2Fcomponents%2Fresource-health%2Fresource-health.component.ts%40ResourceHealthComponent&t=1780289682872:0
[44348594ms] [ERROR] TypeError: Failed to fetch dynamically imported module: http://c4c.localhost:4200/@fs/Users/peleg.katz/Desktop/cx-web-workspace/libs/metric-explorer/src/lib/components/metric-chart/@ng/component?c=%2FUsers%2Fpeleg.katz%2FDesktop%2Fcx-web-workspace%2Flibs%2Fmetric-explorer%2Fsrc%2Flib%2Fcomponents%2Fmetric-chart%2Fmetric-chart.component.ts%40MetricChartComponent&t=1780289682866 @ http://c4c.localhost:4200/@vite/client:509
[44348594ms] [ERROR] TypeError: Failed to fetch dynamically imported module: http://c4c.localhost:4200/@fs/Users/peleg.katz/Desktop/cx-web-workspace/libs/metric-explorer/src/lib/components/metric-table/sparkline-cell/@ng/component?c=%2FUsers%2Fpeleg.katz%2FDesktop%2Fcx-web-workspace%2Flibs%2Fmetric-explorer%2Fsrc%2Flib%2Fcomponents%2Fmetric-table%2Fsparkline-cell%2Fsparkline-cell.component.ts%40SparklineCellComponent&t=1780289682867 @ http://c4c.localhost:4200/@vite/client:509
[44348594ms] [ERROR] Failed to load resource: net::ERR_NETWORK_CHANGED @ http://c4c.localhost:4200/@fs/Users/peleg.katz/Desktop/cx-web-workspace/libs/infrastructure-explorer/src/lib/pages/catalog/catalog-drilldown/catalog-entity-metadata/@ng/component?c=%2FUsers%2Fpeleg.katz%2FDesktop%2Fcx-web-workspace%2Flibs%2Finfrastructure-explorer%2Fsrc%2Flib%2Fpages%2Fcatalog%2Fcatalog-drilldown%2Fcatalog-entity-metadata%2Fcatalog-entity-metadata.component.ts%40CatalogEntityMetadataComponent&t=1780289682872:0
[44348594ms] [ERROR] Failed to load resource: net::ERR_NETWORK_CHANGED @ http://c4c.localhost:4200/@fs/Users/peleg.katz/Desktop/cx-web-workspace/libs/infrastructure-explorer/src/lib/pages/catalog/catalog-drilldown/@ng/component?c=%2FUsers%2Fpeleg.katz%2FDesktop%2Fcx-web-workspace%2Flibs%2Finfrastructure-explorer%2Fsrc%2Flib%2Fpages%2Fcatalog%2Fcatalog-drilldown%2Fcatalog-drilldown.component.ts%40CatalogDrilldownComponent&t=1780289682873:0
[44348594ms] [ERROR] Failed to load resource: net::ERR_NETWORK_CHANGED @ http://c4c.localhost:4200/@fs/Users/peleg.katz/Desktop/cx-web-workspace/libs/infrastructure-explorer/src/lib/pages/health-rules/health-rules-toggle-dialog/@ng/component?c=%2FUsers%2Fpeleg.katz%2FDesktop%2Fcx-web-workspace%2Flibs%2Finfrastructure-explorer%2Fsrc%2Flib%2Fpages%2Fhealth-rules%2Fhealth-rules-toggle-dialog%2Fhealth-rules-toggle-dialog.component.ts%40HealthRulesToggleDialogComponent&t=1780289682873:0
[44348594ms] [ERROR] TypeError: Failed to fetch dynamically imported module: http://c4c.localhost:4200/@fs/Users/peleg.katz/Desktop/cx-web-workspace/libs/metric-explorer/src/lib/components/metric-table/highlight-cell/@ng/component?c=%2FUsers%2Fpeleg.katz%2FDesktop%2Fcx-web-workspace%2Flibs%2Fmetric-explorer%2Fsrc%2Flib%2Fcomponents%2Fmetric-table%2Fhighlight-cell%2Fhighlight-cell.component.ts%40HighlightCellComponent&t=1780289682867 @ http://c4c.localhost:4200/@vite/client:509
[44348594ms] [ERROR] TypeError: Failed to fetch dynamically imported module: http://c4c.localhost:4200/@fs/Users/peleg.katz/Desktop/cx-web-workspace/libs/metric-explorer/src/lib/components/metric-table/@ng/component?c=%2FUsers%2Fpeleg.katz%2FDesktop%2Fcx-web-workspace%2Flibs%2Fmetric-explorer%2Fsrc%2Flib%2Fcomponents%2Fmetric-table%2Fmetric-table.component.ts%40MetricTableComponent&t=1780289682868 @ http://c4c.localhost:4200/@vite/client:509
[44348594ms] [ERROR] Failed to load resource: net::ERR_NETWORK_CHANGED @ http://c4c.localhost:4200/@fs/Users/peleg.katz/Desktop/cx-web-workspace/libs/infrastructure-explorer/src/lib/pages/health-rules/shared/excluded-resources-renderer/@ng/component?c=%2FUsers%2Fpeleg.katz%2FDesktop%2Fcx-web-workspace%2Flibs%2Finfrastructure-explorer%2Fsrc%2Flib%2Fpages%2Fhealth-rules%2Fshared%2Fexcluded-resources-renderer%2Fexcluded-resources-renderer.component.ts%40ExcludedResourcesRendererComponent&t=1780289682873:0
[44348594ms] [ERROR] TypeError: Failed to fetch dynamically imported module: http://c4c.localhost:4200/@fs/Users/peleg.katz/Desktop/cx-web-workspace/libs/metric-explorer/src/lib/components/drilldown-drawer/drilldown-header/@ng/component?c=%2FUsers%2Fpeleg.katz%2FDesktop%2Fcx-web-workspace%2Flibs%2Fmetric-explorer%2Fsrc%2Flib%2Fcomponents%2Fdrilldown-drawer%2Fdrilldown-header%2Fdrilldown-header.component.ts%40DrilldownHeaderComponent&t=1780289682868 @ http://c4c.localhost:4200/@vite/client:509
[44348595ms] [ERROR] TypeError: Failed to fetch dynamically imported module: http://c4c.localhost:4200/@fs/Users/peleg.katz/Desktop/cx-web-workspace/libs/metric-explorer/src/lib/components/drilldown-drawer/drilldown-widget/@ng/component?c=%2FUsers%2Fpeleg.katz%2FDesktop%2Fcx-web-workspace%2Flibs%2Fmetric-explorer%2Fsrc%2Flib%2Fcomponents%2Fdrilldown-drawer%2Fdrilldown-widget%2Fdrilldown-widget.component.ts%40DrilldownWidgetComponent&t=1780289682869 @ http://c4c.localhost:4200/@vite/client:509
[44348595ms] [ERROR] TypeError: Failed to fetch dynamically imported module: http://c4c.localhost:4200/@fs/Users/peleg.katz/Desktop/cx-web-workspace/libs/metric-explorer/src/lib/components/drilldown-drawer/@ng/component?c=%2FUsers%2Fpeleg.katz%2FDesktop%2Fcx-web-workspace%2Flibs%2Fmetric-explorer%2Fsrc%2Flib%2Fcomponents%2Fdrilldown-drawer%2Fdrilldown-drawer.component.ts%40DrilldownDrawerComponent&t=1780289682869 @ http://c4c.localhost:4200/@vite/client:509
[44348595ms] [ERROR] TypeError: Failed to fetch dynamically imported module: http://c4c.localhost:4200/@fs/Users/peleg.katz/Desktop/cx-web-workspace/libs/metric-explorer/src/lib/components/query-summary/@ng/component?c=%2FUsers%2Fpeleg.katz%2FDesktop%2Fcx-web-workspace%2Flibs%2Fmetric-explorer%2Fsrc%2Flib%2Fcomponents%2Fquery-summary%2Fquery-summary.component.ts%40QuerySummaryComponent&t=1780289682870 @ http://c4c.localhost:4200/@vite/client:509
[44348595ms] [ERROR] TypeError: Failed to fetch dynamically imported module: http://c4c.localhost:4200/@fs/Users/peleg.katz/Desktop/cx-web-workspace/libs/metric-explorer/src/lib/tabs/tab-content/@ng/component?c=%2FUsers%2Fpeleg.katz%2FDesktop%2Fcx-web-workspace%2Flibs%2Fmetric-explorer%2Fsrc%2Flib%2Ftabs%2Ftab-content%2Fmetric-tab-content.component.ts%40MetricTabContentComponent&t=1780289682870 @ http://c4c.localhost:4200/@vite/client:509
[44348595ms] [ERROR] TypeError: Failed to fetch dynamically imported module: http://c4c.localhost:4200/@fs/Users/peleg.katz/Desktop/cx-web-workspace/libs/metric-explorer/src/lib/metric-explorer/@ng/component?c=%2FUsers%2Fpeleg.katz%2FDesktop%2Fcx-web-workspace%2Flibs%2Fmetric-explorer%2Fsrc%2Flib%2Fmetric-explorer%2Fmetric-explorer.component.ts%40MetricExplorerComponent&t=1780289682871 @ http://c4c.localhost:4200/@vite/client:509
[44348595ms] [ERROR] TypeError: Failed to fetch dynamically imported module: http://c4c.localhost:4200/@fs/Users/peleg.katz/Desktop/cx-web-workspace/libs/infrastructure-explorer/src/lib/shared/components/fair-usage-banner/@ng/component?c=%2FUsers%2Fpeleg.katz%2FDesktop%2Fcx-web-workspace%2Flibs%2Finfrastructure-explorer%2Fsrc%2Flib%2Fshared%2Fcomponents%2Ffair-usage-banner%2Ffair-usage-limit-announcement.component.ts%40FairUsageLimitAnnouncementComponent&t=1780289682871 @ http://c4c.localhost:4200/@vite/client:509
[44348595ms] [ERROR] TypeError: Failed to fetch dynamically imported module: http://c4c.localhost:4200/@fs/Users/peleg.katz/Desktop/cx-web-workspace/libs/infrastructure-explorer/src/lib/pages/catalog/@ng/component?c=%2FUsers%2Fpeleg.katz%2FDesktop%2Fcx-web-workspace%2Flibs%2Finfrastructure-explorer%2Fsrc%2Flib%2Fpages%2Fcatalog%2Fcatalog-page.component.ts%40CatalogPageComponent&t=1780289682871 @ http://c4c.localhost:4200/@vite/client:509
[44348595ms] [ERROR] Failed to load resource: net::ERR_NETWORK_CHANGED @ http://c4c.localhost:4200/@fs/Users/peleg.katz/Desktop/cx-web-workspace/libs/infrastructure-explorer/src/lib/pages/health-rules/shared/@ng/component?c=%2FUsers%2Fpeleg.katz%2FDesktop%2Fcx-web-workspace%2Flibs%2Finfrastructure-explorer%2Fsrc%2Flib%2Fpages%2Fhealth-rules%2Fshared%2Frule-step-card.component.ts%40RuleStepCardComponent&t=1780289682874:0
[44348595ms] [ERROR] Failed to load resource: net::ERR_NETWORK_CHANGED @ http://c4c.localhost:4200/@fs/Users/peleg.katz/Desktop/cx-web-workspace/libs/infrastructure-explorer/src/lib/pages/health-rules/shared/@ng/component?c=%2FUsers%2Fpeleg.katz%2FDesktop%2Fcx-web-workspace%2Flibs%2Finfrastructure-explorer%2Fsrc%2Flib%2Fpages%2Fhealth-rules%2Fshared%2Frule-step-header.component.ts%40RuleStepHeaderComponent&t=1780289682874:0
[44348595ms] [ERROR] TypeError: Failed to fetch dynamically imported module: http://c4c.localhost:4200/@fs/Users/peleg.katz/Desktop/cx-web-workspace/libs/infrastructure-explorer/src/lib/shared/components/resource-health/@ng/component?c=%2FUsers%2Fpeleg.katz%2FDesktop%2Fcx-web-workspace%2Flibs%2Finfrastructure-explorer%2Fsrc%2Flib%2Fshared%2Fcomponents%2Fresource-health%2Fresource-health.component.ts%40ResourceHealthComponent&t=1780289682872 @ http://c4c.localhost:4200/@vite/client:509
[44348595ms] [ERROR] Failed to load resource: net::ERR_NETWORK_CHANGED @ http://c4c.localhost:4200/@fs/Users/peleg.katz/Desktop/cx-web-workspace/libs/infrastructure-explorer/src/lib/pages/health-rules/shared/rule-scope/@ng/component?c=%2FUsers%2Fpeleg.katz%2FDesktop%2Fcx-web-workspace%2Flibs%2Finfrastructure-explorer%2Fsrc%2Flib%2Fpages%2Fhealth-rules%2Fshared%2Frule-scope%2Frule-scope.component.ts%40RuleScopeComponent&t=1780289682875:0
[44348595ms] [ERROR] Failed to load resource: net::ERR_NETWORK_CHANGED @ http://c4c.localhost:4200/@fs/Users/peleg.katz/Desktop/cx-web-workspace/libs/infrastructure-explorer/src/lib/pages/health-rules/shared/rule-policies/@ng/component?c=%2FUsers%2Fpeleg.katz%2FDesktop%2Fcx-web-workspace%2Flibs%2Finfrastructure-explorer%2Fsrc%2Flib%2Fpages%2Fhealth-rules%2Fshared%2Frule-policies%2Frule-policies.component.ts%40RulePoliciesComponent&t=1780289682876:0
[44348595ms] [ERROR] Failed to load resource: net::ERR_NETWORK_CHANGED @ http://c4c.localhost:4200/@fs/Users/peleg.katz/Desktop/cx-web-workspace/libs/infrastructure-explorer/src/lib/pages/health-rules/shared/resources-grid/@ng/component?c=%2FUsers%2Fpeleg.katz%2FDesktop%2Fcx-web-workspace%2Flibs%2Finfrastructure-explorer%2Fsrc%2Flib%2Fpages%2Fhealth-rules%2Fshared%2Fresources-grid%2Fresources-grid.component.ts%40ResourcesGridComponent&t=1780289682876:0
[44348595ms] [ERROR] Failed to load resource: net::ERR_NETWORK_CHANGED @ http://c4c.localhost:4200/@fs/Users/peleg.katz/Desktop/cx-web-workspace/libs/infrastructure-explorer/src/lib/pages/health-rules/shared/resource-preview/@ng/component?c=%2FUsers%2Fpeleg.katz%2FDesktop%2Fcx-web-workspace%2Flibs%2Finfrastructure-explorer%2Fsrc%2Flib%2Fpages%2Fhealth-rules%2Fshared%2Fresource-preview%2Fresource-preview.component.ts%40ResourcePreviewComponent&t=1780289682877:0
[44348595ms] [ERROR] Failed to load resource: net::ERR_NETWORK_CHANGED @ http://c4c.localhost:4200/@fs/Users/peleg.katz/Desktop/cx-web-workspace/libs/infrastructure-explorer/src/lib/pages/health-rules/edit-rule-drawer/@ng/component?c=%2FUsers%2Fpeleg.katz%2FDesktop%2Fcx-web-workspace%2Flibs%2Finfrastructure-explorer%2Fsrc%2Flib%2Fpages%2Fhealth-rules%2Fedit-rule-drawer%2Fedit-rule-drawer.component.ts%40EditRuleDrawerComponent&t=1780289682877:0
[44348595ms] [ERROR] Failed to load resource: net::ERR_NETWORK_CHANGED @ http://c4c.localhost:4200/@fs/Users/peleg.katz/Desktop/cx-web-workspace/libs/infrastructure-explorer/src/lib/pages/health-rules/health-rules-delete-dialog/@ng/component?c=%2FUsers%2Fpeleg.katz%2FDesktop%2Fcx-web-workspace%2Flibs%2Finfrastructure-explorer%2Fsrc%2Flib%2Fpages%2Fhealth-rules%2Fhealth-rules-delete-dialog%2Fhealth-rules-delete-dialog.component.ts%40HealthRulesDeleteDialogComponent&t=1780289682877:0
[44348595ms] [ERROR] Failed to load resource: net::ERR_NETWORK_CHANGED @ http://c4c.localhost:4200/@fs/Users/peleg.katz/Desktop/cx-web-workspace/libs/infrastructure-explorer/src/lib/pages/health-rules/new-rule-drawer/@ng/component?c=%2FUsers%2Fpeleg.katz%2FDesktop%2Fcx-web-workspace%2Flibs%2Finfrastructure-explorer%2Fsrc%2Flib%2Fpages%2Fhealth-rules%2Fnew-rule-drawer%2Fnew-rule-drawer.component.ts%40NewRuleDrawerComponent&t=1780289682878:0
[44348595ms] [ERROR] Failed to load resource: net::ERR_NETWORK_CHANGED @ http://c4c.localhost:4200/@fs/Users/peleg.katz/Desktop/cx-web-workspace/libs/infrastructure-explorer/src/lib/pages/health-rules/health-rules-sidebar/@ng/component?c=%2FUsers%2Fpeleg.katz%2FDesktop%2Fcx-web-workspace%2Flibs%2Finfrastructure-explorer%2Fsrc%2Flib%2Fpages%2Fhealth-rules%2Fhealth-rules-sidebar%2Fhealth-rules-sidebar.component.ts%40HealthRulesSidebarComponent&t=1780289682878:0
[44348595ms] [ERROR] TypeError: Failed to fetch dynamically imported module: http://c4c.localhost:4200/@fs/Users/peleg.katz/Desktop/cx-web-workspace/libs/infrastructure-explorer/src/lib/pages/catalog/catalog-drilldown/catalog-entity-metadata/@ng/component?c=%2FUsers%2Fpeleg.katz%2FDesktop%2Fcx-web-workspace%2Flibs%2Finfrastructure-explorer%2Fsrc%2Flib%2Fpages%2Fcatalog%2Fcatalog-drilldown%2Fcatalog-entity-metadata%2Fcatalog-entity-metadata.component.ts%40CatalogEntityMetadataComponent&t=1780289682872 @ http://c4c.localhost:4200/@vite/client:509
[44348595ms] [ERROR] Failed to load resource: net::ERR_NETWORK_CHANGED @ http://c4c.localhost:4200/@fs/Users/peleg.katz/Desktop/cx-web-workspace/libs/infrastructure-explorer/src/lib/pages/health-rules/rule-details-drawer/rule-details-metadata/@ng/component?c=%2FUsers%2Fpeleg.katz%2FDesktop%2Fcx-web-workspace%2Flibs%2Finfrastructure-explorer%2Fsrc%2Flib%2Fpages%2Fhealth-rules%2Frule-details-drawer%2Frule-details-metadata%2Frule-details-metadata.component.ts%40RuleDetailsMetadataComponent&t=1780289682879:0
[44348595ms] [ERROR] TypeError: Failed to fetch dynamically imported module: http://c4c.localhost:4200/@fs/Users/peleg.katz/Desktop/cx-web-workspace/libs/infrastructure-explorer/src/lib/pages/catalog/catalog-drilldown/@ng/component?c=%2FUsers%2Fpeleg.katz%2FDesktop%2Fcx-web-workspace%2Flibs%2Finfrastructure-explorer%2Fsrc%2Flib%2Fpages%2Fcatalog%2Fcatalog-drilldown%2Fcatalog-drilldown.component.ts%40CatalogDrilldownComponent&t=1780289682873 @ http://c4c.localhost:4200/@vite/client:509
[44348595ms] [ERROR] Failed to load resource: net::ERR_NETWORK_CHANGED @ http://c4c.localhost:4200/@fs/Users/peleg.katz/Desktop/cx-web-workspace/libs/infrastructure-explorer/src/lib/pages/health-rules/rule-details-drawer/rule-details-accordion-section-header/@ng/component?c=%2FUsers%2Fpeleg.katz%2FDesktop%2Fcx-web-workspace%2Flibs%2Finfrastructure-explorer%2Fsrc%2Flib%2Fpages%2Fhealth-rules%2Frule-details-drawer%2Frule-details-accordion-section-header%2Frule-details-accordion-section-header.component.ts%40RuleDetailsAccordionSectionHeaderComponent&t=1780289682879:0
[44348596ms] [ERROR] TypeError: Failed to fetch dynamically imported module: http://c4c.localhost:4200/@fs/Users/peleg.katz/Desktop/cx-web-workspace/libs/infrastructure-explorer/src/lib/pages/health-rules/health-rules-toggle-dialog/@ng/component?c=%2FUsers%2Fpeleg.katz%2FDesktop%2Fcx-web-workspace%2Flibs%2Finfrastructure-explorer%2Fsrc%2Flib%2Fpages%2Fhealth-rules%2Fhealth-rules-toggle-dialog%2Fhealth-rules-toggle-dialog.component.ts%40HealthRulesToggleDialogComponent&t=1780289682873 @ http://c4c.localhost:4200/@vite/client:509
[44348596ms] [ERROR] TypeError: Failed to fetch dynamically imported module: http://c4c.localhost:4200/@fs/Users/peleg.katz/Desktop/cx-web-workspace/libs/infrastructure-explorer/src/lib/pages/health-rules/shared/excluded-resources-renderer/@ng/component?c=%2FUsers%2Fpeleg.katz%2FDesktop%2Fcx-web-workspace%2Flibs%2Finfrastructure-explorer%2Fsrc%2Flib%2Fpages%2Fhealth-rules%2Fshared%2Fexcluded-resources-renderer%2Fexcluded-resources-renderer.component.ts%40ExcludedResourcesRendererComponent&t=1780289682873 @ http://c4c.localhost:4200/@vite/client:509
[44348596ms] [ERROR] Failed to load resource: net::ERR_NETWORK_CHANGED @ http://c4c.localhost:4200/@fs/Users/peleg.katz/Desktop/cx-web-workspace/libs/infrastructure-explorer/src/lib/pages/health-rules/shared/excluded-resources-renderer-cell/@ng/component?c=%2FUsers%2Fpeleg.katz%2FDesktop%2Fcx-web-workspace%2Flibs%2Finfrastructure-explorer%2Fsrc%2Flib%2Fpages%2Fhealth-rules%2Fshared%2Fexcluded-resources-renderer-cell%2Fexcluded-resources-renderer-cell.component.ts%40ExcludedResourcesRendererCellComponent&t=1780289682880:0
[44348596ms] [ERROR] TypeError: Failed to fetch dynamically imported module: http://c4c.localhost:4200/@fs/Users/peleg.katz/Desktop/cx-web-workspace/libs/infrastructure-explorer/src/lib/pages/health-rules/shared/@ng/component?c=%2FUsers%2Fpeleg.katz%2FDesktop%2Fcx-web-workspace%2Flibs%2Finfrastructure-explorer%2Fsrc%2Flib%2Fpages%2Fhealth-rules%2Fshared%2Frule-step-card.component.ts%40RuleStepCardComponent&t=1780289682874 @ http://c4c.localhost:4200/@vite/client:509
[44348596ms] [ERROR] TypeError: Failed to fetch dynamically imported module: http://c4c.localhost:4200/@fs/Users/peleg.katz/Desktop/cx-web-workspace/libs/infrastructure-explorer/src/lib/pages/health-rules/shared/@ng/component?c=%2FUsers%2Fpeleg.katz%2FDesktop%2Fcx-web-workspace%2Flibs%2Finfrastructure-explorer%2Fsrc%2Flib%2Fpages%2Fhealth-rules%2Fshared%2Frule-step-header.component.ts%40RuleStepHeaderComponent&t=1780289682874 @ http://c4c.localhost:4200/@vite/client:509
[44348596ms] [ERROR] Failed to load resource: net::ERR_NETWORK_CHANGED @ http://c4c.localhost:4200/@fs/Users/peleg.katz/Desktop/cx-web-workspace/libs/infrastructure-explorer/src/lib/pages/health-rules/rule-details-drawer/rule-details-section-details/@ng/component?c=%2FUsers%2Fpeleg.katz%2FDesktop%2Fcx-web-workspace%2Flibs%2Finfrastructure-explorer%2Fsrc%2Flib%2Fpages%2Fhealth-rules%2Frule-details-drawer%2Frule-details-section-details%2Frule-details-section-details.component.ts%40RuleDetailsSectionDetailsComponent&t=1780289682880:0
[44348596ms] [ERROR] Failed to load resource: net::ERR_NETWORK_CHANGED @ http://c4c.localhost:4200/@fs/Users/peleg.katz/Desktop/cx-web-workspace/libs/infrastructure-explorer/src/lib/pages/health-rules/rule-details-drawer/rule-details-section-policies/@ng/component?c=%2FUsers%2Fpeleg.katz%2FDesktop%2Fcx-web-workspace%2Flibs%2Finfrastructure-explorer%2Fsrc%2Flib%2Fpages%2Fhealth-rules%2Frule-details-drawer%2Frule-details-section-policies%2Frule-details-section-policies.component.ts%40RuleDetailsSectionPoliciesComponent&t=1780289682880:0
[44348596ms] [ERROR] Failed to load resource: net::ERR_NETWORK_CHANGED @ http://c4c.localhost:4200/@fs/Users/peleg.katz/Desktop/cx-web-workspace/libs/infrastructure-explorer/src/lib/pages/health-rules/rule-details-drawer/rule-details-section-policies/@ng/component?c=%2FUsers%2Fpeleg.katz%2FDesktop%2Fcx-web-workspace%2Flibs%2Finfrastructure-explorer%2Fsrc%2Flib%2Fpages%2Fhealth-rules%2Frule-details-drawer%2Frule-details-section-policies%2Frule-details-section-policies-header.component.ts%40RuleDetailsSectionPoliciesHeaderComponent&t=1780289682881:0
[44348596ms] [ERROR] TypeError: Failed to fetch dynamically imported module: http://c4c.localhost:4200/@fs/Users/peleg.katz/Desktop/cx-web-workspace/libs/infrastructure-explorer/src/lib/pages/health-rules/shared/rule-scope/@ng/component?c=%2FUsers%2Fpeleg.katz%2FDesktop%2Fcx-web-workspace%2Flibs%2Finfrastructure-explorer%2Fsrc%2Flib%2Fpages%2Fhealth-rules%2Fshared%2Frule-scope%2Frule-scope.component.ts%40RuleScopeComponent&t=1780289682875 @ http://c4c.localhost:4200/@vite/client:509
[44348596ms] [ERROR] TypeError: Failed to fetch dynamically imported module: http://c4c.localhost:4200/@fs/Users/peleg.katz/Desktop/cx-web-workspace/libs/infrastructure-explorer/src/lib/pages/health-rules/shared/rule-policies/@ng/component?c=%2FUsers%2Fpeleg.katz%2FDesktop%2Fcx-web-workspace%2Flibs%2Finfrastructure-explorer%2Fsrc%2Flib%2Fpages%2Fhealth-rules%2Fshared%2Frule-policies%2Frule-policies.component.ts%40RulePoliciesComponent&t=1780289682876 @ http://c4c.localhost:4200/@vite/client:509
[44348596ms] [ERROR] TypeError: Failed to fetch dynamically imported module: http://c4c.localhost:4200/@fs/Users/peleg.katz/Desktop/cx-web-workspace/libs/infrastructure-explorer/src/lib/pages/health-rules/shared/resources-grid/@ng/component?c=%2FUsers%2Fpeleg.katz%2FDesktop%2Fcx-web-workspace%2Flibs%2Finfrastructure-explorer%2Fsrc%2Flib%2Fpages%2Fhealth-rules%2Fshared%2Fresources-grid%2Fresources-grid.component.ts%40ResourcesGridComponent&t=1780289682876 @ http://c4c.localhost:4200/@vite/client:509
[44348596ms] [ERROR] Failed to load resource: net::ERR_NETWORK_CHANGED @ http://c4c.localhost:4200/@fs/Users/peleg.katz/Desktop/cx-web-workspace/libs/infrastructure-explorer/src/lib/pages/health-rules/rule-details-drawer/rule-details-section-resources/@ng/component?c=%2FUsers%2Fpeleg.katz%2FDesktop%2Fcx-web-workspace%2Flibs%2Finfrastructure-explorer%2Fsrc%2Flib%2Fpages%2Fhealth-rules%2Frule-details-drawer%2Frule-details-section-resources%2Fhealth-rule-resource-status-info.component.ts%40HealthRuleResourceStatusInfoComponent&t=1780289682881:0
[44348596ms] [ERROR] TypeError: Failed to fetch dynamically imported module: http://c4c.localhost:4200/@fs/Users/peleg.katz/Desktop/cx-web-workspace/libs/infrastructure-explorer/src/lib/pages/health-rules/shared/resource-preview/@ng/component?c=%2FUsers%2Fpeleg.katz%2FDesktop%2Fcx-web-workspace%2Flibs%2Finfrastructure-explorer%2Fsrc%2Flib%2Fpages%2Fhealth-rules%2Fshared%2Fresource-preview%2Fresource-preview.component.ts%40ResourcePreviewComponent&t=1780289682877 @ http://c4c.localhost:4200/@vite/client:509
[44348596ms] [ERROR] Failed to load resource: net::ERR_NETWORK_CHANGED @ http://c4c.localhost:4200/@fs/Users/peleg.katz/Desktop/cx-web-workspace/libs/infrastructure-explorer/src/lib/pages/health-rules/rule-details-drawer/rule-details-section-resources/@ng/component?c=%2FUsers%2Fpeleg.katz%2FDesktop%2Fcx-web-workspace%2Flibs%2Finfrastructure-explorer%2Fsrc%2Flib%2Fpages%2Fhealth-rules%2Frule-details-drawer%2Frule-details-section-resources%2Frule-details-section-resources.component.ts%40RuleDetailsSectionResourcesComponent&t=1780289682881:0
[44348596ms] [ERROR] TypeError: Failed to fetch dynamically imported module: http://c4c.localhost:4200/@fs/Users/peleg.katz/Desktop/cx-web-workspace/libs/infrastructure-explorer/src/lib/pages/health-rules/edit-rule-drawer/@ng/component?c=%2FUsers%2Fpeleg.katz%2FDesktop%2Fcx-web-workspace%2Flibs%2Finfrastructure-explorer%2Fsrc%2Flib%2Fpages%2Fhealth-rules%2Fedit-rule-drawer%2Fedit-rule-drawer.component.ts%40EditRuleDrawerComponent&t=1780289682877 @ http://c4c.localhost:4200/@vite/client:509
[44348596ms] [ERROR] Failed to load resource: net::ERR_NETWORK_CHANGED @ http://c4c.localhost:4200/@fs/Users/peleg.katz/Desktop/cx-web-workspace/libs/infrastructure-explorer/src/lib/pages/health-rules/rule-details-drawer/rule-details-section-resources/@ng/component?c=%2FUsers%2Fpeleg.katz%2FDesktop%2Fcx-web-workspace%2Flibs%2Finfrastructure-explorer%2Fsrc%2Flib%2Fpages%2Fhealth-rules%2Frule-details-drawer%2Frule-details-section-resources%2Frule-details-section-resources-header.component.ts%40RuleDetailsSectionResourcesHeaderComponent&t=1780289682881:0
[44348596ms] [ERROR] TypeError: Failed to fetch dynamically imported module: http://c4c.localhost:4200/@fs/Users/peleg.katz/Desktop/cx-web-workspace/libs/infrastructure-explorer/src/lib/pages/health-rules/health-rules-delete-dialog/@ng/component?c=%2FUsers%2Fpeleg.katz%2FDesktop%2Fcx-web-workspace%2Flibs%2Finfrastructure-explorer%2Fsrc%2Flib%2Fpages%2Fhealth-rules%2Fhealth-rules-delete-dialog%2Fhealth-rules-delete-dialog.component.ts%40HealthRulesDeleteDialogComponent&t=1780289682877 @ http://c4c.localhost:4200/@vite/client:509
[44348596ms] [ERROR] Failed to load resource: net::ERR_NETWORK_CHANGED @ http://c4c.localhost:4200/@fs/Users/peleg.katz/Desktop/cx-web-workspace/libs/infrastructure-explorer/src/lib/pages/health-rules/rule-details-drawer/@ng/component?c=%2FUsers%2Fpeleg.katz%2FDesktop%2Fcx-web-workspace%2Flibs%2Finfrastructure-explorer%2Fsrc%2Flib%2Fpages%2Fhealth-rules%2Frule-details-drawer%2Frule-details-drawer.component.ts%40RuleDetailsDrawerComponent&t=1780289682882:0
[44348597ms] [ERROR] TypeError: Failed to fetch dynamically imported module: http://c4c.localhost:4200/@fs/Users/peleg.katz/Desktop/cx-web-workspace/libs/infrastructure-explorer/src/lib/pages/health-rules/new-rule-drawer/@ng/component?c=%2FUsers%2Fpeleg.katz%2FDesktop%2Fcx-web-workspace%2Flibs%2Finfrastructure-explorer%2Fsrc%2Flib%2Fpages%2Fhealth-rules%2Fnew-rule-drawer%2Fnew-rule-drawer.component.ts%40NewRuleDrawerComponent&t=1780289682878 @ http://c4c.localhost:4200/@vite/client:509
[44348597ms] [ERROR] Failed to load resource: net::ERR_NETWORK_CHANGED @ http://c4c.localhost:4200/@fs/Users/peleg.katz/Desktop/cx-web-workspace/libs/infrastructure-explorer/src/lib/pages/health-rules/health-rules-grid/@ng/component?c=%2FUsers%2Fpeleg.katz%2FDesktop%2Fcx-web-workspace%2Flibs%2Finfrastructure-explorer%2Fsrc%2Flib%2Fpages%2Fhealth-rules%2Fhealth-rules-grid%2Fhealth-rules-grid.component.ts%40HealthRulesGridComponent&t=1780289682882:0
[44348597ms] [ERROR] Failed to load resource: net::ERR_NETWORK_CHANGED @ http://c4c.localhost:4200/@fs/Users/peleg.katz/Desktop/cx-web-workspace/libs/infrastructure-explorer/src/lib/pages/health-rules/@ng/component?c=%2FUsers%2Fpeleg.katz%2FDesktop%2Fcx-web-workspace%2Flibs%2Finfrastructure-explorer%2Fsrc%2Flib%2Fpages%2Fhealth-rules%2Fhealth-rules-page.component.ts%40HealthRulesPageComponent&t=1780289682883:0
[44348597ms] [ERROR] TypeError: Failed to fetch dynamically imported module: http://c4c.localhost:4200/@fs/Users/peleg.katz/Desktop/cx-web-workspace/libs/infrastructure-explorer/src/lib/pages/health-rules/health-rules-sidebar/@ng/component?c=%2FUsers%2Fpeleg.katz%2FDesktop%2Fcx-web-workspace%2Flibs%2Finfrastructure-explorer%2Fsrc%2Flib%2Fpages%2Fhealth-rules%2Fhealth-rules-sidebar%2Fhealth-rules-sidebar.component.ts%40HealthRulesSidebarComponent&t=1780289682878 @ http://c4c.localhost:4200/@vite/client:509
[44348597ms] [ERROR] Failed to load resource: net::ERR_NETWORK_CHANGED @ http://c4c.localhost:4200/@fs/Users/peleg.katz/Desktop/cx-web-workspace/libs/infrastructure-explorer/src/lib/pages/catalog/catalog-detailview/catalog-detailview-configuration/resource-configuration-source-selector/@ng/component?c=%2FUsers%2Fpeleg.katz%2FDesktop%2Fcx-web-workspace%2Flibs%2Finfrastructure-explorer%2Fsrc%2Flib%2Fpages%2Fcatalog%2Fcatalog-detailview%2Fcatalog-detailview-configuration%2Fresource-configuration-source-selector%2Fresource-configuration-source-selector.component.ts%40ResourceConfigurationSourceSelectorComponent&t=1780289682884:0
[44348597ms] [ERROR] Failed to load resource: net::ERR_NETWORK_CHANGED @ http://c4c.localhost:4200/@fs/Users/peleg.katz/Desktop/cx-web-workspace/libs/infrastructure-explorer/src/lib/pages/catalog/catalog-detailview/catalog-detailview-configuration/catalog-detailview-configuration-viewer/@ng/component?c=%2FUsers%2Fpeleg.katz%2FDesktop%2Fcx-web-workspace%2Flibs%2Finfrastructure-explorer%2Fsrc%2Flib%2Fpages%2Fcatalog%2Fcatalog-detailview%2Fcatalog-detailview-configuration%2Fcatalog-detailview-configuration-viewer%2Fcatalog-detailview-configuration-viewer-option.component.ts%40CatalogDetailviewConfigurationViewerOptionComponent&t=1780289682884:0
[44348597ms] [ERROR] TypeError: Failed to fetch dynamically imported module: http://c4c.localhost:4200/@fs/Users/peleg.katz/Desktop/cx-web-workspace/libs/infrastructure-explorer/src/lib/pages/health-rules/rule-details-drawer/rule-details-metadata/@ng/component?c=%2FUsers%2Fpeleg.katz%2FDesktop%2Fcx-web-workspace%2Flibs%2Finfrastructure-explorer%2Fsrc%2Flib%2Fpages%2Fhealth-rules%2Frule-details-drawer%2Frule-details-metadata%2Frule-details-metadata.component.ts%40RuleDetailsMetadataComponent&t=1780289682879 @ http://c4c.localhost:4200/@vite/client:509
[44348597ms] [ERROR] Failed to load resource: net::ERR_NETWORK_CHANGED @ http://c4c.localhost:4200/@fs/Users/peleg.katz/Desktop/cx-web-workspace/libs/infrastructure-explorer/src/lib/pages/catalog/catalog-detailview/catalog-detailview-configuration/catalog-detailview-configuration-viewer/catalog-detailview-configuration-viewer-diff/@ng/component?c=%2FUsers%2Fpeleg.katz%2FDesktop%2Fcx-web-workspace%2Flibs%2Finfrastructure-explorer%2Fsrc%2Flib%2Fpages%2Fcatalog%2Fcatalog-detailview%2Fcatalog-detailview-configuration%2Fcatalog-detailview-configuration-viewer%2Fcatalog-detailview-configuration-viewer-diff%2Fcatalog-detailview-configuration-viewer-diff.component.ts%40CatalogDetailviewConfigurationViewerDiffComponent&t=1780289682885:0
[44348597ms] [ERROR] Failed to load resource: net::ERR_NETWORK_CHANGED @ http://c4c.localhost:4200/@fs/Users/peleg.katz/Desktop/cx-web-workspace/libs/infrastructure-explorer/src/lib/pages/catalog/catalog-detailview/catalog-detailview-configuration/catalog-detailview-configuration-viewer/catalog-detailview-configuration-viewer-single/catalog-detailview-configuration-viewer-single-toolbar/@ng/component?c=%2FUsers%2Fpeleg.katz%2FDesktop%2Fcx-web-workspace%2Flibs%2Finfrastructure-explorer%2Fsrc%2Flib%2Fpages%2Fcatalog%2Fcatalog-detailview%2Fcatalog-detailview-configuration%2Fcatalog-detailview-configuration-viewer%2Fcatalog-detailview-configuration-viewer-single%2Fcatalog-detailview-configuration-viewer-single-toolbar%2Fcatalog-detailview-configuration-viewer-single-toolbar.component.ts%40CatalogDetailviewConfigurationViewerSingleToolbarComponent&t=1780289682885:0
[44348597ms] [ERROR] Failed to load resource: net::ERR_NETWORK_CHANGED @ http://c4c.localhost:4200/@fs/Users/peleg.katz/Desktop/cx-web-workspace/libs/infrastructure-explorer/src/lib/pages/catalog/catalog-detailview/catalog-detailview-configuration/catalog-detailview-configuration-viewer/catalog-detailview-configuration-viewer-single/@ng/component?c=%2FUsers%2Fpeleg.katz%2FDesktop%2Fcx-web-workspace%2Flibs%2Finfrastructure-explorer%2Fsrc%2Flib%2Fpages%2Fcatalog%2Fcatalog-detailview%2Fcatalog-detailview-configuration%2Fcatalog-detailview-configuration-viewer%2Fcatalog-detailview-configuration-viewer-single%2Fcatalog-detailview-configuration-viewer-single.component.ts%40CatalogDetailviewConfigurationViewerSingleComponent&t=1780289682886:0
[44348597ms] [ERROR] Failed to load resource: net::ERR_NETWORK_CHANGED @ http://c4c.localhost:4200/@fs/Users/peleg.katz/Desktop/cx-web-workspace/libs/infrastructure-explorer/src/lib/pages/catalog/catalog-detailview/catalog-detailview-configuration/catalog-detailview-configuration-viewer/@ng/component?c=%2FUsers%2Fpeleg.katz%2FDesktop%2Fcx-web-workspace%2Flibs%2Finfrastructure-explorer%2Fsrc%2Flib%2Fpages%2Fcatalog%2Fcatalog-detailview%2Fcatalog-detailview-configuration%2Fcatalog-detailview-configuration-viewer%2Fcatalog-detailview-configuration-viewer.component.ts%40CatalogDetailviewConfigurationViewerComponent&t=1780289682886:0
[44348597ms] [ERROR] Failed to load resource: net::ERR_NETWORK_CHANGED @ http://c4c.localhost:4200/@fs/Users/peleg.katz/Desktop/cx-web-workspace/libs/infrastructure-explorer/src/lib/pages/catalog/catalog-detailview/catalog-detailview-configuration/catalog-detailview-configuration-over-time-grid/@ng/component?c=%2FUsers%2Fpeleg.katz%2FDesktop%2Fcx-web-workspace%2Flibs%2Finfrastructure-explorer%2Fsrc%2Flib%2Fpages%2Fcatalog%2Fcatalog-detailview%2Fcatalog-detailview-configuration%2Fcatalog-detailview-configuration-over-time-grid%2Fcatalog-detailview-configuration-over-time-tooltip.component.ts%40CatalogDetailviewConfigurationOverTimeTooltipComponent&t=1780289682887:0
[44348597ms] [ERROR] Failed to load resource: net::ERR_NETWORK_CHANGED @ http://c4c.localhost:4200/@fs/Users/peleg.katz/Desktop/cx-web-workspace/libs/infrastructure-explorer/src/lib/pages/catalog/catalog-detailview/catalog-detailview-configuration/catalog-detailview-configuration-over-time-grid/@ng/component?c=%2FUsers%2Fpeleg.katz%2FDesktop%2Fcx-web-workspace%2Flibs%2Finfrastructure-explorer%2Fsrc%2Flib%2Fpages%2Fcatalog%2Fcatalog-detailview%2Fcatalog-detailview-configuration%2Fcatalog-detailview-configuration-over-time-grid%2Fcatalog-detailview-configuration-over-time-grid.component.ts%40CatalogDetailviewConfigurationOverTimeGridComponent&t=1780289682887:0
[44348597ms] [ERROR] TypeError: Failed to fetch dynamically imported module: http://c4c.localhost:4200/@fs/Users/peleg.katz/Desktop/cx-web-workspace/libs/infrastructure-explorer/src/lib/pages/health-rules/rule-details-drawer/rule-details-accordion-section-header/@ng/component?c=%2FUsers%2Fpeleg.katz%2FDesktop%2Fcx-web-workspace%2Flibs%2Finfrastructure-explorer%2Fsrc%2Flib%2Fpages%2Fhealth-rules%2Frule-details-drawer%2Frule-details-accordion-section-header%2Frule-details-accordion-section-header.component.ts%40RuleDetailsAccordionSectionHeaderComponent&t=1780289682879 @ http://c4c.localhost:4200/@vite/client:509
[44348597ms] [ERROR] Failed to load resource: net::ERR_NETWORK_CHANGED @ http://c4c.localhost:4200/@fs/Users/peleg.katz/Desktop/cx-web-workspace/libs/infrastructure-explorer/src/lib/pages/catalog/catalog-detailview/catalog-detailview-configuration/@ng/component?c=%2FUsers%2Fpeleg.katz%2FDesktop%2Fcx-web-workspace%2Flibs%2Finfrastructure-explorer%2Fsrc%2Flib%2Fpages%2Fcatalog%2Fcatalog-detailview%2Fcatalog-detailview-configuration%2Fcatalog-detailview-configuration.component.ts%40CatalogDetailViewConfigurationComponent&t=1780289682888:0
[44348597ms] [ERROR] Failed to load resource: net::ERR_NETWORK_CHANGED @ http://c4c.localhost:4200/@fs/Users/peleg.katz/Desktop/cx-web-workspace/libs/infrastructure-explorer/src/lib/pages/catalog/catalog-detailview/catalog-detaiview-details/details-dynamic-chip-renderer/@ng/component?c=%2FUsers%2Fpeleg.katz%2FDesktop%2Fcx-web-workspace%2Flibs%2Finfrastructure-explorer%2Fsrc%2Flib%2Fpages%2Fcatalog%2Fcatalog-detailview%2Fcatalog-detaiview-details%2Fdetails-dynamic-chip-renderer%2Fdetails-dynamic-chip-renderer.component.ts%40DetailsDynamicChipRendererComponent&t=1780289682888:0
[44348597ms] [ERROR] TypeError: Failed to fetch dynamically imported module: http://c4c.localhost:4200/@fs/Users/peleg.katz/Desktop/cx-web-workspace/libs/infrastructure-explorer/src/lib/pages/health-rules/shared/excluded-resources-renderer-cell/@ng/component?c=%2FUsers%2Fpeleg.katz%2FDesktop%2Fcx-web-workspace%2Flibs%2Finfrastructure-explorer%2Fsrc%2Flib%2Fpages%2Fhealth-rules%2Fshared%2Fexcluded-resources-renderer-cell%2Fexcluded-resources-renderer-cell.component.ts%40ExcludedResourcesRendererCellComponent&t=1780289682880 @ http://c4c.localhost:4200/@vite/client:509
[44348597ms] [ERROR] Failed to load resource: net::ERR_NETWORK_CHANGED @ http://c4c.localhost:4200/@fs/Users/peleg.katz/Desktop/cx-web-workspace/libs/infrastructure-explorer/src/lib/pages/catalog/catalog-detailview/catalog-detaiview-details/details-text-cell-renderer/@ng/component?c=%2FUsers%2Fpeleg.katz%2FDesktop%2Fcx-web-workspace%2Flibs%2Finfrastructure-explorer%2Fsrc%2Flib%2Fpages%2Fcatalog%2Fcatalog-detailview%2Fcatalog-detaiview-details%2Fdetails-text-cell-renderer%2Fdetails-text-cell-renderer.component.ts%40DetailsTextCellRendererComponent&t=1780289682888:0
[44348597ms] [ERROR] TypeError: Failed to fetch dynamically imported module: http://c4c.localhost:4200/@fs/Users/peleg.katz/Desktop/cx-web-workspace/libs/infrastructure-explorer/src/lib/pages/health-rules/rule-details-drawer/rule-details-section-details/@ng/component?c=%2FUsers%2Fpeleg.katz%2FDesktop%2Fcx-web-workspace%2Flibs%2Finfrastructure-explorer%2Fsrc%2Flib%2Fpages%2Fhealth-rules%2Frule-details-drawer%2Frule-details-section-details%2Frule-details-section-details.component.ts%40RuleDetailsSectionDetailsComponent&t=1780289682880 @ http://c4c.localhost:4200/@vite/client:509
[44348597ms] [ERROR] TypeError: Failed to fetch dynamically imported module: http://c4c.localhost:4200/@fs/Users/peleg.katz/Desktop/cx-web-workspace/libs/infrastructure-explorer/src/lib/pages/health-rules/rule-details-drawer/rule-details-section-policies/@ng/component?c=%2FUsers%2Fpeleg.katz%2FDesktop%2Fcx-web-workspace%2Flibs%2Finfrastructure-explorer%2Fsrc%2Flib%2Fpages%2Fhealth-rules%2Frule-details-drawer%2Frule-details-section-policies%2Frule-details-section-policies.component.ts%40RuleDetailsSectionPoliciesComponent&t=1780289682880 @ http://c4c.localhost:4200/@vite/client:509
[44348597ms] [ERROR] TypeError: Failed to fetch dynamically imported module: http://c4c.localhost:4200/@fs/Users/peleg.katz/Desktop/cx-web-workspace/libs/infrastructure-explorer/src/lib/pages/health-rules/rule-details-drawer/rule-details-section-policies/@ng/component?c=%2FUsers%2Fpeleg.katz%2FDesktop%2Fcx-web-workspace%2Flibs%2Finfrastructure-explorer%2Fsrc%2Flib%2Fpages%2Fhealth-rules%2Frule-details-drawer%2Frule-details-section-policies%2Frule-details-section-policies-header.component.ts%40RuleDetailsSectionPoliciesHeaderComponent&t=1780289682881 @ http://c4c.localhost:4200/@vite/client:509
[44348597ms] [ERROR] Failed to load resource: net::ERR_NETWORK_CHANGED @ http://c4c.localhost:4200/@fs/Users/peleg.katz/Desktop/cx-web-workspace/libs/infrastructure-explorer/src/lib/pages/catalog/catalog-detailview/catalog-detaiview-details/details-metadata-dynamic-cell-renderer/@ng/component?c=%2FUsers%2Fpeleg.katz%2FDesktop%2Fcx-web-workspace%2Flibs%2Finfrastructure-explorer%2Fsrc%2Flib%2Fpages%2Fcatalog%2Fcatalog-detailview%2Fcatalog-detaiview-details%2Fdetails-metadata-dynamic-cell-renderer%2Fdetails-metadata-dynamic-renderer-list-item.component.ts%40DetailsMetadataDynamicRendererListItemComponent&t=1780289682888:0
[44348597ms] [ERROR] Failed to load resource: net::ERR_NETWORK_CHANGED @ http://c4c.localhost:4200/@fs/Users/peleg.katz/Desktop/cx-web-workspace/libs/infrastructure-explorer/src/lib/pages/catalog/catalog-detailview/catalog-detaiview-details/details-metadata-dynamic-cell-renderer/@ng/component?c=%2FUsers%2Fpeleg.katz%2FDesktop%2Fcx-web-workspace%2Flibs%2Finfrastructure-explorer%2Fsrc%2Flib%2Fpages%2Fcatalog%2Fcatalog-detailview%2Fcatalog-detaiview-details%2Fdetails-metadata-dynamic-cell-renderer%2Fdetails-metadata-dynamic-cell-renderer.component.ts%40DetailsMetadataDynamicCellRendererComponent&t=1780289682889:0
[44348597ms] [ERROR] Failed to load resource: net::ERR_NETWORK_CHANGED @ http://c4c.localhost:4200/@fs/Users/peleg.katz/Desktop/cx-web-workspace/libs/infrastructure-explorer/src/lib/pages/catalog/catalog-detailview/catalog-detaiview-details/@ng/component?c=%2FUsers%2Fpeleg.katz%2FDesktop%2Fcx-web-workspace%2Flibs%2Finfrastructure-explorer%2Fsrc%2Flib%2Fpages%2Fcatalog%2Fcatalog-detailview%2Fcatalog-detaiview-details%2Fcatalog-detailview-details.component.ts%40CatalogDetailviewDetailsComponent&t=1780289682889:0
[44348597ms] [ERROR] Failed to load resource: net::ERR_NETWORK_CHANGED @ http://c4c.localhost:4200/@fs/Users/peleg.katz/Desktop/cx-web-workspace/libs/infrastructure-explorer/src/lib/pages/catalog/catalog-detailview/catalog-drilldown-health/health-policy-impact-analysis-grid/service-health-tooltip/@ng/component?c=%2FUsers%2Fpeleg.katz%2FDesktop%2Fcx-web-workspace%2Flibs%2Finfrastructure-explorer%2Fsrc%2Flib%2Fpages%2Fcatalog%2Fcatalog-detailview%2Fcatalog-drilldown-health%2Fhealth-policy-impact-analysis-grid%2Fservice-health-tooltip%2Fservice-health-tooltip.component.ts%40ServiceHealthTooltipComponent&t=1780289682890:0
[44348598ms] [ERROR] Failed to load resource: net::ERR_NETWORK_CHANGED @ http://c4c.localhost:4200/@fs/Users/peleg.katz/Desktop/cx-web-workspace/libs/infrastructure-explorer/src/lib/pages/catalog/catalog-detailview/catalog-drilldown-health/health-policy-impact-analysis-grid/@ng/component?c=%2FUsers%2Fpeleg.katz%2FDesktop%2Fcx-web-workspace%2Flibs%2Finfrastructure-explorer%2Fsrc%2Flib%2Fpages%2Fcatalog%2Fcatalog-detailview%2Fcatalog-drilldown-health%2Fhealth-policy-impact-analysis-grid%2Fhealth-policy-impact-analysis-grid.component.ts%40HealthPolicyImpactAnalysisGridComponent&t=1780289682890:0
[44348598ms] [ERROR] TypeError: Failed to fetch dynamically imported module: http://c4c.localhost:4200/@fs/Users/peleg.katz/Desktop/cx-web-workspace/libs/infrastructure-explorer/src/lib/pages/health-rules/rule-details-drawer/rule-details-section-resources/@ng/component?c=%2FUsers%2Fpeleg.katz%2FDesktop%2Fcx-web-workspace%2Flibs%2Finfrastructure-explorer%2Fsrc%2Flib%2Fpages%2Fhealth-rules%2Frule-details-drawer%2Frule-details-section-resources%2Fhealth-rule-resource-status-info.component.ts%40HealthRuleResourceStatusInfoComponent&t=1780289682881 @ http://c4c.localhost:4200/@vite/client:509
[44348598ms] [ERROR] Failed to load resource: net::ERR_NETWORK_CHANGED @ http://c4c.localhost:4200/@fs/Users/peleg.katz/Desktop/cx-web-workspace/libs/infrastructure-explorer/src/lib/pages/catalog/catalog-detailview/catalog-drilldown-health/expression-renderer/@ng/component?c=%2FUsers%2Fpeleg.katz%2FDesktop%2Fcx-web-workspace%2Flibs%2Finfrastructure-explorer%2Fsrc%2Flib%2Fpages%2Fcatalog%2Fcatalog-detailview%2Fcatalog-drilldown-health%2Fexpression-renderer%2Fexpression-renderer.component.ts%40ExpressionRendererComponent&t=1780289682891:0
[44348598ms] [ERROR] Failed to load resource: net::ERR_NETWORK_CHANGED @ http://c4c.localhost:4200/@fs/Users/peleg.katz/Desktop/cx-web-workspace/libs/infrastructure-explorer/src/lib/pages/catalog/catalog-detailview/catalog-drilldown-health/failure-reasons-group-renderer/@ng/component?c=%2FUsers%2Fpeleg.katz%2FDesktop%2Fcx-web-workspace%2Flibs%2Finfrastructure-explorer%2Fsrc%2Flib%2Fpages%2Fcatalog%2Fcatalog-detailview%2Fcatalog-drilldown-health%2Ffailure-reasons-group-renderer%2Ffailure-reasons-group-renderer.component.ts%40FailureReasonsGroupRendererComponent&t=1780289682893:0
[44348598ms] [ERROR] Failed to load resource: net::ERR_NETWORK_CHANGED @ http://c4c.localhost:4200/@fs/Users/peleg.katz/Desktop/cx-web-workspace/libs/infrastructure-explorer/src/lib/pages/catalog/catalog-detailview/catalog-drilldown-health/failure-reasons-evaluation-renderer/@ng/component?c=%2FUsers%2Fpeleg.katz%2FDesktop%2Fcx-web-workspace%2Flibs%2Finfrastructure-explorer%2Fsrc%2Flib%2Fpages%2Fcatalog%2Fcatalog-detailview%2Fcatalog-drilldown-health%2Ffailure-reasons-evaluation-renderer%2Ffailure-reasons-evaluation-renderer.component.ts%40FailureReasonsEvaluationRendererComponent&t=1780289682894:0
[44348598ms] [ERROR] TypeError: Failed to fetch dynamically imported module: http://c4c.localhost:4200/@fs/Users/peleg.katz/Desktop/cx-web-workspace/libs/infrastructure-explorer/src/lib/pages/health-rules/rule-details-drawer/rule-details-section-resources/@ng/component?c=%2FUsers%2Fpeleg.katz%2FDesktop%2Fcx-web-workspace%2Flibs%2Finfrastructure-explorer%2Fsrc%2Flib%2Fpages%2Fhealth-rules%2Frule-details-drawer%2Frule-details-section-resources%2Frule-details-section-resources.component.ts%40RuleDetailsSectionResourcesComponent&t=1780289682881 @ http://c4c.localhost:4200/@vite/client:509
[44348598ms] [ERROR] Failed to load resource: net::ERR_NETWORK_CHANGED @ http://c4c.localhost:4200/@fs/Users/peleg.katz/Desktop/cx-web-workspace/libs/infrastructure-explorer/src/lib/pages/catalog/catalog-detailview/catalog-drilldown-health/health-policy-failure-reasons-grid/@ng/component?c=%2FUsers%2Fpeleg.katz%2FDesktop%2Fcx-web-workspace%2Flibs%2Finfrastructure-explorer%2Fsrc%2Flib%2Fpages%2Fcatalog%2Fcatalog-detailview%2Fcatalog-drilldown-health%2Fhealth-policy-failure-reasons-grid%2Fhealth-policy-failure-reasons-grid.component.ts%40HealthPolicyFailureReasonsGridComponent&t=1780289682894:0
[44348598ms] [ERROR] Failed to load resource: net::ERR_NETWORK_CHANGED @ http://c4c.localhost:4200/@fs/Users/peleg.katz/Desktop/cx-web-workspace/libs/infrastructure-explorer/src/lib/pages/catalog/catalog-detailview/catalog-drilldown-health/catalog-drilldown-health-policy-view/@ng/component?c=%2FUsers%2Fpeleg.katz%2FDesktop%2Fcx-web-workspace%2Flibs%2Finfrastructure-explorer%2Fsrc%2Flib%2Fpages%2Fcatalog%2Fcatalog-detailview%2Fcatalog-drilldown-health%2Fcatalog-drilldown-health-policy-view%2Fcatalog-drilldown-health-policy-view.component.ts%40CatalogDrilldownHealthPolicyViewComponent&t=1780289682895:0
[44348598ms] [ERROR] TypeError: Failed to fetch dynamically imported module: http://c4c.localhost:4200/@fs/Users/peleg.katz/Desktop/cx-web-workspace/libs/infrastructure-explorer/src/lib/pages/health-rules/rule-details-drawer/rule-details-section-resources/@ng/component?c=%2FUsers%2Fpeleg.katz%2FDesktop%2Fcx-web-workspace%2Flibs%2Finfrastructure-explorer%2Fsrc%2Flib%2Fpages%2Fhealth-rules%2Frule-details-drawer%2Frule-details-section-resources%2Frule-details-section-resources-header.component.ts%40RuleDetailsSectionResourcesHeaderComponent&t=1780289682881 @ http://c4c.localhost:4200/@vite/client:509
[44348598ms] [ERROR] Failed to load resource: net::ERR_NETWORK_CHANGED @ http://c4c.localhost:4200/@fs/Users/peleg.katz/Desktop/cx-web-workspace/libs/infrastructure-explorer/src/lib/pages/catalog/catalog-detailview/catalog-drilldown-health/pending-status-content/@ng/component?c=%2FUsers%2Fpeleg.katz%2FDesktop%2Fcx-web-workspace%2Flibs%2Finfrastructure-explorer%2Fsrc%2Flib%2Fpages%2Fcatalog%2Fcatalog-detailview%2Fcatalog-drilldown-health%2Fpending-status-content%2Fpending-status-content.component.ts%40PendingStatusContentComponent&t=1780289682896:0
[44348598ms] [ERROR] Failed to load resource: net::ERR_NETWORK_CHANGED @ http://c4c.localhost:4200/@fs/Users/peleg.katz/Desktop/cx-web-workspace/libs/infrastructure-explorer/src/lib/pages/catalog/catalog-detailview/catalog-drilldown-health/catalog-drilldown-health-policies-grid/@ng/component?c=%2FUsers%2Fpeleg.katz%2FDesktop%2Fcx-web-workspace%2Flibs%2Finfrastructure-explorer%2Fsrc%2Flib%2Fpages%2Fcatalog%2Fcatalog-detailview%2Fcatalog-drilldown-health%2Fcatalog-drilldown-health-policies-grid%2Fcatalog-drilldown-health-policies-grid.component.ts%40CatalogDrilldownHealthPoliciesGridComponent&t=1780289682896:0
[44348598ms] [ERROR] Failed to load resource: net::ERR_NETWORK_CHANGED @ http://c4c.localhost:4200/@fs/Users/peleg.katz/Desktop/cx-web-workspace/libs/infrastructure-explorer/src/lib/pages/catalog/catalog-detailview/catalog-drilldown-health/catalog-drilldown-health-rule-name-right-content/@ng/component?c=%2FUsers%2Fpeleg.katz%2FDesktop%2Fcx-web-workspace%2Flibs%2Finfrastructure-explorer%2Fsrc%2Flib%2Fpages%2Fcatalog%2Fcatalog-detailview%2Fcatalog-drilldown-health%2Fcatalog-drilldown-health-rule-name-right-content%2Fcatalog-drilldown-health-rule-name-right-content.component.ts%40CatalogDrilldownHealthRuleNameRightContentComponent&t=1780289682897:0
[44348598ms] [ERROR] Failed to load resource: net::ERR_NETWORK_CHANGED @ http://c4c.localhost:4200/@fs/Users/peleg.katz/Desktop/cx-web-workspace/libs/infrastructure-explorer/src/lib/pages/catalog/catalog-detailview/catalog-drilldown-health/catalog-drilldown-health-rules-grid/@ng/component?c=%2FUsers%2Fpeleg.katz%2FDesktop%2Fcx-web-workspace%2Flibs%2Finfrastructure-explorer%2Fsrc%2Flib%2Fpages%2Fcatalog%2Fcatalog-detailview%2Fcatalog-drilldown-health%2Fcatalog-drilldown-health-rules-grid%2Fcatalog-drilldown-health-rules-grid.component.ts%40CatalogDrilldownHealthRulesGridComponent&t=1780289682897:0
[44348598ms] [ERROR] TypeError: Failed to fetch dynamically imported module: http://c4c.localhost:4200/@fs/Users/peleg.katz/Desktop/cx-web-workspace/libs/infrastructure-explorer/src/lib/pages/health-rules/rule-details-drawer/@ng/component?c=%2FUsers%2Fpeleg.katz%2FDesktop%2Fcx-web-workspace%2Flibs%2Finfrastructure-explorer%2Fsrc%2Flib%2Fpages%2Fhealth-rules%2Frule-details-drawer%2Frule-details-drawer.component.ts%40RuleDetailsDrawerComponent&t=1780289682882 @ http://c4c.localhost:4200/@vite/client:509
[44348598ms] [ERROR] Failed to load resource: net::ERR_NETWORK_CHANGED @ http://c4c.localhost:4200/@fs/Users/peleg.katz/Desktop/cx-web-workspace/libs/infrastructure-explorer/src/lib/pages/catalog/catalog-detailview/catalog-drilldown-health/@ng/component?c=%2FUsers%2Fpeleg.katz%2FDesktop%2Fcx-web-workspace%2Flibs%2Finfrastructure-explorer%2Fsrc%2Flib%2Fpages%2Fcatalog%2Fcatalog-detailview%2Fcatalog-drilldown-health%2Fcatalog-drilldown-health.component.ts%40CatalogDrilldownHealthComponent&t=1780289682897:0
[44348598ms] [ERROR] Failed to load resource: net::ERR_NETWORK_CHANGED @ http://c4c.localhost:4200/@fs/Users/peleg.katz/Desktop/cx-web-workspace/libs/infrastructure-explorer/src/lib/pages/catalog/catalog-detailview/catalog-drilldown-relationships/catalog-drilldown-explore-relationships-link/@ng/component?c=%2FUsers%2Fpeleg.katz%2FDesktop%2Fcx-web-workspace%2Flibs%2Finfrastructure-explorer%2Fsrc%2Flib%2Fpages%2Fcatalog%2Fcatalog-detailview%2Fcatalog-drilldown-relationships%2Fcatalog-drilldown-explore-relationships-link%2Fcatalog-drilldown-explore-relationships-link.component.ts%40CatalogDrilldownExploreRelationshipsLinkComponent&t=1780289682898:0
[44348598ms] [ERROR] Failed to load resource: net::ERR_NETWORK_CHANGED @ http://c4c.localhost:4200/@fs/Users/peleg.katz/Desktop/cx-web-workspace/libs/infrastructure-explorer/src/lib/pages/catalog/catalog-detailview/catalog-drilldown-relationships/catalog-drilldown-relationships-header/@ng/component?c=%2FUsers%2Fpeleg.katz%2FDesktop%2Fcx-web-workspace%2Flibs%2Finfrastructure-explorer%2Fsrc%2Flib%2Fpages%2Fcatalog%2Fcatalog-detailview%2Fcatalog-drilldown-relationships%2Fcatalog-drilldown-relationships-header%2Fcatalog-drilldown-relationships-header.component.ts%40CatalogDrilldownRelationshipsHeaderComponent&t=1780289682898:0
[44348598ms] [ERROR] Failed to load resource: net::ERR_NETWORK_CHANGED @ http://c4c.localhost:4200/@fs/Users/peleg.katz/Desktop/cx-web-workspace/libs/infrastructure-explorer/src/lib/pages/catalog/catalog-detailview/catalog-drilldown-relationships/catalog-drilldown-relationships-search/@ng/component?c=%2FUsers%2Fpeleg.katz%2FDesktop%2Fcx-web-workspace%2Flibs%2Finfrastructure-explorer%2Fsrc%2Flib%2Fpages%2Fcatalog%2Fcatalog-detailview%2Fcatalog-drilldown-relationships%2Fcatalog-drilldown-relationships-search%2Fcatalog-drilldown-relationships-search.component.ts%40CatalogDrilldownRelationshipsSearchComponent&t=1780289682899:0
[44348598ms] [ERROR] TypeError: Failed to fetch dynamically imported module: http://c4c.localhost:4200/@fs/Users/peleg.katz/Desktop/cx-web-workspace/libs/infrastructure-explorer/src/lib/pages/health-rules/health-rules-grid/@ng/component?c=%2FUsers%2Fpeleg.katz%2FDesktop%2Fcx-web-workspace%2Flibs%2Finfrastructure-explorer%2Fsrc%2Flib%2Fpages%2Fhealth-rules%2Fhealth-rules-grid%2Fhealth-rules-grid.component.ts%40HealthRulesGridComponent&t=1780289682882 @ http://c4c.localhost:4200/@vite/client:509
[44348598ms] [ERROR] TypeError: Failed to fetch dynamically imported module: http://c4c.localhost:4200/@fs/Users/peleg.katz/Desktop/cx-web-workspace/libs/infrastructure-explorer/src/lib/pages/health-rules/@ng/component?c=%2FUsers%2Fpeleg.katz%2FDesktop%2Fcx-web-workspace%2Flibs%2Finfrastructure-explorer%2Fsrc%2Flib%2Fpages%2Fhealth-rules%2Fhealth-rules-page.component.ts%40HealthRulesPageComponent&t=1780289682883 @ http://c4c.localhost:4200/@vite/client:509
[44348598ms] [ERROR] Failed to load resource: net::ERR_NETWORK_CHANGED @ http://c4c.localhost:4200/@fs/Users/peleg.katz/Desktop/cx-web-workspace/libs/infrastructure-explorer/src/lib/pages/catalog/catalog-detailview/catalog-drilldown-relationships/catalog-drilldown-relationships-grid/@ng/component?c=%2FUsers%2Fpeleg.katz%2FDesktop%2Fcx-web-workspace%2Flibs%2Finfrastructure-explorer%2Fsrc%2Flib%2Fpages%2Fcatalog%2Fcatalog-detailview%2Fcatalog-drilldown-relationships%2Fcatalog-drilldown-relationships-grid%2Fcatalog-drilldown-relationships-grid.component.ts%40CatalogDrilldownRelationshipsGridComponent&t=1780289682899:0
[44348598ms] [ERROR] TypeError: Failed to fetch dynamically imported module: http://c4c.localhost:4200/@fs/Users/peleg.katz/Desktop/cx-web-workspace/libs/infrastructure-explorer/src/lib/pages/catalog/catalog-detailview/catalog-detailview-configuration/resource-configuration-source-selector/@ng/component?c=%2FUsers%2Fpeleg.katz%2FDesktop%2Fcx-web-workspace%2Flibs%2Finfrastructure-explorer%2Fsrc%2Flib%2Fpages%2Fcatalog%2Fcatalog-detailview%2Fcatalog-detailview-configuration%2Fresource-configuration-source-selector%2Fresource-configuration-source-selector.component.ts%40ResourceConfigurationSourceSelectorComponent&t=1780289682884 @ http://c4c.localhost:4200/@vite/client:509
[44348598ms] [ERROR] TypeError: Failed to fetch dynamically imported module: http://c4c.localhost:4200/@fs/Users/peleg.katz/Desktop/cx-web-workspace/libs/infrastructure-explorer/src/lib/pages/catalog/catalog-detailview/catalog-detailview-configuration/catalog-detailview-configuration-viewer/@ng/component?c=%2FUsers%2Fpeleg.katz%2FDesktop%2Fcx-web-workspace%2Flibs%2Finfrastructure-explorer%2Fsrc%2Flib%2Fpages%2Fcatalog%2Fcatalog-detailview%2Fcatalog-detailview-configuration%2Fcatalog-detailview-configuration-viewer%2Fcatalog-detailview-configuration-viewer-option.component.ts%40CatalogDetailviewConfigurationViewerOptionComponent&t=1780289682884 @ http://c4c.localhost:4200/@vite/client:509
[44348598ms] [ERROR] Failed to load resource: net::ERR_NETWORK_CHANGED @ http://c4c.localhost:4200/@fs/Users/peleg.katz/Desktop/cx-web-workspace/libs/infrastructure-explorer/src/lib/pages/catalog/catalog-detailview/catalog-drilldown-relationships/@ng/component?c=%2FUsers%2Fpeleg.katz%2FDesktop%2Fcx-web-workspace%2Flibs%2Finfrastructure-explorer%2Fsrc%2Flib%2Fpages%2Fcatalog%2Fcatalog-detailview%2Fcatalog-drilldown-relationships%2Fcatalog-drilldown-relationships.component.ts%40CatalogDrilldownRelationshipsComponent&t=1780289682899:0
[44348598ms] [ERROR] Failed to load resource: net::ERR_NETWORK_CHANGED @ http://c4c.localhost:4200/@fs/Users/peleg.katz/Desktop/cx-web-workspace/libs/infrastructure-explorer/src/lib/pages/catalog/catalog-detailview/catalog-detailview-overview/catalog-detailview-overview-livestatus/@ng/component?c=%2FUsers%2Fpeleg.katz%2FDesktop%2Fcx-web-workspace%2Flibs%2Finfrastructure-explorer%2Fsrc%2Flib%2Fpages%2Fcatalog%2Fcatalog-detailview%2Fcatalog-detailview-overview%2Fcatalog-detailview-overview-livestatus%2Fcatalog-detailview-overview-livestatus.component.ts%40CatalogDetailviewOverviewLivestatusComponent&t=1780289682900:0
[44348599ms] [ERROR] TypeError: Failed to fetch dynamically imported module: http://c4c.localhost:4200/@fs/Users/peleg.katz/Desktop/cx-web-workspace/libs/infrastructure-explorer/src/lib/pages/catalog/catalog-detailview/catalog-detailview-configuration/catalog-detailview-configuration-viewer/catalog-detailview-configuration-viewer-diff/@ng/component?c=%2FUsers%2Fpeleg.katz%2FDesktop%2Fcx-web-workspace%2Flibs%2Finfrastructure-explorer%2Fsrc%2Flib%2Fpages%2Fcatalog%2Fcatalog-detailview%2Fcatalog-detailview-configuration%2Fcatalog-detailview-configuration-viewer%2Fcatalog-detailview-configuration-viewer-diff%2Fcatalog-detailview-configuration-viewer-diff.component.ts%40CatalogDetailviewConfigurationViewerDiffComponent&t=1780289682885 @ http://c4c.localhost:4200/@vite/client:509
[44348599ms] [ERROR] Failed to load resource: net::ERR_NETWORK_CHANGED @ http://c4c.localhost:4200/@fs/Users/peleg.katz/Desktop/cx-web-workspace/libs/infrastructure-explorer/src/lib/pages/catalog/catalog-detailview/catalog-drilldown-ownership/@ng/component?c=%2FUsers%2Fpeleg.katz%2FDesktop%2Fcx-web-workspace%2Flibs%2Finfrastructure-explorer%2Fsrc%2Flib%2Fpages%2Fcatalog%2Fcatalog-detailview%2Fcatalog-drilldown-ownership%2Fcatalog-drilldown-ownership.component.ts%40CatalogDrilldownOwnershipComponent&t=1780289682902:0
[44348599ms] [ERROR] TypeError: Failed to fetch dynamically imported module: http://c4c.localhost:4200/@fs/Users/peleg.katz/Desktop/cx-web-workspace/libs/infrastructure-explorer/src/lib/pages/catalog/catalog-detailview/catalog-detailview-configuration/catalog-detailview-configuration-viewer/catalog-detailview-configuration-viewer-single/catalog-detailview-configuration-viewer-single-toolbar/@ng/component?c=%2FUsers%2Fpeleg.katz%2FDesktop%2Fcx-web-workspace%2Flibs%2Finfrastructure-explorer%2Fsrc%2Flib%2Fpages%2Fcatalog%2Fcatalog-detailview%2Fcatalog-detailview-configuration%2Fcatalog-detailview-configuration-viewer%2Fcatalog-detailview-configuration-viewer-single%2Fcatalog-detailview-configuration-viewer-single-toolbar%2Fcatalog-detailview-configuration-viewer-single-toolbar.component.ts%40CatalogDetailviewConfigurationViewerSingleToolbarComponent&t=1780289682885 @ http://c4c.localhost:4200/@vite/client:509
[44348599ms] [ERROR] Failed to load resource: net::ERR_NETWORK_CHANGED @ http://c4c.localhost:4200/@fs/Users/peleg.katz/Desktop/cx-web-workspace/libs/infrastructure-explorer/src/lib/pages/catalog/catalog-detailview/catalog-drilldown-ownership/catalog-drilldown-ownership-edit-dialog/@ng/component?c=%2FUsers%2Fpeleg.katz%2FDesktop%2Fcx-web-workspace%2Flibs%2Finfrastructure-explorer%2Fsrc%2Flib%2Fpages%2Fcatalog%2Fcatalog-detailview%2Fcatalog-drilldown-ownership%2Fcatalog-drilldown-ownership-edit-dialog%2Fcatalog-drilldown-ownership-edit-dialog.component.ts%40CatalogDrilldownOwnershipEditDialogComponent&t=1780289682902:0
[44348599ms] [ERROR] TypeError: Failed to fetch dynamically imported module: http://c4c.localhost:4200/@fs/Users/peleg.katz/Desktop/cx-web-workspace/libs/infrastructure-explorer/src/lib/pages/catalog/catalog-detailview/catalog-detailview-configuration/catalog-detailview-configuration-viewer/catalog-detailview-configuration-viewer-single/@ng/component?c=%2FUsers%2Fpeleg.katz%2FDesktop%2Fcx-web-workspace%2Flibs%2Finfrastructure-explorer%2Fsrc%2Flib%2Fpages%2Fcatalog%2Fcatalog-detailview%2Fcatalog-detailview-configuration%2Fcatalog-detailview-configuration-viewer%2Fcatalog-detailview-configuration-viewer-single%2Fcatalog-detailview-configuration-viewer-single.component.ts%40CatalogDetailviewConfigurationViewerSingleComponent&t=1780289682886 @ http://c4c.localhost:4200/@vite/client:509
[44348599ms] [ERROR] TypeError: Failed to fetch dynamically imported module: http://c4c.localhost:4200/@fs/Users/peleg.katz/Desktop/cx-web-workspace/libs/infrastructure-explorer/src/lib/pages/catalog/catalog-detailview/catalog-detailview-configuration/catalog-detailview-configuration-viewer/@ng/component?c=%2FUsers%2Fpeleg.katz%2FDesktop%2Fcx-web-workspace%2Flibs%2Finfrastructure-explorer%2Fsrc%2Flib%2Fpages%2Fcatalog%2Fcatalog-detailview%2Fcatalog-detailview-configuration%2Fcatalog-detailview-configuration-viewer%2Fcatalog-detailview-configuration-viewer.component.ts%40CatalogDetailviewConfigurationViewerComponent&t=1780289682886 @ http://c4c.localhost:4200/@vite/client:509
[44348599ms] [ERROR] Failed to load resource: net::ERR_NETWORK_CHANGED @ http://c4c.localhost:4200/@fs/Users/peleg.katz/Desktop/cx-web-workspace/libs/infrastructure-explorer/src/lib/pages/catalog/catalog-detailview/catalog-drilldown-ownership/catalog-drilldown-ownership-edit/@ng/component?c=%2FUsers%2Fpeleg.katz%2FDesktop%2Fcx-web-workspace%2Flibs%2Finfrastructure-explorer%2Fsrc%2Flib%2Fpages%2Fcatalog%2Fcatalog-detailview%2Fcatalog-drilldown-ownership%2Fcatalog-drilldown-ownership-edit%2Fcatalog-drilldown-ownership-edit.component.ts%40CatalogDrilldownOwnershipEditComponent&t=1780289682902:0
[44348599ms] [ERROR] TypeError: Failed to fetch dynamically imported module: http://c4c.localhost:4200/@fs/Users/peleg.katz/Desktop/cx-web-workspace/libs/infrastructure-explorer/src/lib/pages/catalog/catalog-detailview/catalog-detailview-configuration/catalog-detailview-configuration-over-time-grid/@ng/component?c=%2FUsers%2Fpeleg.katz%2FDesktop%2Fcx-web-workspace%2Flibs%2Finfrastructure-explorer%2Fsrc%2Flib%2Fpages%2Fcatalog%2Fcatalog-detailview%2Fcatalog-detailview-configuration%2Fcatalog-detailview-configuration-over-time-grid%2Fcatalog-detailview-configuration-over-time-tooltip.component.ts%40CatalogDetailviewConfigurationOverTimeTooltipComponent&t=1780289682887 @ http://c4c.localhost:4200/@vite/client:509
[44348599ms] [ERROR] Failed to load resource: net::ERR_NETWORK_CHANGED @ http://c4c.localhost:4200/@fs/Users/peleg.katz/Desktop/cx-web-workspace/libs/infrastructure-explorer/src/lib/pages/catalog/catalog-detailview/catalog-detailview-events/catalog-detailview-events-renderers/events-age-renderer/@ng/component?c=%2FUsers%2Fpeleg.katz%2FDesktop%2Fcx-web-workspace%2Flibs%2Finfrastructure-explorer%2Fsrc%2Flib%2Fpages%2Fcatalog%2Fcatalog-detailview%2Fcatalog-detailview-events%2Fcatalog-detailview-events-renderers%2Fevents-age-renderer%2Fevents-age-renderer.component.ts%40EventsAgeRendererComponent&t=1780289682903:0
[44348599ms] [ERROR] TypeError: Failed to fetch dynamically imported module: http://c4c.localhost:4200/@fs/Users/peleg.katz/Desktop/cx-web-workspace/libs/infrastructure-explorer/src/lib/pages/catalog/catalog-detailview/catalog-detailview-configuration/catalog-detailview-configuration-over-time-grid/@ng/component?c=%2FUsers%2Fpeleg.katz%2FDesktop%2Fcx-web-workspace%2Flibs%2Finfrastructure-explorer%2Fsrc%2Flib%2Fpages%2Fcatalog%2Fcatalog-detailview%2Fcatalog-detailview-configuration%2Fcatalog-detailview-configuration-over-time-grid%2Fcatalog-detailview-configuration-over-time-grid.component.ts%40CatalogDetailviewConfigurationOverTimeGridComponent&t=1780289682887 @ http://c4c.localhost:4200/@vite/client:509
[44348599ms] [ERROR] Failed to load resource: net::ERR_NETWORK_CHANGED @ http://c4c.localhost:4200/@fs/Users/peleg.katz/Desktop/cx-web-workspace/libs/infrastructure-explorer/src/lib/pages/catalog/catalog-detailview/catalog-detailview-events/catalog-detailview-events-renderers/events-message-renderer/@ng/component?c=%2FUsers%2Fpeleg.katz%2FDesktop%2Fcx-web-workspace%2Flibs%2Finfrastructure-explorer%2Fsrc%2Flib%2Fpages%2Fcatalog%2Fcatalog-detailview%2Fcatalog-detailview-events%2Fcatalog-detailview-events-renderers%2Fevents-message-renderer%2Fevents-message-renderer.component.ts%40EventsMessageRendererComponent&t=1780289682903:0
[44348599ms] [ERROR] TypeError: Failed to fetch dynamically imported module: http://c4c.localhost:4200/@fs/Users/peleg.katz/Desktop/cx-web-workspace/libs/infrastructure-explorer/src/lib/pages/catalog/catalog-detailview/catalog-detailview-configuration/@ng/component?c=%2FUsers%2Fpeleg.katz%2FDesktop%2Fcx-web-workspace%2Flibs%2Finfrastructure-explorer%2Fsrc%2Flib%2Fpages%2Fcatalog%2Fcatalog-detailview%2Fcatalog-detailview-configuration%2Fcatalog-detailview-configuration.component.ts%40CatalogDetailViewConfigurationComponent&t=1780289682888 @ http://c4c.localhost:4200/@vite/client:509
[44348599ms] [ERROR] Failed to load resource: net::ERR_NETWORK_CHANGED @ http://c4c.localhost:4200/@fs/Users/peleg.katz/Desktop/cx-web-workspace/libs/infrastructure-explorer/src/lib/pages/catalog/catalog-detailview/catalog-detailview-events/catalog-detailview-events-renderers/events-object-renderer/@ng/component?c=%2FUsers%2Fpeleg.katz%2FDesktop%2Fcx-web-workspace%2Flibs%2Finfrastructure-explorer%2Fsrc%2Flib%2Fpages%2Fcatalog%2Fcatalog-detailview%2Fcatalog-detailview-events%2Fcatalog-detailview-events-renderers%2Fevents-object-renderer%2Fevents-object-renderer.component.ts%40EventsObjectRendererComponent&t=1780289682903:0
[44348599ms] [ERROR] TypeError: Failed to fetch dynamically imported module: http://c4c.localhost:4200/@fs/Users/peleg.katz/Desktop/cx-web-workspace/libs/infrastructure-explorer/src/lib/pages/catalog/catalog-detailview/catalog-detaiview-details/details-dynamic-chip-renderer/@ng/component?c=%2FUsers%2Fpeleg.katz%2FDesktop%2Fcx-web-workspace%2Flibs%2Finfrastructure-explorer%2Fsrc%2Flib%2Fpages%2Fcatalog%2Fcatalog-detailview%2Fcatalog-detaiview-details%2Fdetails-dynamic-chip-renderer%2Fdetails-dynamic-chip-renderer.component.ts%40DetailsDynamicChipRendererComponent&t=1780289682888 @ http://c4c.localhost:4200/@vite/client:509
[44348599ms] [ERROR] Failed to load resource: net::ERR_NETWORK_CHANGED @ http://c4c.localhost:4200/@fs/Users/peleg.katz/Desktop/cx-web-workspace/libs/infrastructure-explorer/src/lib/pages/catalog/catalog-detailview/catalog-detailview-events/catalog-detailview-events-renderers/events-status-renderer/@ng/component?c=%2FUsers%2Fpeleg.katz%2FDesktop%2Fcx-web-workspace%2Flibs%2Finfrastructure-explorer%2Fsrc%2Flib%2Fpages%2Fcatalog%2Fcatalog-detailview%2Fcatalog-detailview-events%2Fcatalog-detailview-events-renderers%2Fevents-status-renderer%2Fevents-status-renderer.component.ts%40EventsStatusRendererComponent&t=1780289682904:0
[44348599ms] [ERROR] Failed to load resource: net::ERR_NETWORK_CHANGED @ http://c4c.localhost:4200/@fs/Users/peleg.katz/Desktop/cx-web-workspace/libs/infrastructure-explorer/src/lib/pages/catalog/catalog-detailview/catalog-detailview-events/catalog-detailview-events-renderers/events-text-renderer/@ng/component?c=%2FUsers%2Fpeleg.katz%2FDesktop%2Fcx-web-workspace%2Flibs%2Finfrastructure-explorer%2Fsrc%2Flib%2Fpages%2Fcatalog%2Fcatalog-detailview%2Fcatalog-detailview-events%2Fcatalog-detailview-events-renderers%2Fevents-text-renderer%2Fevents-text-renderer.component.ts%40EventsTextRendererComponent&t=1780289682904:0
[44348599ms] [ERROR] TypeError: Failed to fetch dynamically imported module: http://c4c.localhost:4200/@fs/Users/peleg.katz/Desktop/cx-web-workspace/libs/infrastructure-explorer/src/lib/pages/catalog/catalog-detailview/catalog-detaiview-details/details-text-cell-renderer/@ng/component?c=%2FUsers%2Fpeleg.katz%2FDesktop%2Fcx-web-workspace%2Flibs%2Finfrastructure-explorer%2Fsrc%2Flib%2Fpages%2Fcatalog%2Fcatalog-detailview%2Fcatalog-detaiview-details%2Fdetails-text-cell-renderer%2Fdetails-text-cell-renderer.component.ts%40DetailsTextCellRendererComponent&t=1780289682888 @ http://c4c.localhost:4200/@vite/client:509
[44348599ms] [ERROR] Failed to load resource: net::ERR_NETWORK_CHANGED @ http://c4c.localhost:4200/@fs/Users/peleg.katz/Desktop/cx-web-workspace/libs/infrastructure-explorer/src/lib/pages/catalog/catalog-detailview/catalog-detailview-events/catalog-detailview-events-renderers/events-timestamp-renderer/@ng/component?c=%2FUsers%2Fpeleg.katz%2FDesktop%2Fcx-web-workspace%2Flibs%2Finfrastructure-explorer%2Fsrc%2Flib%2Fpages%2Fcatalog%2Fcatalog-detailview%2Fcatalog-detailview-events%2Fcatalog-detailview-events-renderers%2Fevents-timestamp-renderer%2Fevents-timestamp-renderer.component.ts%40EventsTimestampRendererComponent&t=1780289682904:0
[44348599ms] [ERROR] Failed to load resource: net::ERR_NETWORK_CHANGED @ http://c4c.localhost:4200/@fs/Users/peleg.katz/Desktop/cx-web-workspace/libs/infrastructure-explorer/src/lib/pages/catalog/catalog-overview/widgets/components/@ng/component?c=%2FUsers%2Fpeleg.katz%2FDesktop%2Fcx-web-workspace%2Flibs%2Finfrastructure-explorer%2Fsrc%2Flib%2Fpages%2Fcatalog%2Fcatalog-overview%2Fwidgets%2Fcomponents%2Fcatalog-widget-number-unit.component.ts%40CatalogWidgetNumberUnitComponent&t=1780289682905:0
[44348599ms] [ERROR] TypeError: Failed to fetch dynamically imported module: http://c4c.localhost:4200/@fs/Users/peleg.katz/Desktop/cx-web-workspace/libs/infrastructure-explorer/src/lib/pages/catalog/catalog-detailview/catalog-detaiview-details/details-metadata-dynamic-cell-renderer/@ng/component?c=%2FUsers%2Fpeleg.katz%2FDesktop%2Fcx-web-workspace%2Flibs%2Finfrastructure-explorer%2Fsrc%2Flib%2Fpages%2Fcatalog%2Fcatalog-detailview%2Fcatalog-detaiview-details%2Fdetails-metadata-dynamic-cell-renderer%2Fdetails-metadata-dynamic-renderer-list-item.component.ts%40DetailsMetadataDynamicRendererListItemComponent&t=1780289682888 @ http://c4c.localhost:4200/@vite/client:509
[44348600ms] [ERROR] TypeError: Failed to fetch dynamically imported module: http://c4c.localhost:4200/@fs/Users/peleg.katz/Desktop/cx-web-workspace/libs/infrastructure-explorer/src/lib/pages/catalog/catalog-detailview/catalog-detaiview-details/details-metadata-dynamic-cell-renderer/@ng/component?c=%2FUsers%2Fpeleg.katz%2FDesktop%2Fcx-web-workspace%2Flibs%2Finfrastructure-explorer%2Fsrc%2Flib%2Fpages%2Fcatalog%2Fcatalog-detailview%2Fcatalog-detaiview-details%2Fdetails-metadata-dynamic-cell-renderer%2Fdetails-metadata-dynamic-cell-renderer.component.ts%40DetailsMetadataDynamicCellRendererComponent&t=1780289682889 @ http://c4c.localhost:4200/@vite/client:509
[44348600ms] [ERROR] TypeError: Failed to fetch dynamically imported module: http://c4c.localhost:4200/@fs/Users/peleg.katz/Desktop/cx-web-workspace/libs/infrastructure-explorer/src/lib/pages/catalog/catalog-detailview/catalog-detaiview-details/@ng/component?c=%2FUsers%2Fpeleg.katz%2FDesktop%2Fcx-web-workspace%2Flibs%2Finfrastructure-explorer%2Fsrc%2Flib%2Fpages%2Fcatalog%2Fcatalog-detailview%2Fcatalog-detaiview-details%2Fcatalog-detailview-details.component.ts%40CatalogDetailviewDetailsComponent&t=1780289682889 @ http://c4c.localhost:4200/@vite/client:509
[44348600ms] [ERROR] Failed to load resource: net::ERR_NETWORK_CHANGED @ http://c4c.localhost:4200/@fs/Users/peleg.katz/Desktop/cx-web-workspace/libs/infrastructure-explorer/src/lib/pages/catalog/catalog-overview/widgets/components/tooltip/@ng/component?c=%2FUsers%2Fpeleg.katz%2FDesktop%2Fcx-web-workspace%2Flibs%2Finfrastructure-explorer%2Fsrc%2Flib%2Fpages%2Fcatalog%2Fcatalog-overview%2Fwidgets%2Fcomponents%2Ftooltip%2Fcatalog-widget-tooltip.component.ts%40CatalogWidgetTooltipComponent&t=1780289682905:0
[44348600ms] [ERROR] TypeError: Failed to fetch dynamically imported module: http://c4c.localhost:4200/@fs/Users/peleg.katz/Desktop/cx-web-workspace/libs/infrastructure-explorer/src/lib/pages/catalog/catalog-detailview/catalog-drilldown-health/health-policy-impact-analysis-grid/service-health-tooltip/@ng/component?c=%2FUsers%2Fpeleg.katz%2FDesktop%2Fcx-web-workspace%2Flibs%2Finfrastructure-explorer%2Fsrc%2Flib%2Fpages%2Fcatalog%2Fcatalog-detailview%2Fcatalog-drilldown-health%2Fhealth-policy-impact-analysis-grid%2Fservice-health-tooltip%2Fservice-health-tooltip.component.ts%40ServiceHealthTooltipComponent&t=1780289682890 @ http://c4c.localhost:4200/@vite/client:509
[44348600ms] [ERROR] TypeError: Failed to fetch dynamically imported module: http://c4c.localhost:4200/@fs/Users/peleg.katz/Desktop/cx-web-workspace/libs/infrastructure-explorer/src/lib/pages/catalog/catalog-detailview/catalog-drilldown-health/health-policy-impact-analysis-grid/@ng/component?c=%2FUsers%2Fpeleg.katz%2FDesktop%2Fcx-web-workspace%2Flibs%2Finfrastructure-explorer%2Fsrc%2Flib%2Fpages%2Fcatalog%2Fcatalog-detailview%2Fcatalog-drilldown-health%2Fhealth-policy-impact-analysis-grid%2Fhealth-policy-impact-analysis-grid.component.ts%40HealthPolicyImpactAnalysisGridComponent&t=1780289682890 @ http://c4c.localhost:4200/@vite/client:509
[44348600ms] [ERROR] Failed to load resource: net::ERR_NETWORK_CHANGED @ http://c4c.localhost:4200/@fs/Users/peleg.katz/Desktop/cx-web-workspace/libs/infrastructure-explorer/src/lib/pages/catalog/catalog-overview/widgets/components/catalog-widget-bar-chart/@ng/component?c=%2FUsers%2Fpeleg.katz%2FDesktop%2Fcx-web-workspace%2Flibs%2Finfrastructure-explorer%2Fsrc%2Flib%2Fpages%2Fcatalog%2Fcatalog-overview%2Fwidgets%2Fcomponents%2Fcatalog-widget-bar-chart%2Fcatalog-widget-bar-chart-tooltip.component.ts%40CatalogWidgetBarChartTooltipComponent&t=1780289682905:0
[44348600ms] [ERROR] TypeError: Failed to fetch dynamically imported module: http://c4c.localhost:4200/@fs/Users/peleg.katz/Desktop/cx-web-workspace/libs/infrastructure-explorer/src/lib/pages/catalog/catalog-detailview/catalog-drilldown-health/expression-renderer/@ng/component?c=%2FUsers%2Fpeleg.katz%2FDesktop%2Fcx-web-workspace%2Flibs%2Finfrastructure-explorer%2Fsrc%2Flib%2Fpages%2Fcatalog%2Fcatalog-detailview%2Fcatalog-drilldown-health%2Fexpression-renderer%2Fexpression-renderer.component.ts%40ExpressionRendererComponent&t=1780289682891 @ http://c4c.localhost:4200/@vite/client:509
[44348600ms] [ERROR] TypeError: Failed to fetch dynamically imported module: http://c4c.localhost:4200/@fs/Users/peleg.katz/Desktop/cx-web-workspace/libs/infrastructure-explorer/src/lib/pages/catalog/catalog-detailview/catalog-drilldown-health/failure-reasons-group-renderer/@ng/component?c=%2FUsers%2Fpeleg.katz%2FDesktop%2Fcx-web-workspace%2Flibs%2Finfrastructure-explorer%2Fsrc%2Flib%2Fpages%2Fcatalog%2Fcatalog-detailview%2Fcatalog-drilldown-health%2Ffailure-reasons-group-renderer%2Ffailure-reasons-group-renderer.component.ts%40FailureReasonsGroupRendererComponent&t=1780289682893 @ http://c4c.localhost:4200/@vite/client:509
[44348600ms] [ERROR] TypeError: Failed to fetch dynamically imported module: http://c4c.localhost:4200/@fs/Users/peleg.katz/Desktop/cx-web-workspace/libs/infrastructure-explorer/src/lib/pages/catalog/catalog-detailview/catalog-drilldown-health/failure-reasons-evaluation-renderer/@ng/component?c=%2FUsers%2Fpeleg.katz%2FDesktop%2Fcx-web-workspace%2Flibs%2Finfrastructure-explorer%2Fsrc%2Flib%2Fpages%2Fcatalog%2Fcatalog-detailview%2Fcatalog-drilldown-health%2Ffailure-reasons-evaluation-renderer%2Ffailure-reasons-evaluation-renderer.component.ts%40FailureReasonsEvaluationRendererComponent&t=1780289682894 @ http://c4c.localhost:4200/@vite/client:509
[44348600ms] [ERROR] Failed to load resource: net::ERR_NETWORK_CHANGED @ http://c4c.localhost:4200/@fs/Users/peleg.katz/Desktop/cx-web-workspace/libs/infrastructure-explorer/src/lib/pages/catalog/catalog-overview/components/catalog-overview-collapsed-widget/@ng/component?c=%2FUsers%2Fpeleg.katz%2FDesktop%2Fcx-web-workspace%2Flibs%2Finfrastructure-explorer%2Fsrc%2Flib%2Fpages%2Fcatalog%2Fcatalog-overview%2Fcomponents%2Fcatalog-overview-collapsed-widget%2Fcatalog-overview-collapsed-widget.component.ts%40CatalogOverviewCollapsedWidgetComponent&t=1780289682906:0
[44348600ms] [ERROR] TypeError: Failed to fetch dynamically imported module: http://c4c.localhost:4200/@fs/Users/peleg.katz/Desktop/cx-web-workspace/libs/infrastructure-explorer/src/lib/pages/catalog/catalog-detailview/catalog-drilldown-health/health-policy-failure-reasons-grid/@ng/component?c=%2FUsers%2Fpeleg.katz%2FDesktop%2Fcx-web-workspace%2Flibs%2Finfrastructure-explorer%2Fsrc%2Flib%2Fpages%2Fcatalog%2Fcatalog-detailview%2Fcatalog-drilldown-health%2Fhealth-policy-failure-reasons-grid%2Fhealth-policy-failure-reasons-grid.component.ts%40HealthPolicyFailureReasonsGridComponent&t=1780289682894 @ http://c4c.localhost:4200/@vite/client:509
[44348600ms] [ERROR] TypeError: Failed to fetch dynamically imported module: http://c4c.localhost:4200/@fs/Users/peleg.katz/Desktop/cx-web-workspace/libs/infrastructure-explorer/src/lib/pages/catalog/catalog-detailview/catalog-drilldown-health/catalog-drilldown-health-policy-view/@ng/component?c=%2FUsers%2Fpeleg.katz%2FDesktop%2Fcx-web-workspace%2Flibs%2Finfrastructure-explorer%2Fsrc%2Flib%2Fpages%2Fcatalog%2Fcatalog-detailview%2Fcatalog-drilldown-health%2Fcatalog-drilldown-health-policy-view%2Fcatalog-drilldown-health-policy-view.component.ts%40CatalogDrilldownHealthPolicyViewComponent&t=1780289682895 @ http://c4c.localhost:4200/@vite/client:509
[44348600ms] [ERROR] Failed to load resource: net::ERR_NETWORK_CHANGED @ http://c4c.localhost:4200/@fs/Users/peleg.katz/Desktop/cx-web-workspace/libs/infrastructure-explorer/src/lib/pages/catalog/catalog-overview/components/catalog-overview-widget/@ng/component?c=%2FUsers%2Fpeleg.katz%2FDesktop%2Fcx-web-workspace%2Flibs%2Finfrastructure-explorer%2Fsrc%2Flib%2Fpages%2Fcatalog%2Fcatalog-overview%2Fcomponents%2Fcatalog-overview-widget%2Fcatalog-overview-widget.component.ts%40CatalogOverviewWidgetComponent&t=1780289682906:0
[44348600ms] [ERROR] Failed to load resource: net::ERR_NETWORK_CHANGED @ http://c4c.localhost:4200/@fs/Users/peleg.katz/Desktop/cx-web-workspace/libs/infrastructure-explorer/src/lib/overview-widget/@ng/component?c=%2FUsers%2Fpeleg.katz%2FDesktop%2Fcx-web-workspace%2Flibs%2Finfrastructure-explorer%2Fsrc%2Flib%2Foverview-widget%2Foverview-widget-content.component.ts%40OverviewWidgetContentComponent&t=1780289682907:0
[44348600ms] [ERROR] TypeError: Failed to fetch dynamically imported module: http://c4c.localhost:4200/@fs/Users/peleg.katz/Desktop/cx-web-workspace/libs/infrastructure-explorer/src/lib/pages/catalog/catalog-detailview/catalog-drilldown-health/pending-status-content/@ng/component?c=%2FUsers%2Fpeleg.katz%2FDesktop%2Fcx-web-workspace%2Flibs%2Finfrastructure-explorer%2Fsrc%2Flib%2Fpages%2Fcatalog%2Fcatalog-detailview%2Fcatalog-drilldown-health%2Fpending-status-content%2Fpending-status-content.component.ts%40PendingStatusContentComponent&t=1780289682896 @ http://c4c.localhost:4200/@vite/client:509
[44348600ms] [ERROR] TypeError: Failed to fetch dynamically imported module: http://c4c.localhost:4200/@fs/Users/peleg.katz/Desktop/cx-web-workspace/libs/infrastructure-explorer/src/lib/pages/catalog/catalog-detailview/catalog-drilldown-health/catalog-drilldown-health-policies-grid/@ng/component?c=%2FUsers%2Fpeleg.katz%2FDesktop%2Fcx-web-workspace%2Flibs%2Finfrastructure-explorer%2Fsrc%2Flib%2Fpages%2Fcatalog%2Fcatalog-detailview%2Fcatalog-drilldown-health%2Fcatalog-drilldown-health-policies-grid%2Fcatalog-drilldown-health-policies-grid.component.ts%40CatalogDrilldownHealthPoliciesGridComponent&t=1780289682896 @ http://c4c.localhost:4200/@vite/client:509
[44348601ms] [ERROR] TypeError: Failed to fetch dynamically imported module: http://c4c.localhost:4200/@fs/Users/peleg.katz/Desktop/cx-web-workspace/libs/infrastructure-explorer/src/lib/pages/catalog/catalog-detailview/catalog-drilldown-health/catalog-drilldown-health-rule-name-right-content/@ng/component?c=%2FUsers%2Fpeleg.katz%2FDesktop%2Fcx-web-workspace%2Flibs%2Finfrastructure-explorer%2Fsrc%2Flib%2Fpages%2Fcatalog%2Fcatalog-detailview%2Fcatalog-drilldown-health%2Fcatalog-drilldown-health-rule-name-right-content%2Fcatalog-drilldown-health-rule-name-right-content.component.ts%40CatalogDrilldownHealthRuleNameRightContentComponent&t=1780289682897 @ http://c4c.localhost:4200/@vite/client:509
[44348601ms] [ERROR] TypeError: Failed to fetch dynamically imported module: http://c4c.localhost:4200/@fs/Users/peleg.katz/Desktop/cx-web-workspace/libs/infrastructure-explorer/src/lib/pages/catalog/catalog-detailview/catalog-drilldown-health/catalog-drilldown-health-rules-grid/@ng/component?c=%2FUsers%2Fpeleg.katz%2FDesktop%2Fcx-web-workspace%2Flibs%2Finfrastructure-explorer%2Fsrc%2Flib%2Fpages%2Fcatalog%2Fcatalog-detailview%2Fcatalog-drilldown-health%2Fcatalog-drilldown-health-rules-grid%2Fcatalog-drilldown-health-rules-grid.component.ts%40CatalogDrilldownHealthRulesGridComponent&t=1780289682897 @ http://c4c.localhost:4200/@vite/client:509
[44348601ms] [ERROR] Failed to load resource: net::ERR_NETWORK_CHANGED @ http://c4c.localhost:4200/@fs/Users/peleg.katz/Desktop/cx-web-workspace/libs/infrastructure-explorer/src/lib/overview-widget/@ng/component?c=%2FUsers%2Fpeleg.katz%2FDesktop%2Fcx-web-workspace%2Flibs%2Finfrastructure-explorer%2Fsrc%2Flib%2Foverview-widget%2Foverview-widget.component.ts%40OverviewWidgetComponent&t=1780289682907:0
[44348601ms] [ERROR] TypeError: Failed to fetch dynamically imported module: http://c4c.localhost:4200/@fs/Users/peleg.katz/Desktop/cx-web-workspace/libs/infrastructure-explorer/src/lib/pages/catalog/catalog-detailview/catalog-drilldown-health/@ng/component?c=%2FUsers%2Fpeleg.katz%2FDesktop%2Fcx-web-workspace%2Flibs%2Finfrastructure-explorer%2Fsrc%2Flib%2Fpages%2Fcatalog%2Fcatalog-detailview%2Fcatalog-drilldown-health%2Fcatalog-drilldown-health.component.ts%40CatalogDrilldownHealthComponent&t=1780289682897 @ http://c4c.localhost:4200/@vite/client:509
[44348601ms] [ERROR] Failed to load resource: net::ERR_NETWORK_CHANGED @ http://c4c.localhost:4200/@fs/Users/peleg.katz/Desktop/cx-web-workspace/libs/alerts/common/src/lib/components/alert-def-priority/@ng/component?c=%2FUsers%2Fpeleg.katz%2FDesktop%2Fcx-web-workspace%2Flibs%2Falerts%2Fcommon%2Fsrc%2Flib%2Fcomponents%2Falert-def-priority%2Falert-def-priority.component.ts%40AlertDefPriorityComponent&t=1780289682915:0
[44348601ms] [ERROR] TypeError: Failed to fetch dynamically imported module: http://c4c.localhost:4200/@fs/Users/peleg.katz/Desktop/cx-web-workspace/libs/infrastructure-explorer/src/lib/pages/catalog/catalog-detailview/catalog-drilldown-relationships/catalog-drilldown-explore-relationships-link/@ng/component?c=%2FUsers%2Fpeleg.katz%2FDesktop%2Fcx-web-workspace%2Flibs%2Finfrastructure-explorer%2Fsrc%2Flib%2Fpages%2Fcatalog%2Fcatalog-detailview%2Fcatalog-drilldown-relationships%2Fcatalog-drilldown-explore-relationships-link%2Fcatalog-drilldown-explore-relationships-link.component.ts%40CatalogDrilldownExploreRelationshipsLinkComponent&t=1780289682898 @ http://c4c.localhost:4200/@vite/client:509
[44348601ms] [ERROR] TypeError: Failed to fetch dynamically imported module: http://c4c.localhost:4200/@fs/Users/peleg.katz/Desktop/cx-web-workspace/libs/infrastructure-explorer/src/lib/pages/catalog/catalog-detailview/catalog-drilldown-relationships/catalog-drilldown-relationships-header/@ng/component?c=%2FUsers%2Fpeleg.katz%2FDesktop%2Fcx-web-workspace%2Flibs%2Finfrastructure-explorer%2Fsrc%2Flib%2Fpages%2Fcatalog%2Fcatalog-detailview%2Fcatalog-drilldown-relationships%2Fcatalog-drilldown-relationships-header%2Fcatalog-drilldown-relationships-header.component.ts%40CatalogDrilldownRelationshipsHeaderComponent&t=1780289682898 @ http://c4c.localhost:4200/@vite/client:509
[44348601ms] [ERROR] TypeError: Failed to fetch dynamically imported module: http://c4c.localhost:4200/@fs/Users/peleg.katz/Desktop/cx-web-workspace/libs/infrastructure-explorer/src/lib/pages/catalog/catalog-detailview/catalog-drilldown-relationships/catalog-drilldown-relationships-search/@ng/component?c=%2FUsers%2Fpeleg.katz%2FDesktop%2Fcx-web-workspace%2Flibs%2Finfrastructure-explorer%2Fsrc%2Flib%2Fpages%2Fcatalog%2Fcatalog-detailview%2Fcatalog-drilldown-relationships%2Fcatalog-drilldown-relationships-search%2Fcatalog-drilldown-relationships-search.component.ts%40CatalogDrilldownRelationshipsSearchComponent&t=1780289682899 @ http://c4c.localhost:4200/@vite/client:509
[44348601ms] [ERROR] Failed to load resource: net::ERR_NETWORK_CHANGED @ http://c4c.localhost:4200/@fs/Users/peleg.katz/Desktop/cx-web-workspace/libs/alerts/common/src/lib/components/alert-condition-rules/logs-immediate-condition-rule/@ng/component?c=%2FUsers%2Fpeleg.katz%2FDesktop%2Fcx-web-workspace%2Flibs%2Falerts%2Fcommon%2Fsrc%2Flib%2Fcomponents%2Falert-condition-rules%2Flogs-immediate-condition-rule%2Flogs-immediate-condition-rule.component.ts%40LogsImmediateConditionRuleComponent&t=1780289682916:0
[44348601ms] [ERROR] Failed to load resource: net::ERR_NETWORK_CHANGED @ http://c4c.localhost:4200/@fs/Users/peleg.katz/Desktop/cx-web-workspace/libs/alerts/common/src/lib/components/alert-condition-rules/rule-chip/@ng/component?c=%2FUsers%2Fpeleg.katz%2FDesktop%2Fcx-web-workspace%2Flibs%2Falerts%2Fcommon%2Fsrc%2Flib%2Fcomponents%2Falert-condition-rules%2Frule-chip%2Frule-chip.component.ts%40RuleChipComponent&t=1780289682916:0
[44348601ms] [ERROR] Failed to load resource: net::ERR_NETWORK_CHANGED @ http://c4c.localhost:4200/@fs/Users/peleg.katz/Desktop/cx-web-workspace/libs/alerts/common/src/lib/components/alert-condition-rules/tracing-threshold-condition-rule/@ng/component?c=%2FUsers%2Fpeleg.katz%2FDesktop%2Fcx-web-workspace%2Flibs%2Falerts%2Fcommon%2Fsrc%2Flib%2Fcomponents%2Falert-condition-rules%2Ftracing-threshold-condition-rule%2Ftracing-threshold-condition-rule.component.ts%40TracingThresholdConditionRuleComponent&t=1780289682917:0
[44348601ms] [ERROR] TypeError: Failed to fetch dynamically imported module: http://c4c.localhost:4200/@fs/Users/peleg.katz/Desktop/cx-web-workspace/libs/infrastructure-explorer/src/lib/pages/catalog/catalog-detailview/catalog-drilldown-relationships/catalog-drilldown-relationships-grid/@ng/component?c=%2FUsers%2Fpeleg.katz%2FDesktop%2Fcx-web-workspace%2Flibs%2Finfrastructure-explorer%2Fsrc%2Flib%2Fpages%2Fcatalog%2Fcatalog-detailview%2Fcatalog-drilldown-relationships%2Fcatalog-drilldown-relationships-grid%2Fcatalog-drilldown-relationships-grid.component.ts%40CatalogDrilldownRelationshipsGridComponent&t=1780289682899 @ http://c4c.localhost:4200/@vite/client:509
[44348601ms] [ERROR] Failed to load resource: net::ERR_NETWORK_CHANGED @ http://c4c.localhost:4200/@fs/Users/peleg.katz/Desktop/cx-web-workspace/libs/alerts/common/src/lib/components/alert-condition-rules/tracing-immediate-condition-rule/@ng/component?c=%2FUsers%2Fpeleg.katz%2FDesktop%2Fcx-web-workspace%2Flibs%2Falerts%2Fcommon%2Fsrc%2Flib%2Fcomponents%2Falert-condition-rules%2Ftracing-immediate-condition-rule%2Ftracing-immediate-condition-rule.component.ts%40TracingImmediateConditionRuleComponent&t=1780289682917:0
[44348601ms] [ERROR] Failed to load resource: net::ERR_NETWORK_CHANGED @ http://c4c.localhost:4200/@fs/Users/peleg.katz/Desktop/cx-web-workspace/libs/alerts/common/src/lib/components/alert-condition-rules/metric-anomaly-condition-rule/@ng/component?c=%2FUsers%2Fpeleg.katz%2FDesktop%2Fcx-web-workspace%2Flibs%2Falerts%2Fcommon%2Fsrc%2Flib%2Fcomponents%2Falert-condition-rules%2Fmetric-anomaly-condition-rule%2Fmetric-anomaly-condition-rule.component.ts%40MetricAnomalyConditionRuleComponent&t=1780289682918:0
[44348601ms] [ERROR] Failed to load resource: net::ERR_NETWORK_CHANGED @ http://c4c.localhost:4200/@fs/Users/peleg.katz/Desktop/cx-web-workspace/libs/alerts/common/src/lib/components/alert-condition-rules/unique-count-condition-rule/@ng/component?c=%2FUsers%2Fpeleg.katz%2FDesktop%2Fcx-web-workspace%2Flibs%2Falerts%2Fcommon%2Fsrc%2Flib%2Fcomponents%2Falert-condition-rules%2Funique-count-condition-rule%2Funique-count-condition-rule.component.ts%40UniqueCountConditionRuleComponent&t=1780289682919:0
[44348601ms] [ERROR] Failed to load resource: net::ERR_NETWORK_CHANGED @ http://c4c.localhost:4200/@fs/Users/peleg.katz/Desktop/cx-web-workspace/libs/alerts/common/src/lib/components/alert-condition-rules/time-relative-alert-condition-rule/@ng/component?c=%2FUsers%2Fpeleg.katz%2FDesktop%2Fcx-web-workspace%2Flibs%2Falerts%2Fcommon%2Fsrc%2Flib%2Fcomponents%2Falert-condition-rules%2Ftime-relative-alert-condition-rule%2Ftime-relative-alert-condition-rule.component.ts%40TimeRelativeAlertConditionRuleComponent&t=1780289682919:0
[44348601ms] [ERROR] TypeError: Failed to fetch dynamically imported module: http://c4c.localhost:4200/@fs/Users/peleg.katz/Desktop/cx-web-workspace/libs/infrastructure-explorer/src/lib/pages/catalog/catalog-detailview/catalog-drilldown-relationships/@ng/component?c=%2FUsers%2Fpeleg.katz%2FDesktop%2Fcx-web-workspace%2Flibs%2Finfrastructure-explorer%2Fsrc%2Flib%2Fpages%2Fcatalog%2Fcatalog-detailview%2Fcatalog-drilldown-relationships%2Fcatalog-drilldown-relationships.component.ts%40CatalogDrilldownRelationshipsComponent&t=1780289682899 @ http://c4c.localhost:4200/@vite/client:509
[44348601ms] [ERROR] TypeError: Failed to fetch dynamically imported module: http://c4c.localhost:4200/@fs/Users/peleg.katz/Desktop/cx-web-workspace/libs/infrastructure-explorer/src/lib/pages/catalog/catalog-detailview/catalog-detailview-overview/catalog-detailview-overview-livestatus/@ng/component?c=%2FUsers%2Fpeleg.katz%2FDesktop%2Fcx-web-workspace%2Flibs%2Finfrastructure-explorer%2Fsrc%2Flib%2Fpages%2Fcatalog%2Fcatalog-detailview%2Fcatalog-detailview-overview%2Fcatalog-detailview-overview-livestatus%2Fcatalog-detailview-overview-livestatus.component.ts%40CatalogDetailviewOverviewLivestatusComponent&t=1780289682900 @ http://c4c.localhost:4200/@vite/client:509
[44348601ms] [ERROR] Failed to load resource: net::ERR_NETWORK_CHANGED @ http://c4c.localhost:4200/@fs/Users/peleg.katz/Desktop/cx-web-workspace/libs/alerts/common/src/lib/components/alert-condition-rules/ratio-threshold-alert-condition-rule/@ng/component?c=%2FUsers%2Fpeleg.katz%2FDesktop%2Fcx-web-workspace%2Flibs%2Falerts%2Fcommon%2Fsrc%2Flib%2Fcomponents%2Falert-condition-rules%2Fratio-threshold-alert-condition-rule%2Fratio-threshold-alert-condition-rule.component.ts%40RatioThresholdAlertConditionRuleComponent&t=1780289682919:0
[44348601ms] [ERROR] Failed to load resource: net::ERR_NETWORK_CHANGED @ http://c4c.localhost:4200/@fs/Users/peleg.katz/Desktop/cx-web-workspace/libs/alerts/common/src/lib/components/alert-condition-rules/metric-threshold-alert-condition-rule/@ng/component?c=%2FUsers%2Fpeleg.katz%2FDesktop%2Fcx-web-workspace%2Flibs%2Falerts%2Fcommon%2Fsrc%2Flib%2Fcomponents%2Falert-condition-rules%2Fmetric-threshold-alert-condition-rule%2Fmetric-threshold-alert-condition-rule.component.ts%40MetricThresholdAlertConditionRuleComponent&t=1780289682919:0
[44348601ms] [ERROR] TypeError: Failed to fetch dynamically imported module: http://c4c.localhost:4200/@fs/Users/peleg.katz/Desktop/cx-web-workspace/libs/infrastructure-explorer/src/lib/pages/catalog/catalog-detailview/catalog-drilldown-ownership/@ng/component?c=%2FUsers%2Fpeleg.katz%2FDesktop%2Fcx-web-workspace%2Flibs%2Finfrastructure-explorer%2Fsrc%2Flib%2Fpages%2Fcatalog%2Fcatalog-detailview%2Fcatalog-drilldown-ownership%2Fcatalog-drilldown-ownership.component.ts%40CatalogDrilldownOwnershipComponent&t=1780289682902 @ http://c4c.localhost:4200/@vite/client:509
[44348601ms] [ERROR] Failed to load resource: net::ERR_NETWORK_CHANGED @ http://c4c.localhost:4200/@fs/Users/peleg.katz/Desktop/cx-web-workspace/libs/alerts/common/src/lib/components/alert-condition-rules/slo-threshold-alert-condition-rule/@ng/component?c=%2FUsers%2Fpeleg.katz%2FDesktop%2Fcx-web-workspace%2Flibs%2Falerts%2Fcommon%2Fsrc%2Flib%2Fcomponents%2Falert-condition-rules%2Fslo-threshold-alert-condition-rule%2Fslo-threshold-alert-condition-rule.component.ts%40SloThresholdAlertConditionRuleComponent&t=1780289682920:0
[44348601ms] [ERROR] TypeError: Failed to fetch dynamically imported module: http://c4c.localhost:4200/@fs/Users/peleg.katz/Desktop/cx-web-workspace/libs/infrastructure-explorer/src/lib/pages/catalog/catalog-detailview/catalog-drilldown-ownership/catalog-drilldown-ownership-edit-dialog/@ng/component?c=%2FUsers%2Fpeleg.katz%2FDesktop%2Fcx-web-workspace%2Flibs%2Finfrastructure-explorer%2Fsrc%2Flib%2Fpages%2Fcatalog%2Fcatalog-detailview%2Fcatalog-drilldown-ownership%2Fcatalog-drilldown-ownership-edit-dialog%2Fcatalog-drilldown-ownership-edit-dialog.component.ts%40CatalogDrilldownOwnershipEditDialogComponent&t=1780289682902 @ http://c4c.localhost:4200/@vite/client:509
[44348602ms] [ERROR] Failed to load resource: net::ERR_NETWORK_CHANGED @ http://c4c.localhost:4200/@fs/Users/peleg.katz/Desktop/cx-web-workspace/libs/alerts/common/src/lib/components/alert-condition-rules/logs-threshold-alert-condition-rules/@ng/component?c=%2FUsers%2Fpeleg.katz%2FDesktop%2Fcx-web-workspace%2Flibs%2Falerts%2Fcommon%2Fsrc%2Flib%2Fcomponents%2Falert-condition-rules%2Flogs-threshold-alert-condition-rules%2Flogs-threshold-alert-condition-rules.component.ts%40LogsThresholdAlertConditionRulesComponent&t=1780289682920:0
[44348602ms] [ERROR] Failed to load resource: net::ERR_NETWORK_CHANGED @ http://c4c.localhost:4200/@fs/Users/peleg.katz/Desktop/cx-web-workspace/libs/alerts/common/src/lib/components/alert-condition-rules/new-value-condition-rule/@ng/component?c=%2FUsers%2Fpeleg.katz%2FDesktop%2Fcx-web-workspace%2Flibs%2Falerts%2Fcommon%2Fsrc%2Flib%2Fcomponents%2Falert-condition-rules%2Fnew-value-condition-rule%2Fnew-value-condition-rule.component.ts%40NewValueConditionRuleComponent&t=1780289682920:0
[44348602ms] [ERROR] Failed to load resource: net::ERR_NETWORK_CHANGED @ http://c4c.localhost:4200/@fs/Users/peleg.katz/Desktop/cx-web-workspace/libs/alerts/common/src/lib/components/alert-condition-rules/logs-anomaly-condition-rule/@ng/component?c=%2FUsers%2Fpeleg.katz%2FDesktop%2Fcx-web-workspace%2Flibs%2Falerts%2Fcommon%2Fsrc%2Flib%2Fcomponents%2Falert-condition-rules%2Flogs-anomaly-condition-rule%2Flogs-anomaly-condition-rule.component.ts%40LogsAnomalyConditionRuleComponent&t=1780289682921:0
[44348602ms] [ERROR] Failed to load resource: net::ERR_NETWORK_CHANGED @ http://c4c.localhost:4200/@fs/Users/peleg.katz/Desktop/cx-web-workspace/libs/alerts/common/src/lib/components/alert-condition-rules/@ng/component?c=%2FUsers%2Fpeleg.katz%2FDesktop%2Fcx-web-workspace%2Flibs%2Falerts%2Fcommon%2Fsrc%2Flib%2Fcomponents%2Falert-condition-rules%2Falert-condition-rules.component.ts%40AlertConditionRulesComponent&t=1780289682921:0
[44348602ms] [ERROR] Failed to load resource: net::ERR_NETWORK_CHANGED @ http://c4c.localhost:4200/@fs/Users/peleg.katz/Desktop/cx-web-workspace/libs/alerts/common/src/lib/components/alert-queries/filter-query/@ng/component?c=%2FUsers%2Fpeleg.katz%2FDesktop%2Fcx-web-workspace%2Flibs%2Falerts%2Fcommon%2Fsrc%2Flib%2Fcomponents%2Falert-queries%2Ffilter-query%2Ffilter-query.component.ts%40FilterQueryDisplayComponent&t=1780289682922:0
[44348602ms] [ERROR] TypeError: Failed to fetch dynamically imported module: http://c4c.localhost:4200/@fs/Users/peleg.katz/Desktop/cx-web-workspace/libs/infrastructure-explorer/src/lib/pages/catalog/catalog-detailview/catalog-drilldown-ownership/catalog-drilldown-ownership-edit/@ng/component?c=%2FUsers%2Fpeleg.katz%2FDesktop%2Fcx-web-workspace%2Flibs%2Finfrastructure-explorer%2Fsrc%2Flib%2Fpages%2Fcatalog%2Fcatalog-detailview%2Fcatalog-drilldown-ownership%2Fcatalog-drilldown-ownership-edit%2Fcatalog-drilldown-ownership-edit.component.ts%40CatalogDrilldownOwnershipEditComponent&t=1780289682902 @ http://c4c.localhost:4200/@vite/client:509
[44348602ms] [ERROR] Failed to load resource: net::ERR_NETWORK_CHANGED @ http://c4c.localhost:4200/@fs/Users/peleg.katz/Desktop/cx-web-workspace/libs/alerts/common/src/lib/components/alert-queries/alert-query/alert-labels-filter-query/@ng/component?c=%2FUsers%2Fpeleg.katz%2FDesktop%2Fcx-web-workspace%2Flibs%2Falerts%2Fcommon%2Fsrc%2Flib%2Fcomponents%2Falert-queries%2Falert-query%2Falert-labels-filter-query%2Falert-labels-filter-query.component.ts%40AlertLabelsFilterQueryComponent&t=1780289682922:0
[44348602ms] [ERROR] Failed to load resource: net::ERR_NETWORK_CHANGED @ http://c4c.localhost:4200/@fs/Users/peleg.katz/Desktop/cx-web-workspace/libs/alerts/common/src/lib/components/alert-queries/alert-query/@ng/component?c=%2FUsers%2Fpeleg.katz%2FDesktop%2Fcx-web-workspace%2Flibs%2Falerts%2Fcommon%2Fsrc%2Flib%2Fcomponents%2Falert-queries%2Falert-query%2Falert-query.component.ts%40AlertQueryComponent&t=1780289682922:0
[44348602ms] [ERROR] TypeError: Failed to fetch dynamically imported module: http://c4c.localhost:4200/@fs/Users/peleg.katz/Desktop/cx-web-workspace/libs/infrastructure-explorer/src/lib/pages/catalog/catalog-detailview/catalog-detailview-events/catalog-detailview-events-renderers/events-age-renderer/@ng/component?c=%2FUsers%2Fpeleg.katz%2FDesktop%2Fcx-web-workspace%2Flibs%2Finfrastructure-explorer%2Fsrc%2Flib%2Fpages%2Fcatalog%2Fcatalog-detailview%2Fcatalog-detailview-events%2Fcatalog-detailview-events-renderers%2Fevents-age-renderer%2Fevents-age-renderer.component.ts%40EventsAgeRendererComponent&t=1780289682903 @ http://c4c.localhost:4200/@vite/client:509
[44348602ms] [ERROR] Failed to load resource: net::ERR_NETWORK_CHANGED @ http://c4c.localhost:4200/@fs/Users/peleg.katz/Desktop/cx-web-workspace/libs/alerts/common/src/lib/components/alert-queries/tracing-alert-query/@ng/component?c=%2FUsers%2Fpeleg.katz%2FDesktop%2Fcx-web-workspace%2Flibs%2Falerts%2Fcommon%2Fsrc%2Flib%2Fcomponents%2Falert-queries%2Ftracing-alert-query%2Ftracing-alert-query.component.ts%40TracingAlertQueryComponent&t=1780289682923:0
[44348602ms] [ERROR] Failed to load resource: net::ERR_NETWORK_CHANGED @ http://c4c.localhost:4200/@fs/Users/peleg.katz/Desktop/cx-web-workspace/libs/alerts/common/src/lib/components/alert-queries/ratio-alert-query/@ng/component?c=%2FUsers%2Fpeleg.katz%2FDesktop%2Fcx-web-workspace%2Flibs%2Falerts%2Fcommon%2Fsrc%2Flib%2Fcomponents%2Falert-queries%2Fratio-alert-query%2Fratio-alert-query.component.ts%40RatioAlertQueryComponent&t=1780289682923:0
[44348602ms] [ERROR] TypeError: Failed to fetch dynamically imported module: http://c4c.localhost:4200/@fs/Users/peleg.katz/Desktop/cx-web-workspace/libs/infrastructure-explorer/src/lib/pages/catalog/catalog-detailview/catalog-detailview-events/catalog-detailview-events-renderers/events-message-renderer/@ng/component?c=%2FUsers%2Fpeleg.katz%2FDesktop%2Fcx-web-workspace%2Flibs%2Finfrastructure-explorer%2Fsrc%2Flib%2Fpages%2Fcatalog%2Fcatalog-detailview%2Fcatalog-detailview-events%2Fcatalog-detailview-events-renderers%2Fevents-message-renderer%2Fevents-message-renderer.component.ts%40EventsMessageRendererComponent&t=1780289682903 @ http://c4c.localhost:4200/@vite/client:509
[44348602ms] [ERROR] Failed to load resource: net::ERR_NETWORK_CHANGED @ http://c4c.localhost:4200/@fs/Users/peleg.katz/Desktop/cx-web-workspace/libs/alerts/common/src/lib/components/alert-queries/flow-alert-query/@ng/component?c=%2FUsers%2Fpeleg.katz%2FDesktop%2Fcx-web-workspace%2Flibs%2Falerts%2Fcommon%2Fsrc%2Flib%2Fcomponents%2Falert-queries%2Fflow-alert-query%2Fflow-alert-query.component.ts%40FlowAlertQueryComponent&t=1780289682923:0
[44348602ms] [ERROR] TypeError: Failed to fetch dynamically imported module: http://c4c.localhost:4200/@fs/Users/peleg.katz/Desktop/cx-web-workspace/libs/infrastructure-explorer/src/lib/pages/catalog/catalog-detailview/catalog-detailview-events/catalog-detailview-events-renderers/events-object-renderer/@ng/component?c=%2FUsers%2Fpeleg.katz%2FDesktop%2Fcx-web-workspace%2Flibs%2Finfrastructure-explorer%2Fsrc%2Flib%2Fpages%2Fcatalog%2Fcatalog-detailview%2Fcatalog-detailview-events%2Fcatalog-detailview-events-renderers%2Fevents-object-renderer%2Fevents-object-renderer.component.ts%40EventsObjectRendererComponent&t=1780289682903 @ http://c4c.localhost:4200/@vite/client:509
[44348602ms] [ERROR] Failed to load resource: net::ERR_NETWORK_CHANGED @ http://c4c.localhost:4200/@fs/Users/peleg.katz/Desktop/cx-web-workspace/libs/alerts/common/src/lib/components/alert-setting-inline/@ng/component?c=%2FUsers%2Fpeleg.katz%2FDesktop%2Fcx-web-workspace%2Flibs%2Falerts%2Fcommon%2Fsrc%2Flib%2Fcomponents%2Falert-setting-inline%2Falert-setting-inline.component.ts%40AlertSettingInlineComponent&t=1780289682924:0
[44348602ms] [ERROR] TypeError: Failed to fetch dynamically imported module: http://c4c.localhost:4200/@fs/Users/peleg.katz/Desktop/cx-web-workspace/libs/infrastructure-explorer/src/lib/pages/catalog/catalog-detailview/catalog-detailview-events/catalog-detailview-events-renderers/events-status-renderer/@ng/component?c=%2FUsers%2Fpeleg.katz%2FDesktop%2Fcx-web-workspace%2Flibs%2Finfrastructure-explorer%2Fsrc%2Flib%2Fpages%2Fcatalog%2Fcatalog-detailview%2Fcatalog-detailview-events%2Fcatalog-detailview-events-renderers%2Fevents-status-renderer%2Fevents-status-renderer.component.ts%40EventsStatusRendererComponent&t=1780289682904 @ http://c4c.localhost:4200/@vite/client:509
[44348603ms] [ERROR] Failed to load resource: net::ERR_NETWORK_CHANGED @ http://c4c.localhost:4200/@fs/Users/peleg.katz/Desktop/cx-web-workspace/libs/alerts/common/src/lib/components/alert-setting-row/@ng/component?c=%2FUsers%2Fpeleg.katz%2FDesktop%2Fcx-web-workspace%2Flibs%2Falerts%2Fcommon%2Fsrc%2Flib%2Fcomponents%2Falert-setting-row%2Falert-setting-row.component.ts%40AlertSettingRowComponent&t=1780289682925:0
[44348603ms] [ERROR] TypeError: Failed to fetch dynamically imported module: http://c4c.localhost:4200/@fs/Users/peleg.katz/Desktop/cx-web-workspace/libs/infrastructure-explorer/src/lib/pages/catalog/catalog-detailview/catalog-detailview-events/catalog-detailview-events-renderers/events-text-renderer/@ng/component?c=%2FUsers%2Fpeleg.katz%2FDesktop%2Fcx-web-workspace%2Flibs%2Finfrastructure-explorer%2Fsrc%2Flib%2Fpages%2Fcatalog%2Fcatalog-detailview%2Fcatalog-detailview-events%2Fcatalog-detailview-events-renderers%2Fevents-text-renderer%2Fevents-text-renderer.component.ts%40EventsTextRendererComponent&t=1780289682904 @ http://c4c.localhost:4200/@vite/client:509
[44348603ms] [ERROR] Failed to load resource: net::ERR_NETWORK_CHANGED @ http://c4c.localhost:4200/@fs/Users/peleg.katz/Desktop/cx-web-workspace/libs/alerts/common/src/lib/components/alert-cell-renderers/priority-cell-renderer/@ng/component?c=%2FUsers%2Fpeleg.katz%2FDesktop%2Fcx-web-workspace%2Flibs%2Falerts%2Fcommon%2Fsrc%2Flib%2Fcomponents%2Falert-cell-renderers%2Fpriority-cell-renderer%2Fpriority-cell-renderer.component.ts%40PriorityCellRendererComponent&t=1780289682925:0
[44348603ms] [ERROR] TypeError: Failed to fetch dynamically imported module: http://c4c.localhost:4200/@fs/Users/peleg.katz/Desktop/cx-web-workspace/libs/infrastructure-explorer/src/lib/pages/catalog/catalog-detailview/catalog-detailview-events/catalog-detailview-events-renderers/events-timestamp-renderer/@ng/component?c=%2FUsers%2Fpeleg.katz%2FDesktop%2Fcx-web-workspace%2Flibs%2Finfrastructure-explorer%2Fsrc%2Flib%2Fpages%2Fcatalog%2Fcatalog-detailview%2Fcatalog-detailview-events%2Fcatalog-detailview-events-renderers%2Fevents-timestamp-renderer%2Fevents-timestamp-renderer.component.ts%40EventsTimestampRendererComponent&t=1780289682904 @ http://c4c.localhost:4200/@vite/client:509
[44348603ms] [ERROR] TypeError: Failed to fetch dynamically imported module: http://c4c.localhost:4200/@fs/Users/peleg.katz/Desktop/cx-web-workspace/libs/infrastructure-explorer/src/lib/pages/catalog/catalog-overview/widgets/components/@ng/component?c=%2FUsers%2Fpeleg.katz%2FDesktop%2Fcx-web-workspace%2Flibs%2Finfrastructure-explorer%2Fsrc%2Flib%2Fpages%2Fcatalog%2Fcatalog-overview%2Fwidgets%2Fcomponents%2Fcatalog-widget-number-unit.component.ts%40CatalogWidgetNumberUnitComponent&t=1780289682905 @ http://c4c.localhost:4200/@vite/client:509
[44348603ms] [ERROR] Failed to load resource: net::ERR_NETWORK_CHANGED @ http://c4c.localhost:4200/@fs/Users/peleg.katz/Desktop/cx-web-workspace/libs/alerts/common/src/lib/components/alert-cell-renderers/status-cell-renderer/@ng/component?c=%2FUsers%2Fpeleg.katz%2FDesktop%2Fcx-web-workspace%2Flibs%2Falerts%2Fcommon%2Fsrc%2Flib%2Fcomponents%2Falert-cell-renderers%2Fstatus-cell-renderer%2Fstatus-cell-renderer.component.ts%40StatusCellRendererComponent&t=1780289682926:0
[44348603ms] [ERROR] Failed to load resource: net::ERR_NETWORK_CHANGED @ http://c4c.localhost:4200/@fs/Users/peleg.katz/Desktop/cx-web-workspace/libs/alerts/common/src/lib/components/alert-cell-renderers/type-cell-renderer/@ng/component?c=%2FUsers%2Fpeleg.katz%2FDesktop%2Fcx-web-workspace%2Flibs%2Falerts%2Fcommon%2Fsrc%2Flib%2Fcomponents%2Falert-cell-renderers%2Ftype-cell-renderer%2Ftype-cell-renderer.component.ts%40TypeCellRendererComponent&t=1780289682926:0
[44348603ms] [ERROR] Failed to load resource: net::ERR_NETWORK_CHANGED @ http://c4c.localhost:4200/@fs/Users/peleg.katz/Desktop/cx-web-workspace/libs/alerts/common/src/lib/features/alert-editor-no-data/alert-editor-no-data/@ng/component?c=%2FUsers%2Fpeleg.katz%2FDesktop%2Fcx-web-workspace%2Flibs%2Falerts%2Fcommon%2Fsrc%2Flib%2Ffeatures%2Falert-editor-no-data%2Falert-editor-no-data%2Falert-editor-no-data.component.ts%40AlertEditorNoDataComponent&t=1780289682927:0
[44348603ms] [ERROR] TypeError: Failed to fetch dynamically imported module: http://c4c.localhost:4200/@fs/Users/peleg.katz/Desktop/cx-web-workspace/libs/infrastructure-explorer/src/lib/pages/catalog/catalog-overview/widgets/components/tooltip/@ng/component?c=%2FUsers%2Fpeleg.katz%2FDesktop%2Fcx-web-workspace%2Flibs%2Finfrastructure-explorer%2Fsrc%2Flib%2Fpages%2Fcatalog%2Fcatalog-overview%2Fwidgets%2Fcomponents%2Ftooltip%2Fcatalog-widget-tooltip.component.ts%40CatalogWidgetTooltipComponent&t=1780289682905 @ http://c4c.localhost:4200/@vite/client:509
[44348603ms] [ERROR] Failed to load resource: net::ERR_NETWORK_CHANGED @ http://c4c.localhost:4200/@fs/Users/peleg.katz/Desktop/cx-web-workspace/libs/alerts/common/src/lib/features/alert-editor-no-data/alert-editor-no-data-migration/@ng/component?c=%2FUsers%2Fpeleg.katz%2FDesktop%2Fcx-web-workspace%2Flibs%2Falerts%2Fcommon%2Fsrc%2Flib%2Ffeatures%2Falert-editor-no-data%2Falert-editor-no-data-migration%2Falert-editor-no-data-migration.component.ts%40AlertEditorNoDataMigrationComponent&t=1780289682928:0
[44348603ms] [ERROR] TypeError: Failed to fetch dynamically imported module: http://c4c.localhost:4200/@fs/Users/peleg.katz/Desktop/cx-web-workspace/libs/infrastructure-explorer/src/lib/pages/catalog/catalog-overview/widgets/components/catalog-widget-bar-chart/@ng/component?c=%2FUsers%2Fpeleg.katz%2FDesktop%2Fcx-web-workspace%2Flibs%2Finfrastructure-explorer%2Fsrc%2Flib%2Fpages%2Fcatalog%2Fcatalog-overview%2Fwidgets%2Fcomponents%2Fcatalog-widget-bar-chart%2Fcatalog-widget-bar-chart-tooltip.component.ts%40CatalogWidgetBarChartTooltipComponent&t=1780289682905 @ http://c4c.localhost:4200/@vite/client:509
[44348603ms] [ERROR] Failed to load resource: net::ERR_NETWORK_CHANGED @ http://c4c.localhost:4200/@fs/Users/peleg.katz/Desktop/cx-web-workspace/libs/charts/src/lib/charts/@ng/component?c=%2FUsers%2Fpeleg.katz%2FDesktop%2Fcx-web-workspace%2Flibs%2Fcharts%2Fsrc%2Flib%2Fcharts%2Fcharts.component.ts%40ChartsComponent&t=1780289682928:0
[44348603ms] [ERROR] Failed to load resource: net::ERR_NETWORK_CHANGED @ http://c4c.localhost:4200/@fs/Users/peleg.katz/Desktop/cx-web-workspace/libs/alerts/common/src/lib/components/metric-alert-graph-visualizer/@ng/component?c=%2FUsers%2Fpeleg.katz%2FDesktop%2Fcx-web-workspace%2Flibs%2Falerts%2Fcommon%2Fsrc%2Flib%2Fcomponents%2Fmetric-alert-graph-visualizer%2Falert-graph-visualizer.component.ts%40AlertGraphVisualizerComponent&t=1780289682929:0
[44348603ms] [ERROR] Failed to load resource: net::ERR_NETWORK_CHANGED @ http://c4c.localhost:4200/app/@ng/component?c=%2FUsers%2Fpeleg.katz%2FDesktop%2Fcx-web-workspace%2Fapps%2Fweb-app%2Fsrc%2Fapp%2Fapp.component.ts%40AppComponent&t=1780289682934:0
[44348603ms] [ERROR] TypeError: Failed to fetch dynamically imported module: http://c4c.localhost:4200/@fs/Users/peleg.katz/Desktop/cx-web-workspace/libs/infrastructure-explorer/src/lib/pages/catalog/catalog-overview/components/catalog-overview-collapsed-widget/@ng/component?c=%2FUsers%2Fpeleg.katz%2FDesktop%2Fcx-web-workspace%2Flibs%2Finfrastructure-explorer%2Fsrc%2Flib%2Fpages%2Fcatalog%2Fcatalog-overview%2Fcomponents%2Fcatalog-overview-collapsed-widget%2Fcatalog-overview-collapsed-widget.component.ts%40CatalogOverviewCollapsedWidgetComponent&t=1780289682906 @ http://c4c.localhost:4200/@vite/client:509
[44348603ms] [ERROR] Failed to load resource: net::ERR_NETWORK_CHANGED @ http://c4c.localhost:4200/@fs/Users/peleg.katz/Desktop/cx-web-workspace/libs/settings/extensions/src/lib/components/configurations/components/configuration-editor/components/configuration-editor-configurations-card/components/collapsed-views/setup-collapsed-view/components/k8s-setup-collapsed/k8s-setup-collapsed.model.ts:0
[44348603ms] [ERROR] Failed to load resource: net::ERR_NETWORK_CHANGED @ http://c4c.localhost:4200/@fs/Users/peleg.katz/Desktop/cx-web-workspace/libs/settings/extensions/src/lib/components/configurations/components/configuration-editor/components/configuration-editor-configurations-card/components/collapsed-views/configuration-family-collapsed-view/components/k8s-configuration-family-collapsed/k8s-configuration-family-collapsed-view.model.ts:0
[44348603ms] [ERROR] TypeError: Failed to fetch dynamically imported module: http://c4c.localhost:4200/@fs/Users/peleg.katz/Desktop/cx-web-workspace/libs/infrastructure-explorer/src/lib/pages/catalog/catalog-overview/components/catalog-overview-widget/@ng/component?c=%2FUsers%2Fpeleg.katz%2FDesktop%2Fcx-web-workspace%2Flibs%2Finfrastructure-explorer%2Fsrc%2Flib%2Fpages%2Fcatalog%2Fcatalog-overview%2Fcomponents%2Fcatalog-overview-widget%2Fcatalog-overview-widget.component.ts%40CatalogOverviewWidgetComponent&t=1780289682906 @ http://c4c.localhost:4200/@vite/client:509
[44348604ms] [ERROR] TypeError: Failed to fetch dynamically imported module: http://c4c.localhost:4200/@fs/Users/peleg.katz/Desktop/cx-web-workspace/libs/infrastructure-explorer/src/lib/overview-widget/@ng/component?c=%2FUsers%2Fpeleg.katz%2FDesktop%2Fcx-web-workspace%2Flibs%2Finfrastructure-explorer%2Fsrc%2Flib%2Foverview-widget%2Foverview-widget-content.component.ts%40OverviewWidgetContentComponent&t=1780289682907 @ http://c4c.localhost:4200/@vite/client:509
[44348604ms] [ERROR] Failed to load resource: net::ERR_NETWORK_CHANGED @ http://c4c.localhost:4200/@fs/Users/peleg.katz/Desktop/cx-web-workspace/libs/explore/legacy/src/lib/components/logs-new-info-panel/log-content/context-menu/context-menu.component.ts:0
[44348604ms] [ERROR] Failed to load resource: net::ERR_NETWORK_CHANGED @ http://c4c.localhost:4200/@fs/Users/peleg.katz/Desktop/cx-web-workspace/libs/explore/legacy/src/lib/components/logs-new-info-panel/log-content/json/json-node/json-key.component.ts:0
[44348604ms] [ERROR] Failed to load resource: net::ERR_NETWORK_CHANGED @ http://c4c.localhost:4200/@fs/Users/peleg.katz/Desktop/cx-web-workspace/libs/explore/legacy/src/lib/components/logs-new-info-panel/log-content/json/json-node/json-value.component.ts:0
[44348604ms] [ERROR] Failed to load resource: net::ERR_NETWORK_CHANGED @ http://c4c.localhost:4200/@fs/Users/peleg.katz/Desktop/cx-web-workspace/libs/service-dashboard/src/lib/components/generic-legend-box/multiple-tooltip.service.ts:0
[44348604ms] [ERROR] TypeError: Failed to fetch dynamically imported module: http://c4c.localhost:4200/@fs/Users/peleg.katz/Desktop/cx-web-workspace/libs/infrastructure-explorer/src/lib/overview-widget/@ng/component?c=%2FUsers%2Fpeleg.katz%2FDesktop%2Fcx-web-workspace%2Flibs%2Finfrastructure-explorer%2Fsrc%2Flib%2Foverview-widget%2Foverview-widget.component.ts%40OverviewWidgetComponent&t=1780289682907 @ http://c4c.localhost:4200/@vite/client:509
[44348604ms] [ERROR] Failed to load resource: net::ERR_NETWORK_CHANGED @ http://c4c.localhost:4200/@fs/Users/peleg.katz/Desktop/cx-web-workspace/libs/slo/src/lib/slo-entry-page/components/slo-entry-highlights/slo-highlights-labels/slo-highlights-tag-analytics/slo-highlights-tag-analytics.utils.ts:0
[44348604ms] [ERROR] TypeError: Failed to fetch dynamically imported module: http://c4c.localhost:4200/@fs/Users/peleg.katz/Desktop/cx-web-workspace/libs/alerts/common/src/lib/components/alert-def-priority/@ng/component?c=%2FUsers%2Fpeleg.katz%2FDesktop%2Fcx-web-workspace%2Flibs%2Falerts%2Fcommon%2Fsrc%2Flib%2Fcomponents%2Falert-def-priority%2Falert-def-priority.component.ts%40AlertDefPriorityComponent&t=1780289682915 @ http://c4c.localhost:4200/@vite/client:509
[44348604ms] [ERROR] Failed to load resource: net::ERR_NETWORK_CHANGED @ http://c4c.localhost:4200/@fs/Users/peleg.katz/Desktop/cx-web-workspace/libs/integrations/src/lib/shared/services/integration-analytics.service.ts:0
[44348604ms] [ERROR] Failed to load resource: net::ERR_NETWORK_CHANGED @ http://c4c.localhost:4200/@fs/Users/peleg.katz/Desktop/cx-web-workspace/libs/settings/core/src/lib/account/components/api-keys/components/create-key-dialog/create-key-dialog.component.ts:0
[44348604ms] [ERROR] Failed to load resource: net::ERR_NETWORK_CHANGED @ http://c4c.localhost:4200/@fs/Users/peleg.katz/Desktop/cx-web-workspace/libs/explore/v2/src/lib/components/manage-actions-panel/action-row/action-row-detail.component.ts:0
[44348604ms] [ERROR] TypeError: Failed to fetch dynamically imported module: http://c4c.localhost:4200/@fs/Users/peleg.katz/Desktop/cx-web-workspace/libs/alerts/common/src/lib/components/alert-condition-rules/logs-immediate-condition-rule/@ng/component?c=%2FUsers%2Fpeleg.katz%2FDesktop%2Fcx-web-workspace%2Flibs%2Falerts%2Fcommon%2Fsrc%2Flib%2Fcomponents%2Falert-condition-rules%2Flogs-immediate-condition-rule%2Flogs-immediate-condition-rule.component.ts%40LogsImmediateConditionRuleComponent&t=1780289682916 @ http://c4c.localhost:4200/@vite/client:509
[44348604ms] [ERROR] TypeError: Failed to fetch dynamically imported module: http://c4c.localhost:4200/@fs/Users/peleg.katz/Desktop/cx-web-workspace/libs/alerts/common/src/lib/components/alert-condition-rules/rule-chip/@ng/component?c=%2FUsers%2Fpeleg.katz%2FDesktop%2Fcx-web-workspace%2Flibs%2Falerts%2Fcommon%2Fsrc%2Flib%2Fcomponents%2Falert-condition-rules%2Frule-chip%2Frule-chip.component.ts%40RuleChipComponent&t=1780289682916 @ http://c4c.localhost:4200/@vite/client:509
[44348604ms] [ERROR] TypeError: Failed to fetch dynamically imported module: http://c4c.localhost:4200/@fs/Users/peleg.katz/Desktop/cx-web-workspace/libs/alerts/common/src/lib/components/alert-condition-rules/tracing-threshold-condition-rule/@ng/component?c=%2FUsers%2Fpeleg.katz%2FDesktop%2Fcx-web-workspace%2Flibs%2Falerts%2Fcommon%2Fsrc%2Flib%2Fcomponents%2Falert-condition-rules%2Ftracing-threshold-condition-rule%2Ftracing-threshold-condition-rule.component.ts%40TracingThresholdConditionRuleComponent&t=1780289682917 @ http://c4c.localhost:4200/@vite/client:509
[44348604ms] [ERROR] Failed to load resource: net::ERR_NETWORK_CHANGED @ http://c4c.localhost:4200/@fs/Users/peleg.katz/Desktop/cx-web-workspace/libs/explore/v2/src/lib/components/manage-actions-panel/edit-action-drawer/edit-action-drawer.component.ts:0
[44348604ms] [ERROR] TypeError: Failed to fetch dynamically imported module: http://c4c.localhost:4200/@fs/Users/peleg.katz/Desktop/cx-web-workspace/libs/alerts/common/src/lib/components/alert-condition-rules/tracing-immediate-condition-rule/@ng/component?c=%2FUsers%2Fpeleg.katz%2FDesktop%2Fcx-web-workspace%2Flibs%2Falerts%2Fcommon%2Fsrc%2Flib%2Fcomponents%2Falert-condition-rules%2Ftracing-immediate-condition-rule%2Ftracing-immediate-condition-rule.component.ts%40TracingImmediateConditionRuleComponent&t=1780289682917 @ http://c4c.localhost:4200/@vite/client:509
[44348604ms] [ERROR] TypeError: Failed to fetch dynamically imported module: http://c4c.localhost:4200/@fs/Users/peleg.katz/Desktop/cx-web-workspace/libs/alerts/common/src/lib/components/alert-condition-rules/metric-anomaly-condition-rule/@ng/component?c=%2FUsers%2Fpeleg.katz%2FDesktop%2Fcx-web-workspace%2Flibs%2Falerts%2Fcommon%2Fsrc%2Flib%2Fcomponents%2Falert-condition-rules%2Fmetric-anomaly-condition-rule%2Fmetric-anomaly-condition-rule.component.ts%40MetricAnomalyConditionRuleComponent&t=1780289682918 @ http://c4c.localhost:4200/@vite/client:509
[44348604ms] [ERROR] Failed to load resource: net::ERR_NETWORK_CHANGED @ http://c4c.localhost:4200/@fs/Users/peleg.katz/Desktop/cx-web-workspace/libs/integrations/src/lib/shared/test-id.directive.ts:0
[44348604ms] [ERROR] TypeError: Failed to fetch dynamically imported module: http://c4c.localhost:4200/@fs/Users/peleg.katz/Desktop/cx-web-workspace/libs/alerts/common/src/lib/components/alert-condition-rules/unique-count-condition-rule/@ng/component?c=%2FUsers%2Fpeleg.katz%2FDesktop%2Fcx-web-workspace%2Flibs%2Falerts%2Fcommon%2Fsrc%2Flib%2Fcomponents%2Falert-condition-rules%2Funique-count-condition-rule%2Funique-count-condition-rule.component.ts%40UniqueCountConditionRuleComponent&t=1780289682919 @ http://c4c.localhost:4200/@vite/client:509
[44348604ms] [ERROR] TypeError: Failed to fetch dynamically imported module: http://c4c.localhost:4200/@fs/Users/peleg.katz/Desktop/cx-web-workspace/libs/alerts/common/src/lib/components/alert-condition-rules/time-relative-alert-condition-rule/@ng/component?c=%2FUsers%2Fpeleg.katz%2FDesktop%2Fcx-web-workspace%2Flibs%2Falerts%2Fcommon%2Fsrc%2Flib%2Fcomponents%2Falert-condition-rules%2Ftime-relative-alert-condition-rule%2Ftime-relative-alert-condition-rule.component.ts%40TimeRelativeAlertConditionRuleComponent&t=1780289682919 @ http://c4c.localhost:4200/@vite/client:509
[44348605ms] [ERROR] Failed to load resource: net::ERR_NETWORK_CHANGED @ http://c4c.localhost:4200/@fs/Users/peleg.katz/Desktop/cx-web-workspace/libs/integrations/src/lib/shared/services/aws-cloudwatch-namespaces.ts:0
[44348605ms] [ERROR] Failed to load resource: net::ERR_NETWORK_CHANGED @ http://c4c.localhost:4200/@fs/Users/peleg.katz/Desktop/cx-web-workspace/libs/integrations/src/lib/shared/services/aws-region-service.ts:0
[44348605ms] [ERROR] TypeError: Failed to fetch dynamically imported module: http://c4c.localhost:4200/@fs/Users/peleg.katz/Desktop/cx-web-workspace/libs/alerts/common/src/lib/components/alert-condition-rules/ratio-threshold-alert-condition-rule/@ng/component?c=%2FUsers%2Fpeleg.katz%2FDesktop%2Fcx-web-workspace%2Flibs%2Falerts%2Fcommon%2Fsrc%2Flib%2Fcomponents%2Falert-condition-rules%2Fratio-threshold-alert-condition-rule%2Fratio-threshold-alert-condition-rule.component.ts%40RatioThresholdAlertConditionRuleComponent&t=1780289682919 @ http://c4c.localhost:4200/@vite/client:509
[44348605ms] [ERROR] TypeError: Failed to fetch dynamically imported module: http://c4c.localhost:4200/@fs/Users/peleg.katz/Desktop/cx-web-workspace/libs/alerts/common/src/lib/components/alert-condition-rules/metric-threshold-alert-condition-rule/@ng/component?c=%2FUsers%2Fpeleg.katz%2FDesktop%2Fcx-web-workspace%2Flibs%2Falerts%2Fcommon%2Fsrc%2Flib%2Fcomponents%2Falert-condition-rules%2Fmetric-threshold-alert-condition-rule%2Fmetric-threshold-alert-condition-rule.component.ts%40MetricThresholdAlertConditionRuleComponent&t=1780289682919 @ http://c4c.localhost:4200/@vite/client:509
[44348605ms] [ERROR] TypeError: Failed to fetch dynamically imported module: http://c4c.localhost:4200/@fs/Users/peleg.katz/Desktop/cx-web-workspace/libs/alerts/common/src/lib/components/alert-condition-rules/slo-threshold-alert-condition-rule/@ng/component?c=%2FUsers%2Fpeleg.katz%2FDesktop%2Fcx-web-workspace%2Flibs%2Falerts%2Fcommon%2Fsrc%2Flib%2Fcomponents%2Falert-condition-rules%2Fslo-threshold-alert-condition-rule%2Fslo-threshold-alert-condition-rule.component.ts%40SloThresholdAlertConditionRuleComponent&t=1780289682920 @ http://c4c.localhost:4200/@vite/client:509
[44348605ms] [ERROR] TypeError: Failed to fetch dynamically imported module: http://c4c.localhost:4200/@fs/Users/peleg.katz/Desktop/cx-web-workspace/libs/alerts/common/src/lib/components/alert-condition-rules/logs-threshold-alert-condition-rules/@ng/component?c=%2FUsers%2Fpeleg.katz%2FDesktop%2Fcx-web-workspace%2Flibs%2Falerts%2Fcommon%2Fsrc%2Flib%2Fcomponents%2Falert-condition-rules%2Flogs-threshold-alert-condition-rules%2Flogs-threshold-alert-condition-rules.component.ts%40LogsThresholdAlertConditionRulesComponent&t=1780289682920 @ http://c4c.localhost:4200/@vite/client:509
[44348605ms] [ERROR] TypeError: Failed to fetch dynamically imported module: http://c4c.localhost:4200/@fs/Users/peleg.katz/Desktop/cx-web-workspace/libs/alerts/common/src/lib/components/alert-condition-rules/new-value-condition-rule/@ng/component?c=%2FUsers%2Fpeleg.katz%2FDesktop%2Fcx-web-workspace%2Flibs%2Falerts%2Fcommon%2Fsrc%2Flib%2Fcomponents%2Falert-condition-rules%2Fnew-value-condition-rule%2Fnew-value-condition-rule.component.ts%40NewValueConditionRuleComponent&t=1780289682920 @ http://c4c.localhost:4200/@vite/client:509
[44348605ms] [ERROR] TypeError: Failed to fetch dynamically imported module: http://c4c.localhost:4200/@fs/Users/peleg.katz/Desktop/cx-web-workspace/libs/alerts/common/src/lib/components/alert-condition-rules/logs-anomaly-condition-rule/@ng/component?c=%2FUsers%2Fpeleg.katz%2FDesktop%2Fcx-web-workspace%2Flibs%2Falerts%2Fcommon%2Fsrc%2Flib%2Fcomponents%2Falert-condition-rules%2Flogs-anomaly-condition-rule%2Flogs-anomaly-condition-rule.component.ts%40LogsAnomalyConditionRuleComponent&t=1780289682921 @ http://c4c.localhost:4200/@vite/client:509
[44348605ms] [ERROR] Failed to load resource: net::ERR_NETWORK_CHANGED @ http://c4c.localhost:4200/@fs/Users/peleg.katz/Desktop/cx-web-workspace/libs/integrations/src/lib/shared/components/field-details-input/field-details-input.component.ts:0
[44348605ms] [ERROR] Failed to load resource: net::ERR_NETWORK_CHANGED @ http://c4c.localhost:4200/@fs/Users/peleg.katz/Desktop/cx-web-workspace/libs/integrations/src/lib/shared/components/chips-input/chips-input.component.ts:0
[44348605ms] [ERROR] TypeError: Failed to fetch dynamically imported module: http://c4c.localhost:4200/@fs/Users/peleg.katz/Desktop/cx-web-workspace/libs/alerts/common/src/lib/components/alert-condition-rules/@ng/component?c=%2FUsers%2Fpeleg.katz%2FDesktop%2Fcx-web-workspace%2Flibs%2Falerts%2Fcommon%2Fsrc%2Flib%2Fcomponents%2Falert-condition-rules%2Falert-condition-rules.component.ts%40AlertConditionRulesComponent&t=1780289682921 @ http://c4c.localhost:4200/@vite/client:509
[44348605ms] [ERROR] TypeError: Failed to fetch dynamically imported module: http://c4c.localhost:4200/@fs/Users/peleg.katz/Desktop/cx-web-workspace/libs/alerts/common/src/lib/components/alert-queries/filter-query/@ng/component?c=%2FUsers%2Fpeleg.katz%2FDesktop%2Fcx-web-workspace%2Flibs%2Falerts%2Fcommon%2Fsrc%2Flib%2Fcomponents%2Falert-queries%2Ffilter-query%2Ffilter-query.component.ts%40FilterQueryDisplayComponent&t=1780289682922 @ http://c4c.localhost:4200/@vite/client:509
[44348605ms] [ERROR] Failed to load resource: net::ERR_NETWORK_CHANGED @ http://c4c.localhost:4200/@fs/Users/peleg.katz/Desktop/cx-web-workspace/libs/integrations/src/lib/shared/components/password-input/password-input.component.ts:0
[44348605ms] [ERROR] Failed to load resource: net::ERR_NETWORK_CHANGED @ http://c4c.localhost:4200/@fs/Users/peleg.katz/Desktop/cx-web-workspace/libs/integrations/src/lib/shared/components/collapsible-card/collapsible-card.component.ts:0
[44348605ms] [ERROR] TypeError: Failed to fetch dynamically imported module: http://c4c.localhost:4200/@fs/Users/peleg.katz/Desktop/cx-web-workspace/libs/alerts/common/src/lib/components/alert-queries/alert-query/alert-labels-filter-query/@ng/component?c=%2FUsers%2Fpeleg.katz%2FDesktop%2Fcx-web-workspace%2Flibs%2Falerts%2Fcommon%2Fsrc%2Flib%2Fcomponents%2Falert-queries%2Falert-query%2Falert-labels-filter-query%2Falert-labels-filter-query.component.ts%40AlertLabelsFilterQueryComponent&t=1780289682922 @ http://c4c.localhost:4200/@vite/client:509
[44348605ms] [ERROR] TypeError: Failed to fetch dynamically imported module: http://c4c.localhost:4200/@fs/Users/peleg.katz/Desktop/cx-web-workspace/libs/alerts/common/src/lib/components/alert-queries/alert-query/@ng/component?c=%2FUsers%2Fpeleg.katz%2FDesktop%2Fcx-web-workspace%2Flibs%2Falerts%2Fcommon%2Fsrc%2Flib%2Fcomponents%2Falert-queries%2Falert-query%2Falert-query.component.ts%40AlertQueryComponent&t=1780289682922 @ http://c4c.localhost:4200/@vite/client:509
[44348605ms] [ERROR] Failed to load resource: net::ERR_NETWORK_CHANGED @ http://c4c.localhost:4200/@fs/Users/peleg.katz/Desktop/cx-web-workspace/libs/integrations/src/lib/shared/components/collapsible-card/collapsible-card-collapsed-content.component.ts:0
[44348605ms] [ERROR] Failed to load resource: net::ERR_NETWORK_CHANGED @ http://c4c.localhost:4200/@fs/Users/peleg.katz/Desktop/cx-web-workspace/libs/integrations/src/lib/shared/components/collapsible-card/collapsible-card-header.component.ts:0
[44348606ms] [ERROR] Failed to load resource: net::ERR_NETWORK_CHANGED @ http://c4c.localhost:4200/@fs/Users/peleg.katz/Desktop/cx-web-workspace/libs/integrations/src/lib/shared/components/collapsible-card/collapsible-card-expanded-content.component.ts:0
[44348606ms] [ERROR] TypeError: Failed to fetch dynamically imported module: http://c4c.localhost:4200/@fs/Users/peleg.katz/Desktop/cx-web-workspace/libs/alerts/common/src/lib/components/alert-queries/tracing-alert-query/@ng/component?c=%2FUsers%2Fpeleg.katz%2FDesktop%2Fcx-web-workspace%2Flibs%2Falerts%2Fcommon%2Fsrc%2Flib%2Fcomponents%2Falert-queries%2Ftracing-alert-query%2Ftracing-alert-query.component.ts%40TracingAlertQueryComponent&t=1780289682923 @ http://c4c.localhost:4200/@vite/client:509
[44348606ms] [ERROR] TypeError: Failed to fetch dynamically imported module: http://c4c.localhost:4200/@fs/Users/peleg.katz/Desktop/cx-web-workspace/libs/alerts/common/src/lib/components/alert-queries/ratio-alert-query/@ng/component?c=%2FUsers%2Fpeleg.katz%2FDesktop%2Fcx-web-workspace%2Flibs%2Falerts%2Fcommon%2Fsrc%2Flib%2Fcomponents%2Falert-queries%2Fratio-alert-query%2Fratio-alert-query.component.ts%40RatioAlertQueryComponent&t=1780289682923 @ http://c4c.localhost:4200/@vite/client:509
[44348606ms] [ERROR] TypeError: Failed to fetch dynamically imported module: http://c4c.localhost:4200/@fs/Users/peleg.katz/Desktop/cx-web-workspace/libs/alerts/common/src/lib/components/alert-queries/flow-alert-query/@ng/component?c=%2FUsers%2Fpeleg.katz%2FDesktop%2Fcx-web-workspace%2Flibs%2Falerts%2Fcommon%2Fsrc%2Flib%2Fcomponents%2Falert-queries%2Fflow-alert-query%2Fflow-alert-query.component.ts%40FlowAlertQueryComponent&t=1780289682923 @ http://c4c.localhost:4200/@vite/client:509
[44348606ms] [ERROR] TypeError: Failed to fetch dynamically imported module: http://c4c.localhost:4200/@fs/Users/peleg.katz/Desktop/cx-web-workspace/libs/alerts/common/src/lib/components/alert-setting-inline/@ng/component?c=%2FUsers%2Fpeleg.katz%2FDesktop%2Fcx-web-workspace%2Flibs%2Falerts%2Fcommon%2Fsrc%2Flib%2Fcomponents%2Falert-setting-inline%2Falert-setting-inline.component.ts%40AlertSettingInlineComponent&t=1780289682924 @ http://c4c.localhost:4200/@vite/client:509
[44348606ms] [ERROR] TypeError: Failed to fetch dynamically imported module: http://c4c.localhost:4200/@fs/Users/peleg.katz/Desktop/cx-web-workspace/libs/alerts/common/src/lib/components/alert-setting-row/@ng/component?c=%2FUsers%2Fpeleg.katz%2FDesktop%2Fcx-web-workspace%2Flibs%2Falerts%2Fcommon%2Fsrc%2Flib%2Fcomponents%2Falert-setting-row%2Falert-setting-row.component.ts%40AlertSettingRowComponent&t=1780289682925 @ http://c4c.localhost:4200/@vite/client:509
[44348606ms] [ERROR] TypeError: Failed to fetch dynamically imported module: http://c4c.localhost:4200/@fs/Users/peleg.katz/Desktop/cx-web-workspace/libs/alerts/common/src/lib/components/alert-cell-renderers/priority-cell-renderer/@ng/component?c=%2FUsers%2Fpeleg.katz%2FDesktop%2Fcx-web-workspace%2Flibs%2Falerts%2Fcommon%2Fsrc%2Flib%2Fcomponents%2Falert-cell-renderers%2Fpriority-cell-renderer%2Fpriority-cell-renderer.component.ts%40PriorityCellRendererComponent&t=1780289682925 @ http://c4c.localhost:4200/@vite/client:509
[44348606ms] [ERROR] TypeError: Failed to fetch dynamically imported module: http://c4c.localhost:4200/@fs/Users/peleg.katz/Desktop/cx-web-workspace/libs/alerts/common/src/lib/components/alert-cell-renderers/status-cell-renderer/@ng/component?c=%2FUsers%2Fpeleg.katz%2FDesktop%2Fcx-web-workspace%2Flibs%2Falerts%2Fcommon%2Fsrc%2Flib%2Fcomponents%2Falert-cell-renderers%2Fstatus-cell-renderer%2Fstatus-cell-renderer.component.ts%40StatusCellRendererComponent&t=1780289682926 @ http://c4c.localhost:4200/@vite/client:509
[44348606ms] [ERROR] TypeError: Failed to fetch dynamically imported module: http://c4c.localhost:4200/@fs/Users/peleg.katz/Desktop/cx-web-workspace/libs/alerts/common/src/lib/components/alert-cell-renderers/type-cell-renderer/@ng/component?c=%2FUsers%2Fpeleg.katz%2FDesktop%2Fcx-web-workspace%2Flibs%2Falerts%2Fcommon%2Fsrc%2Flib%2Fcomponents%2Falert-cell-renderers%2Ftype-cell-renderer%2Ftype-cell-renderer.component.ts%40TypeCellRendererComponent&t=1780289682926 @ http://c4c.localhost:4200/@vite/client:509
[44348606ms] [ERROR] TypeError: Failed to fetch dynamically imported module: http://c4c.localhost:4200/@fs/Users/peleg.katz/Desktop/cx-web-workspace/libs/alerts/common/src/lib/features/alert-editor-no-data/alert-editor-no-data/@ng/component?c=%2FUsers%2Fpeleg.katz%2FDesktop%2Fcx-web-workspace%2Flibs%2Falerts%2Fcommon%2Fsrc%2Flib%2Ffeatures%2Falert-editor-no-data%2Falert-editor-no-data%2Falert-editor-no-data.component.ts%40AlertEditorNoDataComponent&t=1780289682927 @ http://c4c.localhost:4200/@vite/client:509
[44348606ms] [ERROR] TypeError: Failed to fetch dynamically imported module: http://c4c.localhost:4200/@fs/Users/peleg.katz/Desktop/cx-web-workspace/libs/alerts/common/src/lib/features/alert-editor-no-data/alert-editor-no-data-migration/@ng/component?c=%2FUsers%2Fpeleg.katz%2FDesktop%2Fcx-web-workspace%2Flibs%2Falerts%2Fcommon%2Fsrc%2Flib%2Ffeatures%2Falert-editor-no-data%2Falert-editor-no-data-migration%2Falert-editor-no-data-migration.component.ts%40AlertEditorNoDataMigrationComponent&t=1780289682928 @ http://c4c.localhost:4200/@vite/client:509
[44348606ms] [ERROR] TypeError: Failed to fetch dynamically imported module: http://c4c.localhost:4200/@fs/Users/peleg.katz/Desktop/cx-web-workspace/libs/charts/src/lib/charts/@ng/component?c=%2FUsers%2Fpeleg.katz%2FDesktop%2Fcx-web-workspace%2Flibs%2Fcharts%2Fsrc%2Flib%2Fcharts%2Fcharts.component.ts%40ChartsComponent&t=1780289682928 @ http://c4c.localhost:4200/@vite/client:509
[44348607ms] [ERROR] TypeError: Failed to fetch dynamically imported module: http://c4c.localhost:4200/@fs/Users/peleg.katz/Desktop/cx-web-workspace/libs/alerts/common/src/lib/components/metric-alert-graph-visualizer/@ng/component?c=%2FUsers%2Fpeleg.katz%2FDesktop%2Fcx-web-workspace%2Flibs%2Falerts%2Fcommon%2Fsrc%2Flib%2Fcomponents%2Fmetric-alert-graph-visualizer%2Falert-graph-visualizer.component.ts%40AlertGraphVisualizerComponent&t=1780289682929 @ http://c4c.localhost:4200/@vite/client:509
[44348607ms] [ERROR] TypeError: Failed to fetch dynamically imported module: http://c4c.localhost:4200/app/@ng/component?c=%2FUsers%2Fpeleg.katz%2FDesktop%2Fcx-web-workspace%2Fapps%2Fweb-app%2Fsrc%2Fapp%2Fapp.component.ts%40AppComponent&t=1780289682934 @ http://c4c.localhost:4200/@vite/client:509
[44348726ms] Failed to fetch dynamically imported module: http://c4c.localhost:4200/app/app.cx-providers.ts
[50728663ms] [LOG] [vite] server connection lost. Polling for restart... @ http://c4c.localhost:4200/@vite/client:968
[50734024ms] [WARNING] NG0912: Component ID generation collision detected. Components 'ListItemAddButtonComponent' and 'ListItemAddButtonComponent' with selector 'sh-list-item-add-button' generated the same component ID. To fix this, you can change the selector of one of those components or add an extra host attribute to force a different ID. Find more at https://v21.angular.dev/errors/NG0912 @ http://c4c.localhost:4200/@vite/client:509
[50734037ms] [WARNING] NG0912: Component ID generation collision detected. Components 'JsonNodeComponent' and 'JsonNodeComponent' with selector 'sh-json-node' generated the same component ID. To fix this, you can change the selector of one of those components or add an extra host attribute to force a different ID. Find more at https://v21.angular.dev/errors/NG0912 @ http://c4c.localhost:4200/@vite/client:509
[50734117ms] [WARNING] NG0912: Component ID generation collision detected. Components 'GoToCellRendererComponent' and 'GoToCellRendererComponent' with selector 'sh-go-to-cell-renderer' generated the same component ID. To fix this, you can change the selector of one of those components or add an extra host attribute to force a different ID. Find more at https://v21.angular.dev/errors/NG0912 @ http://c4c.localhost:4200/@vite/client:509
[50734230ms] [WARNING] NG0912: Component ID generation collision detected. Components 'CopyButtonComponent' and 'CopyButtonComponent' with selector 'sh-copy-button' generated the same component ID. To fix this, you can change the selector of one of those components or add an extra host attribute to force a different ID. Find more at https://v21.angular.dev/errors/NG0912 @ http://c4c.localhost:4200/@vite/client:509
[50734268ms] [WARNING] The Angular Material version (16.2.12) does not match the Angular CDK version (21.2.3).
Please ensure the versions of these two packages exactly match. @ http://c4c.localhost:4200/@vite/client:509
[50734382ms] [LOG] Angular is running in development mode. @ http://c4c.localhost:4200/@fs/Users/peleg.katz/Desktop/cx-web-workspace/node_modules/.vite/web-app-oxc/deps/core-C_tCcvTE.js?v=c8e720dd:8810
[51062289ms] [ERROR] Failed to load resource: net::ERR_NETWORK_CHANGED @ https://clientstream.launchdarkly.com/eval/63be894237c74b13583a2c37/eyJhbm9ueW1vdXMiOnRydWUsImtleSI6ImFub255bW91c1VzZXJLZXkiLCJjdXN0b20iOnsiZW52Ijoic3RhZ2luZyIsImNvbXBhbnlOYW1lIjoiYzRjIn19:0
[51062290ms] [ERROR] Failed to load resource: net::ERR_NETWORK_CHANGED @ https://events.launchdarkly.com/events/bulk/63be894237c74b13583a2c37:0
[53667627ms] [ERROR] Failed to load resource: net::ERR_INTERNET_DISCONNECTED @ https://clientstream.launchdarkly.com/eval/63be894237c74b13583a2c37/eyJhbm9ueW1vdXMiOnRydWUsImtleSI6ImFub255bW91c1VzZXJLZXkiLCJjdXN0b20iOnsiZW52Ijoic3RhZ2luZyIsImNvbXBhbnlOYW1lIjoiYzRjIn19:0
[53667628ms] [ERROR] Failed to load resource: net::ERR_INTERNET_DISCONNECTED @ https://events.launchdarkly.com/events/bulk/63be894237c74b13583a2c37:0
[54344867ms] [ERROR] Failed to load resource: net::ERR_INTERNET_DISCONNECTED @ https://clientstream.launchdarkly.com/eval/63be894237c74b13583a2c37/eyJhbm9ueW1vdXMiOnRydWUsImtleSI6ImFub255bW91c1VzZXJLZXkiLCJjdXN0b20iOnsiZW52Ijoic3RhZ2luZyIsImNvbXBhbnlOYW1lIjoiYzRjIn19:0
[54852422ms] [LOG] [vite] server connection lost. Polling for restart... @ http://c4c.localhost:4200/@vite/client:968
[54852425ms] [ERROR] Failed to load resource: net::ERR_NETWORK_IO_SUSPENDED @ https://clientstream.launchdarkly.com/eval/63be894237c74b13583a2c37/eyJhbm9ueW1vdXMiOnRydWUsImtleSI6ImFub255bW91c1VzZXJLZXkiLCJjdXN0b20iOnsiZW52Ijoic3RhZ2luZyIsImNvbXBhbnlOYW1lIjoiYzRjIn19:0
[54855870ms] [WARNING] NG0912: Component ID generation collision detected. Components 'ListItemAddButtonComponent' and 'ListItemAddButtonComponent' with selector 'sh-list-item-add-button' generated the same component ID. To fix this, you can change the selector of one of those components or add an extra host attribute to force a different ID. Find more at https://v21.angular.dev/errors/NG0912 @ http://c4c.localhost:4200/@vite/client:509
[54855880ms] [WARNING] NG0912: Component ID generation collision detected. Components 'JsonNodeComponent' and 'JsonNodeComponent' with selector 'sh-json-node' generated the same component ID. To fix this, you can change the selector of one of those components or add an extra host attribute to force a different ID. Find more at https://v21.angular.dev/errors/NG0912 @ http://c4c.localhost:4200/@vite/client:509
[54855933ms] [WARNING] NG0912: Component ID generation collision detected. Components 'GoToCellRendererComponent' and 'GoToCellRendererComponent' with selector 'sh-go-to-cell-renderer' generated the same component ID. To fix this, you can change the selector of one of those components or add an extra host attribute to force a different ID. Find more at https://v21.angular.dev/errors/NG0912 @ http://c4c.localhost:4200/@vite/client:509
[54856045ms] [WARNING] NG0912: Component ID generation collision detected. Components 'CopyButtonComponent' and 'CopyButtonComponent' with selector 'sh-copy-button' generated the same component ID. To fix this, you can change the selector of one of those components or add an extra host attribute to force a different ID. Find more at https://v21.angular.dev/errors/NG0912 @ http://c4c.localhost:4200/@vite/client:509
[54856091ms] [WARNING] The Angular Material version (16.2.12) does not match the Angular CDK version (21.2.3).
Please ensure the versions of these two packages exactly match. @ http://c4c.localhost:4200/@vite/client:509
[54856958ms] [LOG] Angular is running in development mode. @ http://c4c.localhost:4200/@fs/Users/peleg.katz/Desktop/cx-web-workspace/node_modules/.vite/web-app-oxc/deps/core-C_tCcvTE.js?v=c8e720dd:8810
[55820900ms] [ERROR] Failed to load resource: net::ERR_NETWORK_CHANGED @ https://api.app.staging.coralogix.net/api/v2/company/saml/c4c:0
[55820902ms] [ERROR] Failed to load resource: net::ERR_NETWORK_CHANGED @ https://api.app.staging.coralogix.net/api/v1/company/saml/c4c:0
[55820903ms] [ERROR] cx-olly does not exist at Launchdarkly, make sure to add it or remove relative code @ http://c4c.localhost:4200/@vite/client:509
[55820903ms] [ERROR] grpc-interceptor-tool does not exist at Launchdarkly, make sure to add it or remove relative code @ http://c4c.localhost:4200/@vite/client:509
[55820903ms] [ERROR] cx-olly does not exist at Launchdarkly, make sure to add it or remove relative code @ http://c4c.localhost:4200/@vite/client:509
[55820903ms] [ERROR] grpc-interceptor-tool does not exist at Launchdarkly, make sure to add it or remove relative code @ http://c4c.localhost:4200/@vite/client:509
[55820903ms] [ERROR] Failed to initialize feature flags @ http://c4c.localhost:4200/@vite/client:509
[55820903ms] [ERROR] Failed to load resource: net::ERR_NETWORK_CHANGED @ https://app.launchdarkly.com/sdk/evalx/63be894237c74b13583a2c37/contexts/eyJhbm9ueW1vdXMiOnRydWUsImtleSI6ImFub255bW91c1VzZXJLZXkiLCJjdXN0b20iOnsiZW52Ijoic3RhZ2luZyIsImNvbXBhbnlOYW1lIjoiYzRjIn19:0
[55820904ms] [ERROR] Failed to load resource: net::ERR_NETWORK_CHANGED @ https://app.launchdarkly.com/sdk/goals/63be894237c74b13583a2c37:0
[55820904ms] [ERROR] Failed to load resource: net::ERR_NETWORK_CHANGED @ https://js.stripe.com/v3:0
[55820904ms] [WARNING] Error: Failed to load Stripe.js
    at HTMLScriptElement.<anonymous> (http://c4c.localhost:4200/@fs/Users/peleg.katz/Desktop/cx-web-workspace/node_modules/.vite/web-app-oxc/deps/@stripe_stripe-js.js?v=c8e720dd:36:26)
    at _ZoneDelegate.invokeTask (http://c4c.localhost:4200/@fs/Users/peleg.katz/Desktop/cx-web-workspace/node_modules/.vite/web-app-oxc/deps/zone__js.js?v=c8e720dd:290:168)
    at ZoneImpl.runTask (http://c4c.localhost:4200/@fs/Users/peleg.katz/Desktop/cx-web-workspace/node_modules/.vite/web-app-oxc/deps/zone__js.js?v=c8e720dd:127:32)
    at ZoneTask.invokeTask [as invoke] (http://c4c.localhost:4200/@fs/Users/peleg.katz/Desktop/cx-web-workspace/node_modules/.vite/web-app-oxc/deps/zone__js.js?v=c8e720dd:348:22)
    at invokeTask (http://c4c.localhost:4200/@fs/Users/peleg.katz/Desktop/cx-web-workspace/node_modules/.vite/web-app-oxc/deps/zone__js.js?v=c8e720dd:773:9)
    at globalCallback (http://c4c.localhost:4200/@fs/Users/peleg.katz/Desktop/cx-web-workspace/node_modules/.vite/web-app-oxc/deps/zone__js.js?v=c8e720dd:792:17)
    at HTMLScriptElement.globalZoneAwareCallback (http://c4c.localhost:4200/@fs/Users/peleg.katz/Desktop/cx-web-workspace/node_modules/.vite/web-app-oxc/deps/zone__js.js?v=c8e720dd:812:10) @ http://c4c.localhost:4200/@vite/client:509
[55828247ms] [ERROR] Failed to load resource: net::ERR_NETWORK_CHANGED @ https://events.launchdarkly.com/events/bulk/63be894237c74b13583a2c37:0
[55828249ms] [ERROR] Failed to load resource: net::ERR_NETWORK_CHANGED @ https://events.launchdarkly.com/events/diagnostic/63be894237c74b13583a2c37:0
[55857605ms] [LOG] [vite] server connection lost. Polling for restart... @ http://c4c.localhost:4200/@vite/client:968
[55860751ms] [WARNING] NG0912: Component ID generation collision detected. Components 'ListItemAddButtonComponent' and 'ListItemAddButtonComponent' with selector 'sh-list-item-add-button' generated the same component ID. To fix this, you can change the selector of one of those components or add an extra host attribute to force a different ID. Find more at https://v21.angular.dev/errors/NG0912 @ http://c4c.localhost:4200/@vite/client:509
[55860760ms] [WARNING] NG0912: Component ID generation collision detected. Components 'JsonNodeComponent' and 'JsonNodeComponent' with selector 'sh-json-node' generated the same component ID. To fix this, you can change the selector of one of those components or add an extra host attribute to force a different ID. Find more at https://v21.angular.dev/errors/NG0912 @ http://c4c.localhost:4200/@vite/client:509
[55860805ms] [WARNING] NG0912: Component ID generation collision detected. Components 'GoToCellRendererComponent' and 'GoToCellRendererComponent' with selector 'sh-go-to-cell-renderer' generated the same component ID. To fix this, you can change the selector of one of those components or add an extra host attribute to force a different ID. Find more at https://v21.angular.dev/errors/NG0912 @ http://c4c.localhost:4200/@vite/client:509
[55860873ms] [WARNING] NG0912: Component ID generation collision detected. Components 'CopyButtonComponent' and 'CopyButtonComponent' with selector 'sh-copy-button' generated the same component ID. To fix this, you can change the selector of one of those components or add an extra host attribute to force a different ID. Find more at https://v21.angular.dev/errors/NG0912 @ http://c4c.localhost:4200/@vite/client:509
[55860897ms] [WARNING] The Angular Material version (16.2.12) does not match the Angular CDK version (21.2.3).
Please ensure the versions of these two packages exactly match. @ http://c4c.localhost:4200/@vite/client:509
[55861035ms] [LOG] Angular is running in development mode. @ http://c4c.localhost:4200/@fs/Users/peleg.katz/Desktop/cx-web-workspace/node_modules/.vite/web-app-oxc/deps/core-C_tCcvTE.js?v=c8e720dd:8810
[56675053ms] [ERROR] Failed to load resource: net::ERR_TIMED_OUT @ https://m.stripe.com/6:0
[70545119ms] [LOG] [vite] server connection lost. Polling for restart... @ http://c4c.localhost:4200/@vite/client:968
[70545123ms] [ERROR] Failed to load resource: net::ERR_NETWORK_IO_SUSPENDED @ https://clientstream.launchdarkly.com/eval/63be894237c74b13583a2c37/eyJhbm9ueW1vdXMiOnRydWUsImtleSI6ImFub255bW91c1VzZXJLZXkiLCJjdXN0b20iOnsiZW52Ijoic3RhZ2luZyIsImNvbXBhbnlOYW1lIjoiYzRjIn19:0
[70548085ms] [WARNING] NG0912: Component ID generation collision detected. Components 'ListItemAddButtonComponent' and 'ListItemAddButtonComponent' with selector 'sh-list-item-add-button' generated the same component ID. To fix this, you can change the selector of one of those components or add an extra host attribute to force a different ID. Find more at https://v21.angular.dev/errors/NG0912 @ http://c4c.localhost:4200/@vite/client:509
[70548095ms] [WARNING] NG0912: Component ID generation collision detected. Components 'JsonNodeComponent' and 'JsonNodeComponent' with selector 'sh-json-node' generated the same component ID. To fix this, you can change the selector of one of those components or add an extra host attribute to force a different ID. Find more at https://v21.angular.dev/errors/NG0912 @ http://c4c.localhost:4200/@vite/client:509
[70548140ms] [WARNING] NG0912: Component ID generation collision detected. Components 'GoToCellRendererComponent' and 'GoToCellRendererComponent' with selector 'sh-go-to-cell-renderer' generated the same component ID. To fix this, you can change the selector of one of those components or add an extra host attribute to force a different ID. Find more at https://v21.angular.dev/errors/NG0912 @ http://c4c.localhost:4200/@vite/client:509
[70548208ms] [WARNING] NG0912: Component ID generation collision detected. Components 'CopyButtonComponent' and 'CopyButtonComponent' with selector 'sh-copy-button' generated the same component ID. To fix this, you can change the selector of one of those components or add an extra host attribute to force a different ID. Find more at https://v21.angular.dev/errors/NG0912 @ http://c4c.localhost:4200/@vite/client:509
[70548233ms] [WARNING] The Angular Material version (16.2.12) does not match the Angular CDK version (21.2.3).
Please ensure the versions of these two packages exactly match. @ http://c4c.localhost:4200/@vite/client:509
[70548339ms] [LOG] Angular is running in development mode. @ http://c4c.localhost:4200/@fs/Users/peleg.katz/Desktop/cx-web-workspace/node_modules/.vite/web-app-oxc/deps/core-C_tCcvTE.js?v=c8e720dd:8810
[74424357ms] [ERROR] Failed to load resource: net::ERR_NETWORK_CHANGED @ https://clientstream.launchdarkly.com/eval/63be894237c74b13583a2c37/eyJhbm9ueW1vdXMiOnRydWUsImtleSI6ImFub255bW91c1VzZXJLZXkiLCJjdXN0b20iOnsiZW52Ijoic3RhZ2luZyIsImNvbXBhbnlOYW1lIjoiYzRjIn19:0
[74868395ms] [LOG] [vite] server connection lost. Polling for restart... @ http://c4c.localhost:4200/@vite/client:968
[74868410ms] [ERROR] Failed to load resource: net::ERR_NETWORK_IO_SUSPENDED @ https://clientstream.launchdarkly.com/eval/63be894237c74b13583a2c37/eyJhbm9ueW1vdXMiOnRydWUsImtleSI6ImFub255bW91c1VzZXJLZXkiLCJjdXN0b20iOnsiZW52Ijoic3RhZ2luZyIsImNvbXBhbnlOYW1lIjoiYzRjIn19:0
[74871327ms] [WARNING] NG0912: Component ID generation collision detected. Components 'ListItemAddButtonComponent' and 'ListItemAddButtonComponent' with selector 'sh-list-item-add-button' generated the same component ID. To fix this, you can change the selector of one of those components or add an extra host attribute to force a different ID. Find more at https://v21.angular.dev/errors/NG0912 @ http://c4c.localhost:4200/@vite/client:509
[74871336ms] [WARNING] NG0912: Component ID generation collision detected. Components 'JsonNodeComponent' and 'JsonNodeComponent' with selector 'sh-json-node' generated the same component ID. To fix this, you can change the selector of one of those components or add an extra host attribute to force a different ID. Find more at https://v21.angular.dev/errors/NG0912 @ http://c4c.localhost:4200/@vite/client:509
[74871386ms] [WARNING] NG0912: Component ID generation collision detected. Components 'GoToCellRendererComponent' and 'GoToCellRendererComponent' with selector 'sh-go-to-cell-renderer' generated the same component ID. To fix this, you can change the selector of one of those components or add an extra host attribute to force a different ID. Find more at https://v21.angular.dev/errors/NG0912 @ http://c4c.localhost:4200/@vite/client:509
[74871475ms] [WARNING] NG0912: Component ID generation collision detected. Components 'CopyButtonComponent' and 'CopyButtonComponent' with selector 'sh-copy-button' generated the same component ID. To fix this, you can change the selector of one of those components or add an extra host attribute to force a different ID. Find more at https://v21.angular.dev/errors/NG0912 @ http://c4c.localhost:4200/@vite/client:509
[74871499ms] [WARNING] The Angular Material version (16.2.12) does not match the Angular CDK version (21.2.3).
Please ensure the versions of these two packages exactly match. @ http://c4c.localhost:4200/@vite/client:509
[74871600ms] [LOG] Angular is running in development mode. @ http://c4c.localhost:4200/@fs/Users/peleg.katz/Desktop/cx-web-workspace/node_modules/.vite/web-app-oxc/deps/core-C_tCcvTE.js?v=c8e720dd:8810
[77257015ms] [LOG] [vite] server connection lost. Polling for restart... @ http://c4c.localhost:4200/@vite/client:968
[77257016ms] [ERROR] Failed to load resource: net::ERR_NETWORK_IO_SUSPENDED @ https://clientstream.launchdarkly.com/eval/63be894237c74b13583a2c37/eyJhbm9ueW1vdXMiOnRydWUsImtleSI6ImFub255bW91c1VzZXJLZXkiLCJjdXN0b20iOnsiZW52Ijoic3RhZ2luZyIsImNvbXBhbnlOYW1lIjoiYzRjIn19:0
[77260015ms] [WARNING] NG0912: Component ID generation collision detected. Components 'ListItemAddButtonComponent' and 'ListItemAddButtonComponent' with selector 'sh-list-item-add-button' generated the same component ID. To fix this, you can change the selector of one of those components or add an extra host attribute to force a different ID. Find more at https://v21.angular.dev/errors/NG0912 @ http://c4c.localhost:4200/@vite/client:509
[77260025ms] [WARNING] NG0912: Component ID generation collision detected. Components 'JsonNodeComponent' and 'JsonNodeComponent' with selector 'sh-json-node' generated the same component ID. To fix this, you can change the selector of one of those components or add an extra host attribute to force a different ID. Find more at https://v21.angular.dev/errors/NG0912 @ http://c4c.localhost:4200/@vite/client:509
[77260070ms] [WARNING] NG0912: Component ID generation collision detected. Components 'GoToCellRendererComponent' and 'GoToCellRendererComponent' with selector 'sh-go-to-cell-renderer' generated the same component ID. To fix this, you can change the selector of one of those components or add an extra host attribute to force a different ID. Find more at https://v21.angular.dev/errors/NG0912 @ http://c4c.localhost:4200/@vite/client:509
[77260137ms] [WARNING] NG0912: Component ID generation collision detected. Components 'CopyButtonComponent' and 'CopyButtonComponent' with selector 'sh-copy-button' generated the same component ID. To fix this, you can change the selector of one of those components or add an extra host attribute to force a different ID. Find more at https://v21.angular.dev/errors/NG0912 @ http://c4c.localhost:4200/@vite/client:509
[77260160ms] [WARNING] The Angular Material version (16.2.12) does not match the Angular CDK version (21.2.3).
Please ensure the versions of these two packages exactly match. @ http://c4c.localhost:4200/@vite/client:509
[77260267ms] [LOG] Angular is running in development mode. @ http://c4c.localhost:4200/@fs/Users/peleg.katz/Desktop/cx-web-workspace/node_modules/.vite/web-app-oxc/deps/core-C_tCcvTE.js?v=c8e720dd:8810
[68270226ms] [LOG] [vite] server connection lost. Polling for restart... @ http://c4c.localhost:4200/@vite/client:968
[68270228ms] [ERROR] Failed to load resource: net::ERR_NETWORK_IO_SUSPENDED @ https://clientstream.launchdarkly.com/eval/63be894237c74b13583a2c37/eyJhbm9ueW1vdXMiOnRydWUsImtleSI6ImFub255bW91c1VzZXJLZXkiLCJjdXN0b20iOnsiZW52Ijoic3RhZ2luZyIsImNvbXBhbnlOYW1lIjoiYzRjIn19:0
[68273478ms] [WARNING] NG0912: Component ID generation collision detected. Components 'ListItemAddButtonComponent' and 'ListItemAddButtonComponent' with selector 'sh-list-item-add-button' generated the same component ID. To fix this, you can change the selector of one of those components or add an extra host attribute to force a different ID. Find more at https://v21.angular.dev/errors/NG0912 @ http://c4c.localhost:4200/@vite/client:509
[68273488ms] [WARNING] NG0912: Component ID generation collision detected. Components 'JsonNodeComponent' and 'JsonNodeComponent' with selector 'sh-json-node' generated the same component ID. To fix this, you can change the selector of one of those components or add an extra host attribute to force a different ID. Find more at https://v21.angular.dev/errors/NG0912 @ http://c4c.localhost:4200/@vite/client:509
[68273543ms] [WARNING] NG0912: Component ID generation collision detected. Components 'GoToCellRendererComponent' and 'GoToCellRendererComponent' with selector 'sh-go-to-cell-renderer' generated the same component ID. To fix this, you can change the selector of one of those components or add an extra host attribute to force a different ID. Find more at https://v21.angular.dev/errors/NG0912 @ http://c4c.localhost:4200/@vite/client:509
[68273622ms] [WARNING] NG0912: Component ID generation collision detected. Components 'CopyButtonComponent' and 'CopyButtonComponent' with selector 'sh-copy-button' generated the same component ID. To fix this, you can change the selector of one of those components or add an extra host attribute to force a different ID. Find more at https://v21.angular.dev/errors/NG0912 @ http://c4c.localhost:4200/@vite/client:509
[68273650ms] [WARNING] The Angular Material version (16.2.12) does not match the Angular CDK version (21.2.3).
Please ensure the versions of these two packages exactly match. @ http://c4c.localhost:4200/@vite/client:509
[68273760ms] [LOG] Angular is running in development mode. @ http://c4c.localhost:4200/@fs/Users/peleg.katz/Desktop/cx-web-workspace/node_modules/.vite/web-app-oxc/deps/core-C_tCcvTE.js?v=c8e720dd:8810
[68326066ms] [ERROR] Failed to load resource: net::ERR_NETWORK_IO_SUSPENDED @ https://m.stripe.com/6:0
[68326072ms] [LOG] [vite] server connection lost. Polling for restart... @ http://c4c.localhost:4200/@vite/client:968
[68326077ms] [ERROR] Failed to load resource: net::ERR_NETWORK_IO_SUSPENDED @ https://clientstream.launchdarkly.com/eval/63be894237c74b13583a2c37/eyJhbm9ueW1vdXMiOnRydWUsImtleSI6ImFub255bW91c1VzZXJLZXkiLCJjdXN0b20iOnsiZW52Ijoic3RhZ2luZyIsImNvbXBhbnlOYW1lIjoiYzRjIn19:0
[68328291ms] [WARNING] NG0912: Component ID generation collision detected. Components 'ListItemAddButtonComponent' and 'ListItemAddButtonComponent' with selector 'sh-list-item-add-button' generated the same component ID. To fix this, you can change the selector of one of those components or add an extra host attribute to force a different ID. Find more at https://v21.angular.dev/errors/NG0912 @ http://c4c.localhost:4200/@vite/client:509
[68328298ms] [WARNING] NG0912: Component ID generation collision detected. Components 'JsonNodeComponent' and 'JsonNodeComponent' with selector 'sh-json-node' generated the same component ID. To fix this, you can change the selector of one of those components or add an extra host attribute to force a different ID. Find more at https://v21.angular.dev/errors/NG0912 @ http://c4c.localhost:4200/@vite/client:509
[68328337ms] [WARNING] NG0912: Component ID generation collision detected. Components 'GoToCellRendererComponent' and 'GoToCellRendererComponent' with selector 'sh-go-to-cell-renderer' generated the same component ID. To fix this, you can change the selector of one of those components or add an extra host attribute to force a different ID. Find more at https://v21.angular.dev/errors/NG0912 @ http://c4c.localhost:4200/@vite/client:509
[68328394ms] [WARNING] NG0912: Component ID generation collision detected. Components 'CopyButtonComponent' and 'CopyButtonComponent' with selector 'sh-copy-button' generated the same component ID. To fix this, you can change the selector of one of those components or add an extra host attribute to force a different ID. Find more at https://v21.angular.dev/errors/NG0912 @ http://c4c.localhost:4200/@vite/client:509
[68328414ms] [WARNING] The Angular Material version (16.2.12) does not match the Angular CDK version (21.2.3).
Please ensure the versions of these two packages exactly match. @ http://c4c.localhost:4200/@vite/client:509
[68328551ms] [LOG] Angular is running in development mode. @ http://c4c.localhost:4200/@fs/Users/peleg.katz/Desktop/cx-web-workspace/node_modules/.vite/web-app-oxc/deps/core-C_tCcvTE.js?v=c8e720dd:8810
